:020000022000DC
:10700000406000200D54030033430400F953030093
:10701000F9530300F9530300F95303000000000083
:10702000000000000000000000000000E954030020
:10703000F953030000000000DD560300F95303007C
:1070400055570300F77804005557030055570300C0
:107050005557030055570300555703005557030074
:107060000D79040055570300555703002379040098
:107070005557030055570300555703005557030054
:107080005557030055570300555703005557030044
:107090005557030055570300555703005557030034
:1070A0005557030055570300555703005557030024
:1070B0005557030055570300555703005557030014
:1070C0005557030055570300555703005557030004
:1070D00055570300555703005557030055570300F4
:1070E00055570300555703005557030055570300E4
:1070F00055570300555703005557030055570300D4
:10710000064B074A5B7802604FF426728280C37197
:107110000822002382710372704700BFC00A00205A
:107120002D2E0300064B074A5B7A02604FF49C72D7
:107130008280C3710822FF2382710372704700BFEF
:10714000C00A00205B290300F8B5C41D002824F004
:107150000704054614BF2046002000F053FA071E1E
:1071600002DA6FF00B00F8BD254EB1887088F37914
:10717000B2790331033089B280B209F036FD0028BC
:10718000EFDB737831783C4403341944002D24F04C
:10719000030400FB01F114BF2046002000F0B8FBFF
:1071A00023180DB9002BDCDB717A184679B1033353
:1071B000002D23F0030414BF20460020728900F044
:1071C00019FC0028CDDB20440DB90028C9DB317A39
:1071D00091B1737A83B1C41D002D24F0070414BF4C
:1071E0002046002002F076FE0028BADB0DB1002018
:1071F000B9E72018B7D5B4E7002DF8D1B3E700BF41
:10720000C00A00201FB572B6194BDD68EDB9BFF397
:107210004F8F1849184BCA6802F4E0621343CB60E1
:10722000BFF34F8F00BFFDE72346B2FBF6F25C1CB5
:10723000002AF9D104AEDCB256FA83F303F80C2C21
:107240000A2234B901A8A847E1E7024600230A262A
:10725000EDE7631E04AEDCB256FA83F3B0FBF2F640
:1072600002FB1600303003F80C0C3046E9E700BF93
:10727000C00A002000ED00E00400FA0507B50A4B43
:10728000DA88ADF8002068469A885B88ADF804205B
:10729000ADF8023001F072FC18B1FA219C20FFF722
:1072A000B1FF03B05DF804FBC00A002010B504462E
:1072B00028B308F07DFD10B94FF0FF3010BD06F087
:1072C0001BFDB0F5FA7FF7D80E4B00221A744FF46D
:1072D00080721A801B225A809A8040F20322DA8040
:1072E0004FF484721A811F22DC605A81EFF31084FC
:1072F00072B600F0DDFB04B962B60020DEE76FF085
:107300001500DBE7C00A002010B5002840D1234C4F
:10731000237C032B39D059B1002A3CD002390529EE
:1073200036D8DFE801F0031227352A2D1378637071
:107330000020FFF709FF0028B7BF012302232374B1
:107340006FF00B00A8BF237410BD13791BB35379E2
:107350000BB31188FB291ED853881B3B9BB2E02B33
:1073600019D81A2917D91368C4F802300C4B92881F
:107370009A80DDE713786372DAE713886381D7E7D1
:107380001388FF2B07D82372D2E74FF0FF30DBE7DB
:107390006FF02C00D8E76FF01500D5E7C00A002089
:1073A000C20A0020F8B50D46064620B319B311F005
:1073B000070420D1114F3B7C012B02D16FF00B0051
:1073C000F8BD032B02D14FF0FF30F9E700F0ACFB22
:1073D0000028F8D02846FFF7B7FE0028EEDB0BF0B8
:1073E0007CFD3046214601F03DFCFFF747FF0323BB
:1073F0003B742046E4E76FF01500E1E7C00A002087
:1074000010B5064C237C032B03D101F041FC02F0A4
:107410002DF809F0F4FC0020207410BDC00A0020F3
:1074200008B501F0EBFBBDE808400249012000F07F
:10743000E1B800BF2571020008B501F0F3FBBDE81B
:1074400008400249002000F0D5B800BF01710200D9
:10745000074B4FF0FF3141F6FF72C3E900120549B7
:107460000022C1E900221F21C3E90212704700BFB8
:1074700000000020D40A00203F280CD801380B4B14
:10748000C0F3421200F01F0053F8223023FA00F03C
:1074900000F001007047FF2806D04038C0F34212C8
:1074A000034B00F01F00EFE70120704700000020B1
:1074B000D40A00200146074B006849681A4603C2F7
:1074C00040F48C221A6041F0107242F4FF625A605C
:1074D00000207047000000200246034B00685168FE
:1074E00003C30020704700BFD40A00200246034BAC
:1074F0000068516803C30020704700BF08000020E7
:107500000138064BC0F3421203EB820300F01F0068
:107510009B6823FA00F000F0010070470000002093
:10752000F0B50C88C37C0288A5B2C4F30E0404F144
:1075300018060233865B1A44334497B213FA82F377
:10754000013B4288B3FBF7F313FB07439BB29A421C
:10755000044A93BF22EA05032A4013439BB20B80DF
:10756000F0BD00BF0080FFFF4A1E062A08B5034693
:10757000084604D84FF4D1711520FFF743FE094A9D
:10758000914202D940F2A311F6E711B903B1196093
:1075900008BD2BB11B680022C3E901211A1D1A6026
:1075A0000430F5E7FAFFFF7F10B5114B00EB410403
:1075B0001A786389B3FBF2F303FB0223013A1A44FE
:1075C000B2F5706F0279807828BF00231A440B1837
:1075D000B2FBF0F100FB11215B1AB3FBF0F100FBF1
:1075E000113313446FEA43436FEA5343638110BD81
:1075F000DC0A0020024B03EB80035960704700BF98
:10760000DC0A00202DE9F04F10F0070A85B005468E
:1076100004D040F26F111720FFF7F4FD534F07F12C
:107620000C06B1460446B04657F8043B8DF80BA053
:107630003BB101A898479DF80A30082B01D9F521E4
:10764000E9E79DF80B1041BB05B131604F4506F1EC
:107650000406E9D1002D70D0DFF81491002289F8DA
:1076600000209646022758F827A0013FBAF1000FE4
:1076700056D09AF804609AF802C0FF2E61D03946BD
:107680000023481C39D19C44BCF1FF0F40D90AB1FA
:1076900089F800E04FF49A71BDE79DF80AC0604692
:1076A000022838BF02204B1D5A0004EB4303441E3E
:1076B0002344BDF808406444013CCCF1000C04EACA
:1076C0000C044042B4F5803F03EA000302D340F2C9
:1076D0000511A0E775B19A1A0120326091701480EB
:1076E000D0709DF80C001071019810814FEA104C79
:1076F000A2F806C004FB0134A8E758F8210028B11D
:1077000090F804B0B34504BF80781B180139B8E77E
:10771000DBB2E6458AF804303CBF5FFA8CFE0122FA
:107720007B1CA0D10AB189F800E0022640F6FF6A6E
:1077300058F82670B7B9013EFAD2601B05B0BDE813
:10774000F08F0023E5E707EB41033846A3F80AA0D2
:10775000FFF72AFF09F10109BB785FFA89F18B4233
:10776000F1D8E8E74FF00009F6E700BFE00A002093
:10777000DC0A002038B54FF6FF730380184B03EB8B
:10778000810302461869A8B184780379B3FBF4F148
:1077900004FB1133DBB2194600EB4105B5F90A5081
:1077A000002D0EDB0131B1FBF4F504FB1511C9B25C
:1077B0008B42F1D1002038BD6381BDE8384009F02B
:1077C000F0B900EB41046389C3F30E031380C27860
:1077D000002AF1D14FF4E5711720FFF713FD00BF28
:1077E000DC0A00201C4B03EB810370B51C690546C5
:1077F00044B3030404D54FF4EC711720FFF702FDE6
:107800000146204609F0AFF9FF28014604D0204682
:10781000BDE8704009F0C5B9A078B5FBF0F300FBF6
:107820001353DBB219460A1D04EB4206B6F9026097
:10783000002E09DB0131B1FBF0F200FB1211C9B2DD
:107840008B42F0D1002070BD8B4201D00023E37049
:1078500004EB42025580DAE7DC0A0020094B03EB17
:10786000810310B51C690146204609F07CF9FF2808
:10787000014604D02046BDE8104009F092B900202E
:1078800010BD00BFDC0A0020F8B5104B03EB8103EC
:1078900007461C690146204609F065F9FF280546A0
:1078A00011D0E288238953EA024606D001462046D9
:1078B00009F077F901463846B04720462946FFF7D8
:1078C00073FE0020F8BD0520FCE700BFDC0A0020A5
:1078D00038B50E4B827903EB82030446186908B968
:1078E000052038BD8278E1799142F9D24B1CE371D1
:1078F00000EB41035D89B3F90A30002BF3DBA5806F
:1079000009F04FF920600020EBE700BFDC0A0020FF
:1079100070B5044610F003000E4603D04E21182027
:10792000FFF770FCFFF720FE054624B103483146FF
:107930000460FFF719FE284670BD00BFF80A00205A
:107940002DE9F14FDFF870B09DF828A09DF82C903C
:107950001E46DBF8003007460D4690461BB96021F5
:107960001820FFF74FFC52460921404608F080FFDF
:107970004A4684B20921304608F07AFF14FA80F1B1
:10798000DBF8000009F0C3F8386018B9286001B0CE
:10799000BDE8F08F04442C60386853464146092204
:1079A00008F029FF28684B460922314601B0BDE89E
:1079B000F04F08F020BF00BFF80A002070B50E4657
:1079C000044608F068FF0546304608F064FF044BA3
:1079D0002A1821461868BDE8704009F0BDB800BFFC
:1079E000F80A0020024B186808B109F084B8704703
:1079F000F80A00201F2AF8B5044626D804200323DD
:107A0000134D12FB003254B1A30703D068210920A3
:107A1000FFF7F8FB22F0030329706C602B8122F042
:107A200003022823120403FB01F001276B68120CE8
:107A30000025EEB2B14200D8F8BD14B126181F706F
:107A40005E60104401352833F3E74FF0FF30F3E771
:107A5000FC0A002070B5154A157853680021C8B299
:107A6000854203D8BA210920FFF7CCFB1C461846F3
:107A700014F8286B01310EB92346F0E70021997004
:107A8000128999610124D96159685C70920803F1E7
:107A90001E0403F1260524F8022FAC4243F8041F0C
:107AA0001144F8D100234361037070BDFC0A00202B
:107AB000134B012200214FF0FF309A60C3F80012EF
:107AC000C3F80803C3F80015C3F804259A60C3F887
:107AD0000803C3F80015C3F804250A490A4A03F548
:107AE00080334FF40040C3F80825C1F88000BFF38D
:107AF0004F8FBFF36F8FC1F88001C3F8082570471F
:107B000000F0004000E100E00000F63F024B026898
:107B10001A600020704700BF080B0020014B1B6853
:107B2000184700BF080B0020024B1868003818BF28
:107B300001207047080B00200A468F2302F8033B00
:107B40000448C368C1F80330036953604369936014
:107B5000704700BF0C0B0020024B5A8C02435A8422
:107B60005B6A18470C0B0020014B00215B6A184729
:107B70000C0B002010B5154C05F010F905F00CFBAE
:107B8000208DFFF7F1FF237E63B12246104952F8A2
:107B90000C3BE3606368536004F11900A3689360D1
:107BA0000AF0C8F8218DE06A02F0C8F9E36AB3F878
:107BB000AA0002F045F9636B94F8301094F8310094
:107BC0009847002384F8383010BD00BF0C0B00200C
:107BD000397B0200034B93F838300BB1FFF7CABF73
:107BE000704700BF0C0B002070B5184CE66AE36CC0
:107BF000E3634FF481730546A4F8403094F85000D5
:107C0000337D96F8151100EB83002DB9FF2803D1C1
:107C100096F814318B4201D004F038FE337D73B1F5
:107C2000606D05F011F8616DE06B05F091FA15B922
:107C3000284605F05DF8022384F8383070BDE06B0B
:107C400005F002F805F0A8FAF1E700BF0C0B0020E0
:107C5000F0B590F86D40134A0B46012CD1E91E6730
:107C600092F8502087B001F1800103F190034FF0AA
:107C7000010006D0022C13D040F225410620FFF768
:107C8000C1FA00240025CDE9013205900090CDE92C
:107C9000034532463B46012005F0B8F907B0F0BD78
:107CA0000446EFE70C0B002008B5094B93F8382089
:107CB000022A04D040F257312720FFF7A3FADA7ADC
:107CC00042F00102DA72BDE80840FFF753BF00BF7F
:107CD0000C0B002070B50F4DAE6D3478C90001F06B
:107CE000080104F0F30492000C4302F00402144370
:107CF0001B0103F0100304F0EC041C4300F003002C
:107D000004433470B5F8643073700223A5F85C3016
:107D100070BD00BF0C0B0020F7B5184CA56E0646D1
:107D20000DB1636C23B940F6C4012720FFF76AFA4E
:107D3000B4F848306B702B782F4601F0030123F024
:107D400003030B4307F8033BB4F84820616C384643
:107D500008F0D4FA0DF1020201A9E06EE563676450
:107D600008F0BFFE019808F0AAFEB4F84810306091
:107D70000122E06E08F052FE03B0F0BD0C0B0020B3
:107D80002DE9F0412C4C94F83830012B06460F4673
:107D90005FFA83F804D040F60C112720FFF732FA7F
:107DA000E56A2B7933B1002129710420FFF7D4FE55
:107DB00085F805802B7A052B0AD120490220FFF790
:107DC000CBFE236E1B78991E4B424B4184F87030DA
:107DD0001EB1BDE8F041FFF7CDBE002FF9D0636FB3
:107DE000304698470028F4D094F83030002BF0D17A
:107DF000638C9A0716D594F87030002BE9D02B7D50
:107E0000E46A23B1294604F1A800FFF721FF94F8A2
:107E10001521012096210BF0D4F8BDE8F041002097
:107E2000FFF7E2BE002BD4D194F87830002BE6D1D6
:107E300094F87930E1E700BF0C0B00206C0B0020B8
:107E40002DE9F04F964EF46A91B004F1A8030A931D
:107E50000023CDE90D3396F838300790022B0991B5
:107E60005FFA83FA04D040F6AD112720FFF7CAF974
:107E7000F36B03221D785978A6F8481013447364F5
:107E8000079BA6F8402005F00308002B00F0F480C3
:107E900019B1F06E08F0A2FD0146627A338DB16629
:107EA0000132D2B282EA950743F4007317F001075A
:107EB000338546D1237A23B3032B62720AD8012B70
:107EC0001FD0D6F880000DA908F031FD90B940F21E
:107ED000D471CAE7053B012B02D940F2B371C4E764
:107EE00000F078FF10B940F2DE71BEE73946082095
:107EF000FFF732FED4E91C32013342F10002C4E93B
:107F00001C326379002121721BB161711020FFF7CF
:107F100023FE338D43F40063338500230893237DD0
:107F2000C5F3C007CBB1B6F84830B3B105F04CF992
:107F30000328FBD0022806D1FFF71CFE11B0BDE8D4
:107F4000F08F079BEAE740B9A37A03F001039F4251
:107F500003D1012386F83130EEE7A27A02F0010363
:107F60009F4240D04FF0000BB36E002B40F0968044
:107F7000B6F84830B3FA83F35B0903EA151386F8C1
:107F80007930099B002B40F08F80728C96F88630F8
:107F9000110704D596F87020002A40F08580012B47
:107FA00000F28280736F0120984700287CD096F8F9
:107FB0003050002D78D1E37C002B00F0D78094F86E
:107FC0001461012ED4E91C2304F1800104F190070F
:107FD0004FF0010000F0BF80022E00F0F18040F26F
:107FE0002541062042E7B6F84830E3B108F1FF31F9
:107FF000012918D8318D41F48051318596F88410CB
:10800000994206D296F8303043F0100386F83030AB
:10801000A8E7B16E0029A5D096F8851019B12020E7
:10802000FFF7A2FD9EE70132B8F1030FA27219D04B
:1080300008F1FF32012A0BD8002B93D0D4E91E326D
:10804000013342F10002C4E91E32DDF81CB08BE7B7
:10805000002B87D0D4E91E32013342F10002C4E97B
:108060001E327FE7338D0F49012043F48053207186
:108070003385FFF771FDEDE7237D0BB105F0E0F8E7
:1080800096F88630013386F88630338D4FF0000B3A
:1080900043F480633385CDF820B065E701236CE7B6
:1080A0000C0B0020500B002004F078FEBBF1000FF9
:1080B0004CD101230993A54D2B8D5A0606D440209F
:1080C000FFF752FD2B8D43F040032B85089B63B1D6
:1080D000B5F80720B5F805301343E28813431EBFF7
:1080E000B5F809300133A5F80930079B002B00F0E3
:1080F0002681B5F805300133A5F80530002385F851
:108100008630934801F08AFE0D9830B108F0D7FC14
:10811000002202720A9901F0B1FA0E9B33B10022DB
:108120001A720C220A990E9801F076FA099B002B1C
:108130007FF402AF2B8D1B063FF500AF8020FFF7C9
:1081400013FD2B8D43F080032B85F7E641460EA8E7
:10815000FFF7E2FDADE72E4605900020CDE9036074
:10816000FB26CDE90176009004F050FF774F94F89C
:108170001421962100200AF024FFD7F82C9097F8BC
:10818000503099F8142099F8141103EB8203FF2B57
:1081900003D199F815318B4202D0FF2004F076FB11
:1081A000FE6A00238DF83130ADF83230337A062B79
:1081B00000F2B280DFE803F0068E9191B0A3A30035
:1081C0000646C9E797F88730A6F804310DF1320169
:1081D0000FA8ADF8323000F0EFFD30B10F9820B1AC
:1081E00005233372BDF8323014E0FB6A93F8513046
:1081F000002B6AD1D7F880000DF131020DF1320168
:1082000008F070FB002860D0BDF83230002B4BD155
:1082100001223272B865A7F8643003B1C31C3B6613
:10822000B27A96F809A0367A0B92022E07D0053E54
:10823000012E74D81B78022B4FF003060CD0D7F810
:10824000800008F0AAFB00286BD1032E04D000F0B8
:10825000CDFD80F00105EDB23C4F05F0010387F83C
:10826000783099F81330002B5DD0B7F86430002BCC
:1082700059D051460B9A2B463046FFF72BFD786DAF
:1082800004F0E2FCD7E9150104F028FF012387F888
:10829000883087F83830BBF1000F3FF40CAF41460F
:1082A0000EA8FFF739FD06E79DF831201AB90280C4
:1082B0008270032395E7027802F00302012A08BFC7
:1082C0004FF0030A86F808A0A4E70023ADF8323087
:1082D000012333721F4800239CE7B6F80431D7F816
:1082E0008000ADF832300DF131020DF1320108F0AD
:1082F000F9FA00287FF476AF40F2C351B5E50DF1ED
:1083000032010FA800F058FD08B10F9810B940F2E3
:10831000D251AAE5062364E740F2DC51A5E5012627
:108320008DE7012598E70B9A2B4651463046FFF71B
:10833000D1FCB86D04F088FC04F02EFFA6E7B5F878
:1083400007300133A5F80730DBE600BF0C0B002037
:10835000380B0020860B002010B5064B93F8382010
:1083600002F0FF0422B91C7601F0E0FD204610BDAA
:108370000C24FBE70C0B0020094B0A4A10B51A60CD
:10838000FFF7EAFF20B14FF4B1712720FEF73AFF63
:1083900000F08EFC044CE06400F08EFC606510BDC3
:1083A0006C140020508502000C0B0020F8B55C4CCA
:1083B00094F83860054606F0FF0016B909B102B11D
:1083C00023B94FF420712720FEF71CFF63639DF84B
:1083D000183084F885306162626784F8300084F870
:1083E000860084F8310084F888006084208584F851
:1083F000780084F8790084F87000A0652066A4F8FD
:108400006400E0636064A4F84800E56204F080FA68
:1084100004F0C2FE95F91C0104F0C4FAD5F8D0604E
:10842000D5F8C80004F0C4FA304604F0FFFB95F814
:10843000240004F0C7FAE36A93F891320BB104F018
:1084400055FA09F0B5FF95F8152100F189010120D1
:1084500004F026FB334B186804F0EEFBD5F8BC3073
:10846000C4F88030D5F8C030E366AB7B233B072BE4
:1084700054D9EB7B233B072B50D9B5F8E630B5F840
:10848000EC0095F81411984228BF184609F0D1F96C
:1084900095F8E830834228BF034698B295F8E43057
:1084A000984200D3C3B295F8151184F8873005F1CE
:1084B000DC0009F06CFC2F7D95F81511B5F8F06023
:1084C00009F0B7F90FB9043080B2864228BF0646DA
:1084D000F3B284F8843084F850302B7D23B12946E0
:1084E00005F1A800FFF7B4FB0120FFF77DFBE36A6D
:1084F000D3F8C00104F0C4FB002323606360A360D1
:10850000EB886380B5F8AA30238095F82430237176
:10851000D5F818310BB101221A60F8BD1B23C2E750
:108520000C0B00206C140020014B93F8880070475E
:108530000C0B0020024B93F82900C0F3C0007047D9
:108540000C0B0020014B93F8860070470C0B0020A9
:10855000A97C0200417E0200817D0200D57B0200E1
:10856000F0B5070CA7F5AA42144B543A012A03EAC6
:1085700090231FD927F4004042F6AA22801A18BF80
:1085800001200022162116461F2487EA060562EA0A
:108590000505013510D0DD03ADB245EA5606E50309
:1085A000ADB2013945EA52024FEA53034FEA54048F
:1085B000EBD1F0BD0020E4E70020FAE7E0FF3F0048
:1085C00010B501210020FFF749F9044670B90121D7
:1085D000FFF708F9044620B940F225313920FEF7AB
:1085E00011FE034B93F918100AF089F9204610BDCB
:1085F000980B0020014BD888704700BF980B0020D3
:1086000008B509F0A8F800F035FD00F075FB09F099
:1086100069FB01F071FC03F013FE084B08480022CF
:108620001A60084B4FF01B11C3E901014FF4A4710C
:10863000D960DA741A801A8208BD00BF7014002055
:1086400003021B00980B0020034B41F64C525A6169
:108650001B229A74FFF7D4BF980B0020F7B5284D62
:108660006B69C0F8DC3000F1A807264BC0F8C430B5
:108670000446384609F0D6FF064600F02DFB830677
:1086800054BF1B23EB88A4F8063158BF1A461E4B73
:10869000A97C1B6848BF2A89A4F8082184F8E41043
:1086A000A4F8E66023B194F91C11B4F8AA00984725
:1086B0001649384608F03AFE0123EA886979A4F899
:1086C000DA302B89019129790091033303329BB26F
:1086D00092B204F1C00104F1BC00FFF731F9D4F803
:1086E000BC3023B940F2E2413920FEF78BFDD4F8CB
:1086F000C03013B940F2E341F6E703B0F0BD00BF6C
:10870000980B002000093D0074140020A60B0020E7
:10871000024B1B6803B118470C20704770140020EF
:10872000034BDA8802801B7983700020704700BFFA
:10873000980B002037B583781A2B054608D8042BF0
:1087400004D9144A22FA03F3DB0705D412241AE0F1
:10875000292B01D03B2BF9D12888B0F5706FF5D2C9
:1087600001A909F08AF888B9019B93F8202102F049
:10877000FF046AB9AA7883F82121FF2283F8202117
:1087800001A808F082FB204603B030BD0224FAE7BE
:108790000C24F8E72000380438B50278447802F059
:1087A000010354EA030102F0020201D1112038BD95
:1087B000BAB98578002DF9D0002B18BF002400E04D
:1087C0001D46204608F03FFB0028EFD0284608F061
:1087D0003AFB0028EAD0054B00209C73DD73188219
:1087E000E5E7002BECD000242546EAE7980B0020B3
:1087F00013B5008801A909F059F8044620B9019879
:1088000090F832311BB13A24204602B010BD90F8E6
:108810005C3003F0FF04002BF5D190F853309B0738
:1088200006D1FF2380F8323101A808F02EFBEBE7D8
:108830000249543009F07EFAE6E700BF072303003F
:10884000F7B50778EF2F05460C460FD890F90120B1
:108850004378002A0ADB8278900707D113F01000D2
:108860001DD1990603F0030202D51AB1122442E089
:10887000032AFBD01E07F9D42979EA78EE7942EA77
:108880000122697942EA0142A97941EA06212E7A58
:1088900041EA06418A42E9D81F2A0FD8E6E713F0D9
:1088A000600FE3D103F00702052A05D003F00F01A2
:1088B0000D22CA40D107D9D51A07DDD56A7A013A07
:1088C000062AD3D8AA7A032AD0D813F0040102D1F9
:1088D000023A012A03D8EA7A012AC7D811B9AA7C38
:1088E000032AC3D82A7D48B1012ABFD12A7E012A92
:1088F000BCD830B91124204603B0F0BD022AF5D10E
:10890000B4E7DB0712D46B782A7D03F01803082B39
:1089100011D1022AEED101213846FEF79FFF06460B
:1089200078B109F0A0FFB8B10C24E4E700F094F9A5
:108930000028E8D1DEE7022AEDD02B7F002BEAD019
:10894000D8E701213846FEF74DFF064640B3154BE8
:1089500093F9181009F0D3FF30460AF0C0F8294601
:108960002070E87430460AF010F8EB7E0446002BC5
:10897000C1D00028BFD1B16A0246684608F04CF960
:10898000B06A2246012108F093F9B16A68460422D0
:1089900008F042F9B06A2246214608F089F9AAE7B0
:1089A0000724A8E7980B002030B50279042A8BB081
:1089B00003464FD84088B0F5804F4BD826498D5C90
:1089C000114400244A79ADF8004042F0100242EA16
:1089D00045028D7AC97B8DF8084042EA850242EA59
:1089E000C10202F01F028DF80020BDF80020ADF892
:1089F00009201A888DF80B208DF80E00120A000A43
:108A00008DF80C208DF80D408DF80F008DF810407A
:108A10005A7B8DF811205A798DF812209A79D3F863
:108A200007008DF81320B3F80B209B7B8DF81A30CC
:108A30007F2305908DF81B3069464FF0011302A883
:108A4000CDE90734ADF818208DF82440FFF7F8FE83
:108A50000BB030BD1220FBE7AC91040073B50646A5
:108A6000FFF7AEFD04460AF045F83378012B0546C2
:108A70005FD1204609F076FF00287AD020460AF020
:108A800039F818B115B9122002B070BD204609F0AE
:108A9000EAFE08B10C20F7E7204609F021FF064660
:108AA0000028F7D1204602F0D3FB0028EBD0ED01DF
:108AB00042F2107331462046ADB25D430AF006F82B
:108AC00020460AF00FF8014658B92A46204601F020
:108AD000BBFD08B90020D7E741F698213920FEF701
:108AE00091FB31460DF10600FEF744FE064608B93B
:108AF0000D20C9E7BDF8061008F0E7FE3146204614
:108B000009F0FCFF3046FFF7A9FD2A463146204612
:108B100001F09AFD024610B141F6B421DEE7164B92
:108B2000DB69002BD6D006F5917106F1A8009847B5
:108B3000D0E7002BA7D1204609F014FFC8B120468A
:108B400009F091FE0028C5D0204609F03BFD0546FE
:108B5000204609F03AFD014600289BD1002DB9D0EE
:108B6000B5F8AA00FEF790FE0028B3D041F6D62152
:108B7000B4E7422088E700BF980B00200278034644
:108B800072B1427862B142881A2A09D982881A2AB7
:108B900006D9044A006850609B8813810020704702
:108BA00012207047980B0020024B02685A61002087
:108BB000704700BF980B00200378A3F10A02112A26
:108BC0009DBF024A0020937412207047980B00202A
:108BD00008B5094B01221A7002F02AFB0AF03FF98E
:108BE00008F0B7FDFFF7C8FB002007F0E2FFBDE883
:108BF000084000F04BBC00BFB80B002010B5064C7D
:108C00000649201D08F041FB04F108000449BDE8B5
:108C1000104008F03ABB00BFB80B0020480000200D
:108C20005000002010B5084C0849201D08F02DFB0D
:108C300004F10800064908F028FB04F10C0005497E
:108C4000BDE8104008F021BBB80B00205800002000
:108C50006000002068000020014B1878704700BFBA
:108C6000B80B002010B5064C00F0ECFB606808F073
:108C700004FBFFF7E9FC00F06BFD0123237410BD3A
:108C8000B80B0020014B187C704700BFB80B0020C8
:108C900010B5064CA06808F0F0FAE06808F0EDFAAC
:108CA000FFF7AEFC0023237410BD00BFB80B0020FB
:108CB00000487047C90B002000487047CB0C0020CB
:108CC000C208044900F0070001238340885C034385
:108CD0008B54704710000020014BD3E9000170470E
:108CE00010000020034B1868C0F30020400040F043
:108CF000010070471000002008B504F0FDFF084A8D
:108D0000002332F82310814205D302EB83029378CB
:108D1000044A137008BD01330C2BF2D10023F7E78E
:108D2000C0910400CD0D002008B50068B0F8AA304D
:108D3000A0F8653190F8143180F86411012B06D049
:108D4000022B04D04FF43F710620FEF75BFA80F847
:108D5000673190F81531012B01D0022BF2D180F848
:108D60006831BDE80840024900F25B1008F0E2BF3C
:108D700017130300024B002283F822209A847047C5
:108D8000CE0D0020044B93F82220012A1ABF036065
:108D900001200020704700BFCE0D0020054B93F846
:108DA0002210012902461DBF012083F822009A8467
:108DB00000207047CE0D0020054B024693F822009C
:108DC00020B1136009B19B8C0B800120704700BF5C
:108DD000CE0D0020044B93F8220000229A8410B19B
:108DE00083F8222001207047CE0D0020034B93F81A
:108DF0002200B0FA80F04009704700BFCE0D00207D
:108E000050B90A4A1346012003F8010B0868C2F85A
:108E100001008A889A807047012805D1034B0A68AF
:108E20009A608A88D8719A81704700BFF40D00203B
:108E300050B90B4B187888B1D3F80120B3F805303E
:108E40000A608B8001207047012806D1044BD87935
:108E500020B19A680A609B89F3E70020704700BF41
:108E6000F40D002010B9044B18787047012806BF94
:108E7000014BD87900207047F40D0020F7B500238E
:108E80008A888DF80600ADF8042008680B4A8DF832
:108E90000730019D1478014602F5A872D8B28442C9
:108EA00001D8082008E052F8087F5668AE4208BF93
:108EB0008F4203F10103F1D103B0F0BD080E002091
:108EC00030B5094B01465C78002203F20113D0B2A1
:108ED000844201D8082005E013F8015F8D4202F1B9
:108EE0000102F4D130BD00BF080E0020F0B5254DC1
:108EF00095F8984189B0224605F29911684607F025
:108F0000FDF92146684608F045FC0446B8B300EB7D
:108F10004001C9B202A8FEF701FE631E95F8A161E7
:108F2000DBB2012495F8981105E0721CB2FBF1F058
:108F300001FB1022D6B206F120020DEB020010F860
:108F4000202C002AF1D103EB43012031694406EBC8
:108F500046022A4411F8187C82F8A27111F8177C95
:108F600011F8161C82F8A37182F8A41100F8204CA5
:108F7000013BAA19DBB2FF2B82F89941D2D109B08B
:108F8000F0BD00BF080E002070B5064688B00C4644
:108F9000002A4ED0294A92F8A131D01890F89911A0
:108FA00019B9FF212820FEF72DF903EB43011144E5
:108FB000013391F8A251E57091F8A35191F8A411F1
:108FC00061710021257180F8991192F89811B3FB15
:108FD000F1F001FB103382F8A13192F8C23123B9CC
:108FE000174902F5DD7008F0A2FE657905F03F052E
:108FF00045F0400565710D220021684607F03EF9F5
:10900000E3788DF80F3023798DF80E3004AA04230D
:10901000694630468DF80D5006F08EFF9DF81F30E2
:1090200023709DF81E3063709DF81D30A37008B04A
:1090300070BD03216018FEF771FDD6E7080E002011
:10904000ED8E0200044B5A78824286BF1B1893F8BB
:109050004A010020704700BF080E0020044B5A78D8
:10906000824286BF1B1893F842010020704700BF60
:10907000080E0020064B00224FF461711A8083F81D
:10908000C32183F8C421A3F8C61183F8C221704715
:10909000080E0020014BB3F8C6017047080E0020EF
:1090A00030B50A4B5C7884420ED9184490F802011E
:1090B0002B3003EBC004A5790D7053F8300010601D
:1090C000A3889380012030BD0020FCE7080E00201B
:1090D0000246074810B590F8C34124B1417821B148
:1090E000023003F0CFF8204610BD0C46FBE700BF6E
:1090F000080E00202DE9F74F2F4C9A4663788342E3
:109100008046894656D9231893F8425185F00105C7
:10911000F9B193F84A31E3B945F002070135BAF1E4
:10912000000F18D1FA070AD5062101FB084104EB0C
:109130000810524601F585718230FFF725FFBB0705
:1091400034D504EB0810524649460230FFF71CFFA5
:109150002CE02F46E3E794F8A1614FF0010B002DBE
:10916000E0D0A319019393F8991199B90092DAB15B
:1091700000F0BEFA06EB46012144019B81F8A201F2
:109180004FEA102C009A81F8A3C1000C81F8A401C9
:1091900083F899B194F898310136B6FBF3F103FBEB
:1091A0001166F6B2013DDAE747F00407384603B02E
:1091B000BDE8F08F0027F9E7080E0020074B5A782A
:1091C000824209D91A1892F842212AB9062202FBD2
:1091D000003000F58570704700207047080E0020B1
:1091E000064B5A78824281BF1B1893F83A01B0FAB5
:1091F00080F0400998BF0020704700BF080E002093
:10920000034B80F874101B680BB1408818477047F7
:10921000781400200B2808B504D940F22911292020
:10922000FDF7F0FF014B33F8100008BDF09104008A
:10923000036830B50024D3F8C400A3F84040B3F865
:10924000444042F210754443B4FBF1F4A3F84440A7
:109250004C1E05FB0242B2FBF1F2A3F84220094A80
:10926000B2FBF1F20132A3F848209A8F05FB0244C9
:109270005A6BB4FBF1F450439C63B0FBF1F05863BC
:1092800030BD00BF005A620213B540F6B833838781
:10929000B0F8CE20D0F8C4100190044601A8FFF722
:1092A000C7FF0C4B1B68062B01D001330FD10A4BB3
:1092B0001B68063B08330AD9D4F8C800FFF750F9F9
:1092C00080F00100C0B284F8910202B010BD00200D
:1092D000F9E700BFF0130020F4130020034608460E
:1092E00071B13F2B0BD8074AD35C03F07F02914248
:1092F00005D08CBF0120002000EAD3107047012068
:10930000704700BF08920400FF230B7002234B70CC
:1093100083238B70014B1B78CB707047D40F0020D8
:109320002DE9F84FD0F80480D8F8186030460C4684
:1093300007F0B3FB054620B94FF4AA711020FDF7E2
:1093400061FF0146304607F0B6FBB5F800B01FFAE2
:109350008BF7824617B94FF4AC71EFE7224B1B68CD
:1093600000F10309D3B998F8023098F8032023706C
:109370006378A4F802B002F00F0223F00F03134346
:1093800023F0C00363709AF8003003F00303012B4D
:109390000FD0022B0DD04FF4BB71CFE7B8F802000D
:1093A0003A464946984705460028DCD12846BDE89C
:1093B000F88F627863F305126270304607F081FB24
:1093C000054610B94FF4C071B8E7FB2F02D940F23F
:1093D0008F11B3E73A464946201D06F08FFF30460D
:1093E00007F0CAFAE2E700BF7C14002038B5134C3E
:1093F00010220021201D06F041FF012525741022B6
:1094000004F10803002104F11400C4E9013306F05B
:1094100035FF84F8205004F11803C4E90533084AE5
:1094200000236362A36284F82C30C4F82D30C4F8A2
:10943000313084F835301360A36338BDD40F002079
:109440007C14002010B5084C2378FF2B04D040F288
:1094500099111020FDF7D6FE06F0B4FD2070BDE88E
:109460001040FFF7C3BF00BF1D00002010B5034C24
:10947000207806F0C1FDFF23237010BD1D000020E1
:10948000014B187806F0C8BD1D000020014B024AB0
:109490001A60704780140020219302002DE9F341E7
:1094A000DFF86881054608F11407D8F80830D8F8C5
:1094B0001840227A012A22D1D8F8382052B1137AE2
:1094C0001BB9BF211020FDF79DFED8F83840C4B964
:1094D000002083E01A7A012AFAD04D4A1C46EFF3A5
:1094E000108172B650680068506001B962B6A3423C
:1094F00008BFC8F83840237A1BB9EE21E2E73A46A4
:10950000EDE7267AF6B205232372731E0B2B6ED875
:10951000DFE803F06A062235676D3E6D6D6D6D5BA9
:10952000636813B94FF40371CCE720462946984786
:109530000420EFF3108272B6237A052BD9B24FF0D4
:10954000000359D12372D8F83810A14201D1C8F8CC
:109550003830B2BB62B634E0636813B940F215210B
:10956000B0E72946204698470346C3F30723012B5B
:10957000ADF80400C0B22FD0022BDAD11AE0636834
:1095800013B940F21D219DE7204698470020D0E7FF
:1095900063680BB9FE2195E786222A70012259885B
:1095A000AA706A7100225869A5F80310AA7107F021
:1095B000E3F90420D8F83830A34202D10023C8F8D8
:1095C000383000283FF471AF08E0124B29461B6881
:1095D00020469847034668B9267298B102B0BDE8A4
:1095E000F0814FF415716DE740F257216AE740F2C0
:1095F0005A2167E70220DDE711B940F27B2161E7DC
:109600001846A6E7002B7FF450AF61E7D40F002087
:10961000D80F00208014002010B51346027A22B122
:1096200040F202311020FDF7EDFD0A46BDE8104082
:109630000146014808F058BBD80F0020044890F8B4
:109640002C301BB90349243008F06BBB704700BFB6
:10965000D40F0020D91C03000346064890F83C2094
:109660003AB190F8352022B900F82D3B024908F0B4
:1096700058BB7047D40F00200993020010B50A466A
:10968000037A23B140F20A311020FDF7BBFD0146F9
:10969000BDE810400148072308F026BBE80F002072
:1096A0001346027A0AB1037270470A46014601481E
:1096B00008F01ABBD80F00201B234FF01B12838425
:1096C000038482618382C260038539B94FF4A47335
:1096D000034AC3844384C261C3820261704700BFEE
:1096E00048014801014908F025BB00BF3B1D0300AC
:1096F000094AD2E90003434083EAB01181EA4321D9
:109700004FEAF3435360054B116058434FEAF06052
:1097100000EB8000704700BF14100020BB79379E1B
:10972000094AD2E90003434083EAB01181EA4321A8
:109730004FEAF3435360054B116058434FEAF06022
:1097400000EB8000704700BF20000020BB79379EEF
:1097500010B50A4C09480821FEF7E0F9D4E90032B7
:109760001343F7D0064CFFF7DBFF2060FFF7D8FF6D
:10977000236860601843F6D010BD00BF20000020B1
:1097800014100020174B184A9A60184A5A60184A59
:109790001A60184A9A62184ADA62184ADA60184A55
:1097A0009A61184A1A63184A1A62184ADA64184AFF
:1097B0009A64184A5A62184B184A9A60184A5A62B0
:1097C000184ADA62184A1A61184A5A61184A9A61A4
:1097D000184A1A63184A9A64184ADA64184A9A634B
:1097E000704700BF84140020232003004920030099
:1097F000AF2003006B210300B52103001D9B020075
:10980000C7210300919D0200199C02008B220300D6
:10981000A3220300659C0200841500203920030068
:109820005F220300E52103009521030005220300C8
:10983000A99B020029230300D1220300C3220300B5
:1098400049220300054B064A9A65064A1A66064BEA
:10985000064A9A65064ADA65704700BF84140020FC
:1098600003150300B71503008415002053140300EB
:109870003717030037B5044601A80D46FFF782FAF3
:1098800020B94FF4AA615120FDF7BCFC00210198DA
:10989000222206F0F3FC019B194601F8035F023D0A
:1098A000232D00F28980DFE805F02587128A8A25BA
:1098B000872B878A313D418787458A8A4E4E656569
:1098C00087878787878787878787876C77802168DF
:1098D000D1F8CE215A60D1F8D2219A602268D2F80C
:1098E0009420DA600D20FFF759FA002869D140F280
:1098F0005751C8E7226892F8A0201A710220F2E7B7
:10990000204600F00BFA0028EDD13DE011221A713B
:1099100059225A7100229A713922DA7110221A7270
:109920000620E0E7226892F89A20E6E7084600F071
:10993000E3F9E8E7226892F89B10197192F89A20EF
:109940005A710320CFE72268B2F800111971090A91
:109950005971B2F8A2109971090AD971B2F8FC10C4
:109960001972090A5972B2F8A0209A72120ADA72B0
:109970000920B8E7226892F82E11197192F82F2168
:10998000DEE7114B1B6813B940F249517BE72320F6
:10999000224698470420A6E70B4B1B68002BF3D008
:1099A00022462420984705209DE7074B1B68002B83
:1099B000EAD022462520F5E740F2445163E7012032
:1099C00091E703B030BD00BF841600203F289ABF46
:1099D000024B53F820000020704700BF8414002081
:1099E0003F289ABF024B53F820000020704700BF69
:1099F00084150020F7B50568D5F8BC6004464FF61D
:109A0000FF770DF102010DF101023046ADF8027051
:109A100006F068FF01A9304606F089FF48B10198B9
:109A200007F04DF82168A83100220272FFF726FEE8
:109A3000E7E7044905F1280003B0BDE8F04008F06D
:109A400073B900BFB71F0300F0B5044685B00D46DB
:109A5000FF2600F8A56C10F8A63CF3B1174F3B7831
:109A60001BB162211F20FDF7CDFB0C21381DFEF735
:109A700055F83E70002304F8A53C2A468A2302F8D4
:109A8000033BD4F80930C5F80330D4F80D305360E7
:109A9000D4F81130936005B0F0BD01A80C21FEF799
:109AA0003DF8A4F5F473039A1A6001AB03CB44F8B4
:109AB000AE0C44F8AA1C04F8A66CDBE71C100020CE
:109AC00010B5054C23782BB90C21201DFEF726F884
:109AD000FF23237010BD00BF1C100020024690F829
:109AE000D631BBB990F8D73103F0FF010BB100209C
:109AF0007047094B18780028F9D01970D968C2F856
:109B00009410043303CBC2F8CE01C2F8D211FF2364
:109B100082F8D631012070471C10002038B5026849
:109B2000D37B04460D463BB1122B05D0103B0F2BC7
:109B30008CBF0120082038BD92F8523013B920465E
:109B400008F0FFF92268D5F80B30C2F8C631D5F815
:109B50000F30C2F8CA312368D5F81320C3F890201B
:109B6000B3F8AA20A3F88522D5F80120C3F88722EC
:109B7000D5F80520C3F88B222368B5F80920A3F88F
:109B80008F222368002583F89E5183F8D6512068E0
:109B9000044900F51F7008F0C4F823681522DA7331
:109BA0002846C8E7499A020010B50368DA7B1F2AE5
:109BB000044604D040F29D211F20FDF723FB93F8BB
:109BC0005220B3F8AA00002183F8511082B1C3F8E3
:109BD000A91183F85210A3F8AD110D49A3F8AA01F9
:109BE00003F5D07008F09DF823680022DA7310BDE9
:109BF0000121A3F8990183F89B1183F89821054965
:109C000083F89F21A3F89C2103F28F10EAE700BF9D
:109C1000532103003B21030038B505682B6813F07E
:109C2000010419D1D1F801200C4BD1F805101340D3
:109C30000B4AC5F86230C3F3076343F008030A40D8
:109C400085F86530C5F8662008F07BF92B6843F08D
:109C500001032B60204638BD0120FCE72FC904F723
:109C60006FDB008010B50068837B042B2CD1D1F80A
:109C70000130D1F80540C0F86230C3F3076343F008
:109C8000080380F8653000234A1CC0F8664080F85D
:109C90004A30837390F8713103F0FF040BB1002058
:109CA00010BDB0F8AA30A0F8733180F87241D1F835
:109CB0000130C0F875315368C0F87931034900F2BA
:109CC000691008F02EF8EAE70120E9E71F220300F7
:109CD000006890F871315BB9B0F8AA30A0F8733120
:109CE0001A2380F87231034900F2691008F019B89C
:109CF000704700BF1F22030010B50446FEF7ECFFBB
:109D0000044A054B02400B40C4F80120C4F805305A
:109D1000092010BD2FC904F76FDB008037B50C4652
:109D20000568FEF7D9FF0A4A0A4B0A4095F8621007
:109D30000192034000930B408DF800306B4603CB3B
:109D4000C4F801000920C4F8051003B030BD00BFFD
:109D50006FDB00802FC904F738B5DB04154604D546
:109D6000037D13B10023436338BD446B0134446366
:109D700008F0B9FA836B9C42F6D30023436303498E
:109D80002846BDE8384007F0D5BF00BF7F2203005A
:109D900038B50468A37B012B054602D023689807D9
:109DA00038D494F853309A0713D44A7884F85D2055
:109DB0004A88A4F85E208A88A4F86020D80743F077
:109DC000020284F853200FD5134904F1540007F020
:109DD000B1FF94F85330D90711D423689A0708D5F6
:109DE00058214020FDF70EFA94F83231002BEBD1C8
:109DF000EFE743F002032360284608F0A2F8A37BB4
:109E0000012B4FF0000301D0002038BDA37384F86C
:109E10004A30F9E70120F8E70723030070B5056829
:109E2000044602F0EBF9054BE8721B6801461BB1D2
:109E30002046BDE87040184770BD00BF8C1600205A
:109E4000024B1B6803B11847704700BF88160020FB
:109E5000F0B51F4D2B78002414709BB1013B6D6849
:109E6000DBB21E1B012E0FDC05EBC40655F8347067
:109E700076688E4208BF874227D0B84271EB06064B
:109E800012D214700020F0BD1E19771005EBC70E1A
:109E900055F837C0DEF804708445C6F347068F4195
:109EA0002CBF33463446DCE705EBC30455F833508A
:109EB00064688C4208BF854206D0A84271EB040456
:109EC00028BF01331370DDE71C4614700120DAE768
:109ED0003C10002010F0070208B503D06321482091
:109EE000FDF790F918B1034B197258601A70C80049
:109EF00008BD00BF3C100020014B00221A707047C3
:109F00003C100020FF230B70074A0D234B70822367
:109F10008B701368C1F803305368C1F80730936839
:109F2000C1F80B30704700BF5210002002481622C3
:109F3000002106F0A3B900BF521000200B4B5A7D40
:109F400092B14A0610D5B0F8AA201A80D0F8502253
:109F50005A60D0F854229A60C2885A80044902227A
:109F600003F10C00FFF79CBB704700BF52100020AC
:109F7000059F0200094B53F8203070B503F52343C9
:109F80000C461646A1334FF47A72B3FBF2F502F099
:109F9000C9FF34442C44204470BD00BF0C9304001E
:109FA0002DE9F04F8FB09A4690F81531079304468B
:109FB0008946069207F0ADF9834694F81F01FFF732
:109FC00029F9834408F0F4F9E37B0393069B1FFA15
:109FD0008BFB00F16007002B4BD1637B032B48D137
:109FE000039B0C2B32D1B4F86C324B452ED1D4F8F4
:109FF000F031C4F8E031D4F8C430B4F8C421C4F866
:10A00000E431B4F862321344C4F8E831204602F077
:10A01000ADF8D4F8742294F81D31C4F8C42041F688
:10A020004B518A428CBF002303F00103D4F8701215
:10A03000D4F87822C4F8D41084F81E31B4F86E1223
:10A04000A4F8D8100223C4F8CC206373E37BA17B6F
:10A05000282B01D028290CD1B4F86C32A9EB0303CA
:10A060001A0406D4A1F1280359425941204601F0AF
:10A070003FFCB4F86052B4F8068094F815310893A8
:10A08000A9EB05052DB204F50C73A9EB0808002D0A
:10A0900004930FFA88F817DAD4E99223C4E99623D7
:10A0A000012345460493D04B1B7813B103F018FEEF
:10A0B00068B90026637B032B00F2D681DFE813F03A
:10A0C0006C007201C1009801CDF810A0EBE7B4F864
:10A0D000D831012BEDD9637B022BEAD094F80262D0
:10A0E000002EE6D194F81F01FFF794F8637B00F58A
:10A0F000C86B012B1FFA8BFBD9B23FD1A27CD4F8DD
:10A10000D430032A33D1D4F8E42113445946D4F887
:10A11000E401099303F0A8FDD4F8E061099BD4F8A9
:10A12000E821C4F8E001861B59461846564303F05F
:10A130009BFDD4F8EC31C4F8EC01C31A5946D4F8AD
:10A14000C4001E4403F090FDB4F8C431D4F8E821F3
:10A1500043445B1B9B1AD4F8F021013B821A02FB9B
:10A1600003660123C4F8F00184F80232A2E7304606
:10A17000099307F06DFB099B0344C7E7D4F8C400BB
:10A18000594603F071FDB4F8C461D4F8F031464487
:10A19000761BC31A5E43E4E70121002007F058FB59
:10A1A0008046D4F8D4005946404403F05DFD59463A
:10A1B000C4F8EC01D4F8C40003F056FD0BA9C4F8B0
:10A1C000F0010CA802F0FAFD0B9B0093D4E9960174
:10A1D000DDE90C2303F01AFE049004F1A80008F056
:10A1E000FFF8D4F8D410D4F8642294F815018D182F
:10A1F00002F0A0FED4F8EC11049B203D6D1AED1B7B
:10A20000454400F52340ED1AA1304FF47A73B0FBBA
:10A21000F3F0B4F8D83030312D1A03EB410194F843
:10A2200015013A46FFF7A6FED4F86432EB1A223045
:10A23000DA2BC4F8F4015DD840F2C7413020FCF7B6
:10A24000E1FFD4F8D430D4F8E4015946184403F0BF
:10A250000BFD5946C4F8EC01D4F8C40003F004FD2A
:10A26000C4F8F00104F1A80008F0BAF8D4F8D4302A
:10A27000D4F8E4511D44B4F8C431002B40F08E8072
:10A28000BAF1000F00F08A8094F8150102F052FE36
:10A29000D4F8EC11D4F8503294F815216D1A203D01
:10A2A0001D44D4E992BC514B53F82220A5EB0B0579
:10A2B0004FF47A7302F2E732B2FBF3F21544ED1B6E
:10A2C00000F52340A130B0FBF3F02D1AD4F8E821BB
:10A2D000D4F8E03194F8150102FB0313B4F8D81058
:10A2E000303301EB43013A46FFF744FE0123C4F843
:10A2F000F4016373D4F8C430D4F8F0217E3B9B1A88
:10A30000DF1B002384F83032D4E996328742A5EB74
:10A31000060528BF07465B1942F10002C4E99032E6
:10A32000C4F8C07104F1DC0007F02FFD042384F8A9
:10A330003932D4E99023C4E99623B4F8B031A4F8B3
:10A340006092A3EB09031BB2002BD4BF00220122B1
:10A35000520084F83822039A38440C2AC4F8340294
:10A3600000F08580BAF1000F40F08480637B002B01
:10A3700000F09D80D4F8C410D4F8F03104F50C70CE
:10A38000C91A07F028FA80B2002800F09080189BC4
:10A3900003B1188001200FB0BDE8F08FD4F8EC11A4
:10A3A0006D1A93E7D4F8F011D4F8C430B4F8C4218E
:10A3B000D4F8E801D4F8E0C15B1A5D43D4F8EC317D
:10A3C0004244121A3033013A0CFB003301FB0233D2
:10A3D000B4F8D81094F815013A4601EB4301FFF7A1
:10A3E000C9FDC4F8F40185E7681000200C9304004F
:10A3F000D4F8F0E1D4F8C430B4F8C4C1A3EB0E0330
:10A400005D43049B3BB3BCF1000F24D1D4E99423FA
:10A41000D4E99201904271EB030302D340F20E5152
:10A420000CE707992B4B53F82130D4E99201CDE981
:10A4300004010498203A121A03F2E7314FF47A7BB0
:10A4400003F52343B1FBFBF10A44A133B3FBFBF358
:10A45000D21AD21B15440CEB08010EFB01F130316E
:10A4600008983A464900BAE740F22651E6E6BAF1C2
:10A47000000F1CD0B4F8D80118B3B4F8DA1194F86E
:10A48000DC21A4F8DA1101FB0222904201F101055E
:10A490000DDD002B0BDD002384F83832A4F8DA51EF
:10A4A000FFF726F900F00700013084F8DC0104F51D
:10A4B0000C7104F5027004F0C1FD20B940F2765130
:10A4C000BCE60146DBE7069B83F0010384F800321B
:10A4D000002060E70C9304002DE9F8430E46044683
:10A4E00018B9D3213020FCF78DFE052900F2A78092
:10A4F000DFE801F00376413DA52E03F0C9FDC4E974
:10A500004601204600F0C8FFD4F80C01CB3803F018
:10A5100075FC204608F0EEFA054600BB01462046D1
:10A5200008F025FA00F1E506D4F80C01B04209D292
:10A53000301A322838BF3220032103F079FD60B190
:10A5400003F060FCC4F80C61204608F0E5FA45B160
:10A550002046BDE8F84308F0E0BA0125F2E70025FF
:10A56000F2E7D4E94623C4E94023BDE8F883BDE817
:10A57000F84302F02FBC08F005FA042384F81131E7
:10A580008146884603F038FC07220F46A9FB0231BA
:10A5900002FB0811D4E940525B1941EB0205D4F8E3
:10A5A000E8203AB159EA080204D0984277EB050254
:10A5B00028BF012684F81061D4E94826121A66EBF8
:10A5C000070694F8301139B9012A76F100010BDA47
:10A5D000204600F069FF03E0012A76F10006F7DB70
:10A5E000002384F82831C0E7984277EB05010FD2A9
:10A5F00059EA08080CD01B1A65EB07019A4276EB62
:10A60000010005DB012B71F10000A4BF1A460E46C4
:10A610000C490123914284F829314FF0000384F85A
:10A620000831B341B8BF0A4604F1C00004F5847193
:10A6300004F098FD002898D140F2B26152E7EF2172
:10A6400050E700BF0040420F2DE9F84304460E4694
:10A65000154690F8283103F0FF07002B40F0948056
:10A6600000F1C00839467822404605F007FE474908
:10A670002246404604F0DCFCC4F8E860FF2384F87E
:10A68000283166B1FFF74CF800F00700013086F87A
:10A69000DC013F49324606F5027004F0C9FC40F285
:10A6A00002434FF00009A4F8103184F8089103F038
:10A6B0002DFB00F19E06204608F01CFAB6B20146BA
:10A6C000C0B306F026FE00F1280189B2284603F047
:10A6D000CBFA2844C4F80C0103F08EFB301841F18A
:10A6E0000001C4E94601012084F8EC00A4F81E90A2
:10A6F00008F0B2FAE53D2D1AC4F8F0504FF0FF35DE
:10A700006FF00041D4E94623C4E948510025C4E96B
:10A710003E23C4E9402384F8295142F2107204F523
:10A720008471404604F01EFD38BB40F2B911302060
:10A73000FCF768FD204608F01AF9DFF85890E5307C
:10A74000C4F80C01B9F8020048B1E08B38B1FEF74B
:10A75000E7FFB9F80230B0FBF3F202FB1300064446
:10A7600003F04AFB361841F10001C4E94661002DAF
:10A77000C4D0AD1941F10001C4E72946204608F0D4
:10A78000CEF93846BDE8F8830C27FAE7D9A40200D1
:10A79000FB23030068100020F0B5002385B0CDE94D
:10A7A000003301238DF806306846FDF791F870B14B
:10A7B000104E012333710023CDE9023302A8FDF7C7
:10A7C00087F8044638B10023337105B0F0BD009816
:10A7D00007F0FBFEE8E7029D6B7B002BEED005F552
:10A7E0000277384603F0BEFB384603F0CFFB6C73AC
:10A7F000E4E700BF68100020054B002201215A71D8
:10A8000019701A7142F210725A80FFF7C5BF00BF6B
:10A8100068100020014B5871704700BF681000207D
:10A8200008B502F00FF8044B9A6882422ABF1879E3
:10A83000002080F0010008BD681000202DE9F347DA
:10A840000446062900F2DB80DFE801F0048473810E
:10A85000878CD300D0E99201D4E99423904271EB24
:10A86000030354D294F80232002B50D0637B032BA5
:10A870004DD107F09DFD94F815A1814606F049FDE4
:10A88000064694F81F01FEF7C5FC064494F81F0124
:10A89000FEF7C0FCD4E99223D4F85072D4F8C0512A
:10A8A00080465046BF1A02F03DFB564A52F82A2015
:10A8B000A5F1600302F52342A1324FF47A71B2FB95
:10A8C000F1F29B1AA3EB09031B1A09F1890909EBA1
:10A8D0005309B6B2603B08F5C86873431FFA88F89D
:10A8E000B3FBF8F360335A08A9EB53039F4202D33A
:10A8F00091444F4501D903F0F9F9D4F8C400314629
:10A9000003F0B2F90023C4F8F00184F802323E4BA0
:10A910001B7903F0FF0263B90092B4F8B41101236C
:10A920002046FFF73DFB30B140F2CE613020FCF70E
:10A9300069FC0423637302F017F904F065FBE288F5
:10A94000A4F8FE210023A4F8623284F8013202B098
:10A95000BDE8F08703234373F9E708F028FBC4E957
:10A960009401F4E790F81501274F07F029FD6E30A8
:10A97000D4F8F031D4F8C45095288CBF0020C0F131
:10A980009600C218954288BFED1A7B798CBF2D1AAC
:10A99000002523B9D4F8DC309D4228BF1D4604F1C0
:10A9A000DC00D4F8C06107F0F0F90644022003F09F
:10A9B00013FBAD1B25EAE575854228BF054602213C
:10A9C000284603F035FB10B103F01CFA2E44012396
:10A9D000DC22314604F1A80007F07BFAD4F8C0313C
:10A9E000B860D4F8C400184402B0BDE8F04703F0E2
:10A9F00005BAA83002B0BDE8F04707F0F1BC40F25C
:10AA00009C7193E70C93040068100020014B588060
:10AA1000704700BF68100020074A03461068D3F84B
:10AA20004920C0F80320B3F84D20A0F8072093F880
:10AA3000481007F04DB800BF7410002070B50446F0
:10AA40000E466588807D15F00401134618BF04F199
:10AA500057013246FEF74EFB4107054621D4C20797
:10AA60000BD5012384F84830A07DFEF7A7FB0368CF
:10AA7000C4F849308388A4F84D30AB0701D40120D5
:10AA800070BD094B1868D4F85730012184F856106E
:10AA9000C0F80930B4F85B30A0F80D3007F021F8A9
:10AAA000EDE70020ECE700BF7410002038B5C38C40
:10AAB0000F4D0133C3F30E03C3842B7C04462BB12B
:10AAC00002F03CF901F010FC00232B7400232B71E1
:10AAD00094F869302BB101212046BDE8384007F0D9
:10AAE00040BE637C13B1E28C9A42F4D20021F3E7BA
:10AAF0007410002010B5074C2379012B05D1237C5D
:10AB00001BB102F01BF901F0EFFBA069BDE810409A
:10AB1000FFF7CCBF7410002070B5254C2379012BB2
:10AB200004D040F682412D20FCF76CFB98B901253A
:10AB3000237C1BB102F002F901F0D6FB002D36D0C8
:10AB4000A06907F05DFD68B301F0BEFFE369BDE8F1
:10AB500070409B6818472168A26911F8095B02F1EF
:10AB60004903E80992F8482006F0F6FD0028DED0F7
:10AB70002068002106F0DAFF0028D8D02379A069E8
:10AB8000012B02D040F65C41CDE72379E26903F165
:10AB900080435269013B05F00F0152F8233098477A
:10ABA0000546C5E7A069BDE87040FFF77FBF70BDEF
:10ABB00074100020074A0346906903B909B9FFF7EA
:10ABC00075BF1379D26903F180431269023B52F8D1
:10ABD00023301847741000202DE9F043032985B075
:10ABE0000546174607D14388980723D400242046FA
:10ABF00005B0BDE8F083428890F86830D107DBB239
:10AC0000F4D5002BF2D14FF00108DFF8D49099F879
:10AC10001060C6B106F0D5FD0828387016D002AA1B
:10AC20000DF10701FEF73CFA38B940F6F7612D2027
:10AC3000FCF7E8FA4FF00208E7E79DF8070002A9E1
:10AC400007F09EFB06463B78082B08D1D9F8001088
:10AC500011F8030BC0F3801007F092FB0646D9F8F9
:10AC6000001095F84F2011F8030B05F15003C0F3C5
:10AC7000801006F071FDD9F80010044611F8030B9E
:10AC8000C0F3801006F093FD8146FEF7A9FA40B1AB
:10AC9000B9F1080F1BD04846FEF7D4F980F0010344
:10ACA000D8B23A78082A14D01CB9AC7DA21A544202
:10ACB00054416A8853079AD4002897D176B9EC7C1E
:10ACC000444518BF002C0CBF012400248FE700204E
:10ACD000E7E780F001022240D4B2EAE7344686E793
:10ACE000741000202DE9F04F85B008230DF1070204
:10ACF000052104468DF80730FFF76EFF064620B9A0
:10AD00000026304605B0BDE8F08F794F39687A7C6F
:10AD100011F8030B07F11203C0F3801006F01CFDBD
:10AD200080460028ECD13B68A16918468D7D10F85B
:10AD3000032BC2F340122A408A75D3F80320C1F8CE
:10AD4000AD208288A1F8B1201D46A26915F81F1B0D
:10AD5000C1F3801182F8AC10D3F81F00029002A951
:10AD600028790871D3F80F00C2F8C800587D1D7DFE
:10AD7000000440EA0520DD7C2843C2F8D000B3F887
:10AD8000190082F81E8140F2E24909FB00F0C2F886
:10AD9000C4009D7DC5EB451005EB800505EB8505E1
:10ADA0006D00A2F8D850B3F8170009FB00F0C2F804
:10ADB000D400B3F81B00A2F8CC00B3F81D00A2F831
:10ADC000CE0093F8243003F01F005B0982F82200C4
:10ADD00082F81F31A56994F912A005F1160006F05A
:10ADE000D5FD40F20113A5F814314FF0FF0B85F8A3
:10ADF00016B1414605F1DC00FEF75EFC514605F157
:10AE0000A800FEF7FDF9A36984F87380B3F8AA20BF
:10AE1000A4F8742084F891B04FF6FF72A4F8922041
:10AE2000D3F8C420B2FBF9F2A4F88A20B3F8CC20FE
:10AE3000A4F88C20B3F8CE20A4F88E2093F81F211C
:10AE400084F89020627D9DF8070004F17E0162B3D2
:10AE500094F84820012A28D194F84E2002F0C0022C
:10AE6000402A22D1D4F84920C4F87E20B4F84D20DD
:10AE70008A8093F8AC2084F87720082803F1AD0588
:10AE800004F18401D3F8AD3004F1780227D0C4F87E
:10AE90008430AB888B8004F17701FEF701F940B96B
:10AEA00040F6E2312D20FCF7ADF90022C4F87E20F7
:10AEB000DEE794F8773043F0020384F8773004F14A
:10AEC0006A000C4906F02DFF0B4BA0691B6800229D
:10AED0003A71002B3FF415AF2146984711E7A3675D
:10AEE000AB8893800023C4F884308B80E7E700BFF1
:10AEF000741000208B28030094160020032937B516
:10AF0000044604D0052953D0012003B030BD0823E6
:10AF10000DF107028DF80730FFF75EFE0028F3D031
:10AF2000237C284D03B39DF8070094F8B630DBB9B5
:10AF3000237884F8B730082804F1B90229D004F145
:10AF4000B801FEF7ADF820B94FF477612D20FCF77A
:10AF500059F994F8B83043F0020384F8B8301A492C
:10AF600004F1AE0006F0DDFE2B6804221A70062202
:10AF70005A702046FFF750FD286894F83820616B1E
:10AF800006F0C5FD032328682B7101F05DFE00204B
:10AF9000BBE72868034613F8031BC1F3801184F84C
:10AFA000B810D0F80310C4F8B9109B889380D6E786
:10AFB000064B1B68002BEAD0984780F00100C0B216
:10AFC000A3E700BF74100020732803009016002030
:10AFD000F8B504460F4619B300F12005284607F0DE
:10AFE00014FEA0B963881A072ED5284607F024FE60
:10AFF0000646284607F009FE301AC0B207F02CFEBC
:10B00000474A936803442846936007F0DAFD2846D0
:10B0100007F0DCFD01F0D6FC2179252001F036FC9B
:10B020003F4E94F8562030680023037043706388C5
:10B03000103B0D2B64D8DFE803F05F635B0C6340CB
:10B0400063636363636363402046BDE8F840FFF7D2
:10B050002DBD06234370202303702046FFF7DCFC40
:10B06000638823F008039BB2152B05D094F8302099
:10B07000E16A306806F03CFD306801F0E5FD02232E
:10B0800021793371002001F0ABFC054607B9F0606F
:10B0900063881B0704D507F0DCFD0544C4F8F450B1
:10B0A0006388103B0D2B36D8DFE803F038352F2F9F
:10B0B000352F353535353535352F0C23437003465F
:10B0C000212103F8091B52B1D4F85720C0F80920F8
:10B0D000B4F85B209A80012106F003FDBDE7226DE4
:10B0E000C0F80920B4F854209A8094F84F10F3E780
:10B0F000062303704370B0E7022303700623F9E7C9
:10B1000040F259612D20FCF77DF821790120BDE83E
:10B11000F84001F039BE40F6F541F3E7F8BD00BF55
:10B120007410002038B54388102B044604D1BDE8C4
:10B1300038400121FFF74CBF0B4D2B7C23B101F0B0
:10B14000B9F8402001F0EEFD286801F07DFD60882F
:10B1500010F0040002D1217901F016FE002001F068
:10B16000C7FD01232B7138BD74100020024B012153
:10B170009869FFF72DBF00BF7410002010B5124C66
:10B18000237C1BB101F0DAFD01F0AEF8A06907F0F5
:10B1900037FA38B12379012B09D040F686312D20BA
:10B1A000FCF730F8A069BDE81040FFF77FBC2379B9
:10B1B000E269A069D26803F18043013BBDE8104019
:10B1C00052F82330184700BF7410002010B507480C
:10B1D000037903F0FF0433B914222146043005F04B
:10B1E0004DF8204610BD0C24FBE700BF7410002072
:10B1F00010B50A4C00232371FDF75AFD2060FFF7BC
:10B20000E5FF20B14FF442712D20FBF7FBFFE3690E
:10B2100013B940F20B31F7E710BD00BF74100020E6
:10B22000014B024ADA61704774100020F4B4020046
:10B23000034B044A1A60044B044A1A60704700BF6B
:10B2400090160020E5AC020094160020152703009C
:10B25000F8B5057DAF1E0446FFB2002D3AD0012F90
:10B260002DD800F1500190F84F0006F0A0FA082800
:10B27000064624D0FDF7F2FE10BB023D18BF0125A3
:10B28000012F8CBF0027012784F848506775A675E9
:10B29000FDF700FF054602F0AFFD154B0022E5FB70
:10B2A0000301C4E9100184F8562011462046FFF737
:10B2B000C5FB70B940F2A3412D20FBF7A3FF082680
:10B2C000022D09D104F149010020FDF7B1FD60B95B
:10B2D0000020F8BD0826F5E704F149010120FDF73B
:10B2E000A7FD0028F4D00125CAE70025C8E700BF64
:10B2F00040420F00F0B5444E327985B0044602F06A
:10B30000FF0312B90278FF2A04D140F6DD112D2087
:10B31000FBF778FFB36080F869303C4B00933C4BFF
:10B3200001933C4B0293F36968465B68039301F019
:10B3300083FC01F0EDFA01F001FD00F0D5FF364885
:10B3400001F036FB04F12005344801F06FFC28467B
:10B3500007F037FC284607F039FC01F033FB217970
:10B36000252001F093FA94F9120001F01BFB04F17F
:10B370002C01A06A05F0C1FC04F134010746A06A63
:10B3800005F0E2FC0546DFB1237FCBB1B4F92650CE
:10B39000ED43ED0F637D13B963885B0709D5D4E9ED
:10B3A00010126FF000439A4208BFB1F1FF3F0DD178
:10B3B0009DB930680330FDF78BFE307405B0F0BDE9
:10B3C000002DE7D0657F002DE0D1E3E702F014FD0A
:10B3D000D4E9102390429941EAD30122294620461C
:10B3E000FFF72CFB50B1FDF755FE054602F004FDBA
:10B3F0000B4BE5FB0301C4E91001DAE7002DD8D0BF
:10B4000040F61C2183E700BF741000207DB10200CC
:10B4100019AB0200B5AB0200D6BE898E555555005A
:10B4200040420F0073B50446FFF764FF0021204639
:10B43000FFF7CEFD236E0BB101221A606388DB0794
:10B4400024D50023124EA569CDE90033FF23737480
:10B450006846FCF73DFAC8B9009CA542F8D095F8BB
:10B46000B32094F8B30005F1B40304F1B40106F07D
:10B4700073F90028ECD094F8AC307374D4F8AD3084
:10B48000C6F81230034BB4F8B1209A8002B070BDF8
:10B490007410002086100020024B9861DB691B6845
:10B4A000184700BF7410002043881B0710B50446DE
:10B4B00012D583690A493C2280F87320B3F8AA3078
:10B4C000A0F87430FF2380F891304FF6FF73A0F896
:10B4D00092306A3006F025FCFF2384F8693010BDF5
:10B4E0008B280300D728030025B10200DD280300C4
:10B4F000FDAE020025B40200F5AA02006DB1020003
:10B50000E4B40200E8B40200F0B4020001380228FA
:10B5100008B503D9C4212F20FBF774FE13290A4B69
:10B5200005D811290CD8102907D0D221F3E7152905
:10B53000FBD103EB4003D88801E033F8100008BDCD
:10B5400003EB40039889FAE78C920400294A38B546
:10B55000948803461C43402B1068948004D1042136
:10B56000BDE83840FFF76AB9802B01D10521F7E724
:10B5700003F00304032C04D140F6A4313120FBF77F
:10B5800041FEDD0706D50C6891602478062C0FD0AB
:10B590000B2C17D09C0706D509680978117305296B
:10B5A00019D00B2921D09B0644BF0823537338BD03
:10B5B000C47B1B2CEED100240025C0E91C450124CE
:10B5C000C474E7E7C47B112C01BF0024C4740124B8
:10B5D00080F85240DEE7C17B1729E4D10024002522
:10B5E000C0E91E4501210175DDE7C17B1029DAD1D3
:10B5F0000021F8E7941000200C4A517B034689B9DA
:10B6000010683BB9B0F80411B0F8E820914209D8AD
:10B61000FFF706B993881B0706D5007C073818BFCB
:10B6200001207047002070470120704794100020CF
:10B630002DE9F843614D06462C6800287ED1AB8881
:10B640001A0725D594F89E30FE2B04D140F2FB5109
:10B650003120FBF7D7FDFE2384F89E30E37B1D2BC2
:10B6600005D184F85100284606F075FCE673A37BEB
:10B67000232B06D1E37B233B072B94BF2A232423D0
:10B68000A373237C072B02BF0223AB7384F89E3085
:10B69000AB88DB0717D4AB885F0776D499077DD5D5
:10B6A000287B2B6801220D2883F89F2073D0112856
:10B6B0007DD007287DD0FEF793F9034600286BD193
:10B6C00040F2EE51C4E7D5F80080A96898F80F3031
:10B6D000D1F80090103B0F2B99F8007009D8BB1ED1
:10B6E000DBB2092B67D840F2333222FA03F3D807D2
:10B6F00061D509793846FDF7F1FD20B939462F4863
:10B7000006F048FC39E0012F01D9162F21D198F815
:10B710000E0006F02FFC40B198F80E30232B04D019
:10B72000242B07D12A2388F80E303846FEF74EF92D
:10B7300003461BE0162F14BF022620266B7B1B0737
:10B7400004D5E37B103B0F2B98BF08263046BDE89D
:10B75000F883112F15D005D8072F14D00D2FE4D161
:10B76000174B05E0142FE0D1164B1B68002BC5D0FA
:10B77000AA68124812794946984700288BD0064695
:10B78000DCE7114BF4E7114BF2E7227C062A04BFF9
:10B790000122AA7382E70E4B08489847AB88DA0665
:10B7A000CCD5E37B092BC9D10A23E373C6E7094B48
:10B7B000F2E7094BF0E70826C0E700BF941000202D
:10B7C000CF2D030098160020132E030061B802004D
:10B7D000F92C0300452D03006F2D03002DE9F041E6
:10B7E000A0F10E040B1EE4B208BF1F23172C16464F
:10B7F0000AD80125A54040F251210D4207D115F488
:10B8000060051FD1082C07D00020BDE8F081BDE8FD
:10B81000F041002107F024BA1468A17B242906D145
:10B8200019463046FDF780FA84F82C5105E02A29A4
:10B83000EAD1E37B233B072BF3D80023A37384F8DF
:10B840004A30E1E7054A1468002CDDD01A4601466B
:10B8500023463046BDE8F041184700BF9C16002043
:10B8600070B54D78A5F10E03DBB2152B04460CD84C
:10B87000012101FA03F640F25122164207D1026873
:10B88000152B927B2AD0082B07D0002070BD0246D2
:10B890002846BDE8704007F0E3B9242A01D02A2ADF
:10B8A000F3D1204606F045FB2368DA7B252AECD04D
:10B8B00093F8632022F0010283F86320226892F853
:10B8C000633023F0080382F863301A212046FDF725
:10B8D0002BFA2368002283F82C21D6E72C2AD4D116
:10B8E000024B1B68002BD0D09847CEE7A016002053
:10B8F0002DE9F04190F86E7290F86F6204460D46A3
:10B900007FBB90F8141176BB94F8153184F81411AC
:10B9100084F81531FF2384F81631154B1B6804F1A8
:10B92000A8080BB14046984794F82C31012B01D060
:10B930003E4303D0237B43F001032373404606F0CC
:10B9400036FA18B1237B43F0020323730621204605
:10B95000FEF774FF002384F82C3135B1A373BDE8E2
:10B96000F0813946CFE73346D0E7E573F7E700BF0C
:10B97000A416002073B5484D002604462860AE800A
:10B980006E73AE73FF2380F84C30B0F8B231002BE9
:10B990007CD090F89E30FE2B78D190F82031002B8F
:10B9A00074D0037C063B012B70D990F82131A0F8AC
:10B9B000446080F8A0300221012207F0AAF984F83F
:10B9C000BA6102212846FDF755FFB4F8B611B4F864
:10B9D000B821B4F8DA30013989B2B1FBF3F313447A
:10B9E000A4F8B831B4F840300B44A4F840302046F5
:10B9F00007F0DCF910B1636B0B446363B4F8B23148
:10BA0000012B9CBF0133A4F8B231002609B184F8A0
:10BA1000BE61E37B84F8BA61093B012B0FD8E38850
:10BA2000B4F86C229B1A190409D404F26E2104F1B3
:10BA3000160005F0ABFFE673FF2384F84B30B4F833
:10BA4000B62104F1A801204605F0E6FFE37B134A86
:10BA50001349103B0F2B8CBF002301230093286850
:10BA6000104BFCF7A3FC2C68237BDA0703D50A48AC
:10BA70000021FDF759F9237B9B0703D504F23F1002
:10BA8000FDF730FE0023237302B070BD94F89E10C2
:10BA9000FE299AD0004896E794100020F9B50200DC
:10BAA0004DB50200A9BA02002DE9F047B24F0E468B
:10BAB000B9883C688D0556BFB4F840200023013298
:10BAC000804646BFA4F8403084F8BE31A4F8402038
:10BAD000204607F06BF938B10B4604F59B7204F170
:10BAE000A8012046FEF738F9BB8803F4C06323B1F0
:10BAF000A37C002B45D0032B49D0A27CBB88012A14
:10BB000003D1180544BF0222A274B8F1000F40F01F
:10BB10008F8059065DBFB4F8D821013292B24246F7
:10BB2000A4F8D82103F00A020A2A0CD13A7B022A8F
:10BB300009D123F008033046BB80FFF779FD0823C5
:10BB40003043C6B2BB803046FFF772FD3D6895F8C2
:10BB50009E303043FE2BC6B23BD1D6BB2B7C063B7E
:10BB6000012B36D995F82031ABB195F82131A5F8E4
:10BB7000446085F8A03001220221284607F0C9F868
:10BB800027E00121A1742046FEF758FEB5E7022305
:10BB9000A3740121F7E795F80FA0AAF10F0A5FFA45
:10BBA0008AFABAF1100F40F2E9802B68DA0702D561
:10BBB00032460921E1E7980740F18D8032460C2199
:10BBC000284607F0A6F895F8533043F0010385F8AE
:10BBD0005330B4F8B83194F8BB510133A4F8B831FC
:10BBE000002D00F0FB81FCF7A5FC10B10023A4F8A8
:10BBF000B831A17C012940F22382237C072B40F03D
:10BC00000582B4F84030022B40F21A82B4F8425058
:10BC10000135ADB2E3882B44A4F8B03194F8BC31BF
:10BC2000002B00F011820123E2881344A4F8B43100
:10BC3000BB883D685B065FBFB5F8C431B5F8B62177
:10BC40009B189BB248BF0023A5F8C43195F820315A
:10BC50001BB92B7C063B012B06D8B5F84430B5F850
:10BC6000B6211344A5F8443095F84A1031B1B5F81F
:10BC70004630B5F8B6211344A5F8463095F9502062
:10BC8000002AC1BFB5F84E30B5F8B6011B18A5F8AB
:10BC90004E3095F8313063B9B8F1000F40F05E8254
:10BCA000BB7B022B40F0168295F8A030062B18BF04
:10BCB000162395F8302022B92F4885F83130FDF74A
:10BCC00099FE284607F0D2F8002384F84C30BDE8EE
:10BCD000F047FDF77FB8590702D5324613214CE7EC
:10BCE0001A0706D595F8983085F8A0303246072116
:10BCF00043E713F0300F3AD095F82331002B5BD196
:10BD000095F82231D3B1EB7B282B05F1A80005F57E
:10BD1000917105F26E2228D0AB7BA3F1280CDCF1E7
:10BD2000000343EB0C0306F034F82B6823F02003E8
:10BD300043F010032B60002385F822312B68DA06CC
:10BD40003AD505F1A80006F032F818B105F23F1017
:10BD5000FDF7C8FCB5F8FE30A5F8A030B5F8023103
:10BD6000A5F8A2300022152107E70123DBE75B06D7
:10BD700022D50022242100E794100020D7F800905B
:10BD800099F80F30172B2DD011D8102B1DD0152B53
:10BD90001FD0AB7B002B63D1EB7B0F3B102B67D904
:10BDA00095F83E30002B63D001221221E5E61F2BCF
:10BDB000EFD1324606210AE03868C37B252B3FD0FD
:10BDC000342BE6D100221121D8E632460B21484619
:10BDD000D4E64846FDF782FE00283FF4FAAE002282
:10BDE0000421F4E799F86832012B07D13246052186
:10BDF000484606F08EFF89F86862EAE699F86832EC
:10BE0000022BD9B27FF4E5AE99F8523053B1062334
:10BE100089F8A0303246484606F07BFF002389F8B7
:10BE20006832EAE73B6840F20632A3F89A2099F8B4
:10BE3000623013F0040F32460CBF0D211121EAE7E6
:10BE400090F82C31022B02D10022172196E690F8AF
:10BE50002C31012B9DD190F82D31002BF4D098E797
:10BE6000082B05D195F8993085F8A03001223EE7DE
:10BE7000BAF1100F7FF6ADAE3D6895F80E90B9F1AE
:10BE8000000F7FF4A6AE95F833313BB101220E21AD
:10BE9000284606F03EFF85F83391AEE795F832313B
:10BEA00083B195F8539019F0030A0BD101220C21AC
:10BEB000284649F0010906F02CFF85F8539085F8D3
:10BEC00032A19AE795F822313BB395F8233123BB91
:10BED000EB7B282B05F1A80005F5917105F26E2288
:10BEE00019D0AB7BA3F1280CDCF1000343EB0C036E
:10BEF00005F04FFF002385F8223101221421284646
:10BF000006F007FFB5F8FE30A5F8A030B5F802310D
:10BF1000A5F8A2305DE60123EAE795F82C31012B64
:10BF20003FD195F82D31002B3BD1EA7BA2F12303C1
:10BF3000072B36D995F81401012806D0022804D021
:10BF40004FF43F710620FBF75DF995F815110129B3
:10BF500001D00229F4D1022895F82E310BD0012B03
:10BF600014BF0023012343B9093A042A7FF631AEF6
:10BF70000122162101E6022BF2E7022995F82F3162
:10BF80000DD0012B14BF00230123002BECD07648E9
:10BF90000021FCF7C9FE002385F82C3119E6022B9D
:10BFA000F0E795F835314BB195F82D3133B9EB7B8E
:10BFB000233B072B02D901222321DEE595F83431FA
:10BFC000012B05D1002385F8343101222521D4E548
:10BFD00095F83431022B7FF4FCADF3E7FCF7A4FABB
:10BFE00008B1A4F8B851FCF7ADFA00283FF401AE4F
:10BFF00094F8BE310133DBB2022B84F8BE3182BF2C
:10C000000023A4F8B83184F8BE31F2E594F83E304C
:10C0100013B1A37B0E2B13D1B4F84250B4F84030C7
:10C020002046ED1A033D06F0C1FE58B1A36B626BCA
:10C03000033B9B1A9D42A8BF1D46012D3FF7E9AD6A
:10C040000125E7E52B46F5E7012D7FF6ECADE37B17
:10C0500013B10A2B7FF4E7ADA37B002B7FF4E3AD94
:10C06000237C002B7FF4DFAD02297FF4DCAD94F854
:10C07000BE31002B7FF4D7ADD4F8BC00B4F8DA9011
:10C0800004F084FC00283FF4CEAD94F89E30FE2BE3
:10C090007FF4C9ADB4F8B231012B7FF6C4ADB4F86A
:10C0A000B821B4F8CC309A42BFF4BDAD9B1A9BB214
:10C0B000013DADB2B5FBF9F59D4228BF1D4619FB08
:10C0C00005F3003D03F1010318BF01259BB284F87D
:10C0D000BA51A9E5012B08D16B7C002B7FF4E9ADA7
:10C0E00000212846FEF7AAFBEEE55EB1F00633D448
:10C0F000310733D4B20633D4B30733D14FF43161AF
:10C10000312020E739B1B5F84610B5F848309942EA
:10C1100001D32223CDE5002A05DDB5F84E20B5F880
:10C1200048309A42F5D2B5F84420B5F842309A42E8
:10C1300009D2AA7CB5F8403052B1B5F842209A42F3
:10C14000CED80823B5E595F82031002BE1D1F0E7F2
:10C15000052BC5D93E23ACE51E23AAE53D23A8E562
:10C160002323A6E52A23A4E59410002013B5D0F8D4
:10C170007432D0F8C42001909342044605D1D0F81F
:10C180007812D0F8CC20914216D0B4F8AA20A4F8A6
:10C19000872140F2E242B3FBF2F3A4F88931B4F80C
:10C1A0007832A4F88B31B4F87A320A49A4F88D3188
:10C1B00004F27D1005F0BEFDB4F87A22D4F87412B2
:10C1C00001A8FDF735F80023E3730323A37402B03D
:10C1D00010BD00BF8F200300074B93F900301844B7
:10C1E000142804DC10F17F0F03DB40B270471420E9
:10C1F00070476FF07E007047A510002007B57F23C1
:10C200000DF107008DF8073000F0A6FD03469DF9FB
:10C21000070053B1094B5B785B4240FA83F0142866
:10C2200006DC10F17F0F05DB40B203B05DF804FBC4
:10C230001420FAE76FF07E00F7E700BFA51000209A
:10C24000024B00221A705A70704700BFA5100020E0
:10C25000064BD3F8000138B1D3F8040120B1D3F86C
:10C260000801B0FA80F04009704700BF00F00040BC
:10C27000034B00221A705A7010229A70704700BF48
:10C28000A710002070B50646022014460D4600F0A7
:10C29000A3F8064B01221A70054B033CC3F8104566
:10C2A000C3F80865C3F8045570BD00BFA71000208F
:10C2B00000F0004008B5022000F08EF8084B012283
:10C2C0001A70084B0022C3F80021C3F80421C3F8F8
:10C2D000082103F580334FF40002C3F8042508BD9C
:10C2E000A710002000F000400E4A08B5137883B173
:10C2F0000D4B4FF40001C3F80815FFF7A9FF68B113
:10C3000001235370094BD3F80034DBB29370002340
:10C310001370BDE80840002000F05EB85070102394
:10C32000F4E700BFA710002000F0014000F000403B
:10C33000094B1A7862B1094BD3F8002152B1D3F8F6
:10C34000040140B1D3F80801B0FA80F04009704709
:10C350005878704702207047A710002000F0004076
:10C3600008B5074B1A783AB1FFF772FF30B1054BA9
:10C37000D3F80004C0B208BD9878FCE71020FAE7B3
:10C38000A710002000F0004008B50A4BD3F80025A4
:10C39000032A04BF01229A600022C3F80025C3F8D3
:10C3A000002500F0F9FE044B4FF40002C3F8082505
:10C3B00008BD00BF00F0004000F00140054B4FF405
:10C3C0000042C3F88020BFF34F8FBFF36F8FFFF79A
:10C3D000DBBF00BF00E100E010B50446FFF7D4FF6B
:10C3E000012C06D0022C0CD054B18C213D20FAF740
:10C3F00009FF0B4B0222C3F800250A4AC3F8142593
:10C4000010BD074B0322C3F80025064AC3F81425C4
:10C4100003F580334FF40002C3F80425F0E700BFB2
:10C4200000F00040AA100020044B1868062818BF2E
:10C43000B0F1FF3F0CBF012000207047F013002037
:10C44000044B1868062818BFB0F1FF3F0CBF01204D
:10C4500000207047F013002008B5FFF7E5FF38B162
:10C46000044B1868063810F1080F94BF0020012013
:10C4700008BD00BFF413002008B5FFF7E1FF38B195
:10C48000044B1868063810F1080F94BF00200120F3
:10C4900008BD00BFF413002008B5FFF7C5FF38B191
:10C4A000044B1868063810F1080F8CBF00200120DB
:10C4B00008BD00BFF4130020064B0022C3F8002182
:10C4C000C3F80C21C3F81021C3F80421C3F80821D4
:10C4D000704700BF0010004070B5134D6E7F0346DB
:10C4E000084626B940F6C1013E20FAF78BFE63B933
:10C4F000012EAC69297F05D100F03CFD20442B6959
:10C50000C01A70BD06F069FDF8E7012B09D1012EB4
:10C51000AC69297F02D100F01DFDEFE706F068FD50
:10C52000ECE70020EBE700BFB81100200B4B93F8BD
:10C530002B0088B193F82A307BB1094BD3F8002245
:10C5400042F00102C3F80022D3F8500500F0F600D3
:10C55000023818BF0120704701207047B811002031
:10C560000010004008B5094B01281871084B06D08F
:10C57000022808D040F645513E20FAF743FE032238
:10C58000C3F8102508BD0422FAE700BFB811002047
:10C590000010004008B570B9104B2831D96018461A
:10C5A0000F4900F023FF0130012816D940F2C26183
:10C5B0003E20FAF727FE01280CD1084B2931D9601B
:10C5C0001846074900F018FF0130012805D940F24C
:10C5D000CC61EDE74FF4DA61EAE708BD28000020FE
:10C5E000A092040008B50C4B5B78012B09D100F038
:10C5F00009FF013001280ED940F611113E20FAF74B
:10C6000001FE022B07D100F003FF0130012802D9FF
:10C6100040F61711F2E708BDB8110020094B0A4A8D
:10C620001B89B3F5166F3ABFA3F6381343F4807332
:10C63000A3F5166300F07F00C2F80835C2F8540570
:10C64000704700BFB81100200010004010B50C4624
:10C65000FFF788FF2046FFF7E1FF0F4A0023C2F8EB
:10C660001C31D2F8003243F48873C2F8003240F231
:10C670000313C2F8343540F25B63C2F83835FFF774
:10C68000EBFE40B9FFF708FF28B9D2F8683543F44C
:10C69000C023C2F8683510BD0010004073B50C46C9
:10C6A000154D0646FFF75EFF2046FFF7B7FF214610
:10C6B00095F9052001AB304600F034FE9DF80500E9
:10C6C00000F0ACFE20B140F2E3513E20FAF79AFDB3
:10C6D0009DF90400294600F035FC084B40F2031296
:10C6E000C3F83425284640F25B62C3F8382502B00F
:10C6F000BDE8704000F0FABDB81100200010004005
:10C700002DE9F04106460C46174601F083FB002850
:10C71000FBD02C4B2C4D4FF40022C3F808259EBBB8
:10C7200001236B7095F82A301BB9A9793846FFF7B9
:10C73000B5FF264B33F817304FF47A7203F5FA73CE
:10C74000B3FBF2F3224AE41A1E4BC3F8AC252B6963
:10C750001C4A204FE1184FF001081F4B85F82A8032
:10C76000C7F84015C2F8A8352B6A43F400232B62A2
:10C770004FF40023C2F80435FFF7D8FE0446B8B9D9
:10C7800000242046BDE8F081012E0CD102236B70FD
:10C7900095F82A301BB9A9793846FFF757FF094B9E
:10C7A0000E4A293CD1E740F634013E20FAF72AFD33
:10C7B000C7F84C80D7F84C358B42E1DA3046FFF7AA
:10C7C000E9FEDEE700F00140B811002018930400F4
:10C7D00000100040008000404081004004100040F4
:10C7E00008B540221048002103F048FD0F4B1B689C
:10C7F00023F004020A2A05D0102B03D0082B0ED1F7
:10C80000402200E024220A48FF2103F037FD4FF0C8
:10C8100080430022C3F8082EC3F8102E08BD0D2B4C
:10C82000EED03822EFE700BFB8110020F01300204F
:10C83000000E0040024B0344187E00F5166070475E
:10C84000A0920400024B98691B69C01A704700BF90
:10C85000B81100200A4B1A7FD3E90430C01A094BE3
:10C8600003EB82031B6CC01A074B53F822304FF4C2
:10C870007A7203F2F313B3FBF2F3C01A704700BFEE
:10C88000B8110020A09204000C930400FF2808B502
:10C8900004D940F2CB213E20FAF7B4FC114B012918
:10C8A000188504D0022919D04FF44F71F3E7002303
:10C8B0000D4A43F4801340F0007043F4847340F455
:10C8C0004030C2F81435C2F81805D2F8503503F0DC
:10C8D000F703032B05D140F25631DCE74FF08073AC
:10C8E000E6E708BDB81100200010004008B5FFF7CA
:10C8F000B3FD50B1054AD2F8743723F0807323F0AA
:10C90000010343F08073C2F8743708BD0010004083
:10C910001E4B2DE9F0410226C3F88060BFF34F8F14
:10C92000BFF36F8F01F070FA044601F0B1FB184DB0
:10C93000001B184C286100274FF00108C4F8FC7F49
:10C94000C4F8FC8F00F082FC40F20122C4F830856C
:10C95000C4F85026104AC4F80062107C00F076FD3E
:10C960000E4A0A4B0E49C2F804151022AF836F8598
:10C97000AF61C3F88061C4F804231E602B6C03B15F
:10C980009847BDE8F04100F025BD00BF00E100E0A0
:10C99000B8110020001000402800002000F00140E5
:10C9A0000000020C014B5871704700BFB811002005
:10C9B000034B020E0002C3F82425C3F81C05704780
:10C9C00000100040044B054A034490711B7E03F5A0
:10C9D00016631381704700BFA0920400B8110020B5
:10C9E000F8B52B4C94F82B3006460F4623B940F28D
:10C9F00006713E20FAF706FC264A012384F82A3005
:10CA0000D2F8003243F00103C2F8003201F002FA1A
:10CA10000028FBD02EBB0123A17963703846FFF7B5
:10CA20003DFE6378012B02D04FF4E961E1E71A4A39
:10CA3000D364A2F5E0421360174BD3F84C5530464F
:10CA40002946FFF7A7FD2369ED1AF6B9134B33F812
:10CA500017304FF47A7203F5FA73B3FBF2F35819F7
:10CA6000F8BD012EE8D10223A17963703846FFF7A3
:10CA7000EDFD6378022B02D040F25171B9E7064B0D
:10CA8000DE64A3F5E0435E60D6E705F12900E7E741
:10CA9000B8110020001000400080004018930400EE
:10CAA00008B5FFF72DFE58B9064BC3F84005A3F5AE
:10CAB000E04301221A610220BDE80840FCF7CCBD2A
:10CAC00008BD00BF0080004073B5234B2349D3F855
:10CAD0000443234D02224FF0FF30C3F80803C1F88E
:10CAE00080212049C3F8002200226A85C1F8402530
:10CAF00001F5B8314FF46026C1F80865D3F8501538
:10CB0000C9B204F01004D1B18DF80700C3F81021A8
:10CB100001221A619DF8072012B1D3F810213AB111
:10CB20009DF807305BB940F6FF013E20FAF76AFB3B
:10CB30009DF80720013AD2B28DF80720EAE7FFF707
:10CB400051FD054B0022C3F810212A8014B1102298
:10CB5000C3F8042302B070BD0010004000E100E003
:10CB6000B81100200080004038B51B4D0024C5F8E6
:10CB70004845C5F84445C5F84045C5F84C45FFF75C
:10CB8000A3FF00F02DFC154B15491A6A1C6242F0F8
:10CB9000446242F40032C1F80825C3E90544DC7060
:10CBA000104BC5F848450222C5F84445C5F8404534
:10CBB000C5F84C45C5F84841C5F84441C5F8404161
:10CBC000C5F84C41C3F88020BFF34F8FBFF36F8F80
:10CBD000C3F8802138BD00BF00800040B81100209C
:10CBE00000F0014000E100E070B50F4D2C780646E2
:10CBF0001CB96C70EC706C8570BD18B1BDE87040EC
:10CC0000FFF762BF013C18BF0124AA789621204695
:10CC1000FFF762FC2E80AA7885F82A60014620463C
:10CC2000BDE87040FFF73CBFB8110020014BC3F8CE
:10CC30003C0570470010004010B50FC8014C84E857
:10CC40000F0010BDFC1100200A490B4B10B5C1F8B4
:10CC50000405012483F82B405862FFF767FC40B9B4
:10CC6000064BC3F840050C610320BDE81040FCF7FB
:10CC7000F3BC10BD00100040B8110020008000403F
:10CC8000174B1A6910449A69824210B5154C09D3A2
:10CC90000220FCF7E1FC0023C4F84035124B0122CE
:10CCA0001A610CE00122DA706264D4F8441505318F
:10CCB000814205D30C4BD3F804110029F0D010BDEC
:10CCC0000022C4F84421C4F844051A6A42F48002E0
:10CCD0001A62064B4FF48002C3F80425EFE700BF49
:10CCE000B8110020008000400010004000F001401A
:10CCF00010B50B4C0346607F217F227901284FF04D
:10CD0000960009D100F044F9A36922699B1ABDE895
:10CD100010401844FFF7B4BF00F054F9F4E700BF27
:10CD2000B8110020044BC3F86005D3F8002242F08C
:10CD30004002C3F80022704700100040054BD3F8B2
:10CD4000002222F04002C3F800220022C3F860252E
:10CD5000704700BF001000400A4A0146D2F81C018B
:10CD600082B068B1D2F8483503F07F035B420B70A4
:10CD70000023C2F81C31D2F81C310193019B012021
:10CD800002B0704700100040034B002814BF02227D
:10CD9000012299701A707047B8110020054B0022CB
:10CDA000C3F84025044AD2F85035DBB20BB1012359
:10CDB00013617047008000400010004030B5044B04
:10CDC000D3E90C459B6BC0E900450B6030BD00BF4B
:10CDD000B81100202DE9F04701F01AF84D4C4E4EE5
:10CDE0004FF00109C4E90C01C6F84C90D6F84C3557
:10CDF000A363FFF7F7FB494B226AC3F80825002518
:10CE0000474A2562C3F8AC55D2F8003223F48E733A
:10CE100023F00103C2F80032D6F84835A361D6F8F2
:10CE20004435636163786377D2F80C8184F82B50C2
:10CE3000D2F81011FFF740FB6778022F4FD1E3784B
:10CE400013B1D6F8443113BBB8F1000F26D0FFF769
:10CE500003FB50BBFFF720FB38BB314BD3F85034FA
:10CE6000D90122D51A0705D013F0F00F02D013F420
:10CE7000706F1AD12A4AC3F304410129D2F854240D
:10CE800013D1012A11D0C3F34253022B0DD8012034
:10CE9000FFF7AAFE636CBDE8F0471847002937D0BA
:10CEA0000120FFF7A1FE236DF5E72379237700200A
:10CEB000258DFFF799FE1A4BD3F80034DB070CD50C
:10CEC000636A5878A84294BF00200120A36C002117
:10CED00080F00100BDE8F04718470120F6E7012F78
:10CEE00013D123792377B8F1000F06D02846FFF736
:10CEF0007BFEE36C39462846ECE749B13846FFF73C
:10CF000073FEE36C41464046E4E709B14846C8E792
:10CF1000BDE8F087B81100200080004000F001401B
:10CF200000100040024B03EB8003186C704700BFF9
:10CF3000A0920400024B03EB8003D86C704700BF43
:10CF4000A0920400024BC0B2C3F80C05704700BFAA
:10CF500000100040064A4FF47A7332F9112058430A
:10CF600000F2E7301044B0FBF3F00238704700BF26
:10CF700004930400054A4FF47A7332F9112000FB40
:10CF800003301044B0FBF3F0704700BF049304007B
:10CF900038B51D460A4B33F9114003EB82030535C2
:10CFA0009B681C4404F6B7344FF47A7303FB0044C7
:10CFB0001046B4FBF3F4FFF7B5FF2544284438BD11
:10CFC0000493040070B5064608461546FFF7B2FF05
:10CFD000094B03EB85039C684FF47A7304F6B7346E
:10CFE00003FB0644241A2846B4FBF3F4FFF79AFF28
:10CFF0000530204470BD00BF04930400024B0022A2
:10D000001A705A709A7070470C1200202DE9F04186
:10D01000054601200C4617469846079EFFF7DCF9A7
:10D020009DF8243005F0030141EA0341244B41F00F
:10D030008071C3F80415234B214604F110021846F1
:10D0400051F8044B43F8044B9142F9D11E499DF825
:10D050001830C0F814800761CB763368CB617368F1
:10D060000B62174B194AC3F808051268062A09D043
:10D0700001321FBFD3F81825BDF8200060F3070266
:10D08000C3F81825124B134AC3F8082515F0FB0FF7
:10D0900001BF114AC3F89825FC3AC3F89C25012228
:10D0A000022D4A7081F8245007D8054B0A700021E0
:10D0B000C3F80011C3F800121A60BDE8F08100BF88
:10D0C00000F000400F1200200C120020F01300208E
:10D0D00000F001400000020200F1004070B5194C60
:10D0E000637823B94FF4D5713C20FAF78BF8164BCF
:10D0F000C3F80C15C3F8100594F824500122A2704F
:10D10000C5B924780CB99721EEE7104CC3F8045147
:10D110004FF40035C4F80455D3F8006116B15A60D5
:10D12000C4F808550B7803704B78043343708B7840
:10D13000837070BD00212270C3F80411C3F800226F
:10D140001A60F6E70C12002000F0004000F00140E9
:10D150000E4A08B5537823B94FF4DF713C20FAF733
:10D1600051F80B4BC3F80C150121C3F81005917051
:10D1700012780AB9BA21F1E70022C3F80421054B5D
:10D180004FF00072C3F8042508BD00BF0C12002048
:10D1900000F0004000F00140084B1A784AB10849FD
:10D1A000084AC1F808250022C1F89825C1F89C2535
:10D1B0001A7000225A709A70704700BF0C1200203B
:10D1C00000F0014000000202194B1B7870B523B932
:10D1D0004FF4F2713C20FAF715F8164CD4F80431EC
:10D1E000BBB90223C4F80433134B144E1D691A69EA
:10D1F00042F0100205F010051A61D4F804317BB139
:10D2000025B90D4A136923F0100313610223C4F8F2
:10D210000833084BD3F80004003818BF012070BD54
:10D220004FF40043C6F8803105F0CAFFE5E700BFC0
:10D230000C12002000F0004000ED00E000E100E0F2
:10D24000014B01229A60704700F0004010B5FFF7D3
:10D25000F7F888B1224B1B68063B083333D9214AC3
:10D26000D2F83C3723F0004323F0FF0343F00043A0
:10D2700043F09603C2F83C37FFF7FEF8194C38B17B
:10D28000D4F8403723F47F4343F4B053C4F8403715
:10D29000154BC4F8783700F0D3F838B14FF080530D
:10D2A000D3F830335A1C18BFC4F84C374FF0102352
:10D2B000196E4B1C1FBF0B4AD2F88C3561F3174314
:10D2C000C2F88C3510BD074AD2F83C3743F480636E
:10D2D000C2F83C37FFF7B4F80028C0D1CCE700BF54
:10D2E000F4130020001000402C00008908B501460E
:10D2F000FFF7C2F898B10B790948022B4FF0805321
:10D30000D0F88825D3F8203322F4FE420CBFC3F3B3
:10D310000663C3F3062342EA0323C0F8883508BD39
:10D32000001000402DE9F04F264C85B00546984688
:10D330000E46174600F0C8F82378AB42814611D15B
:10D340006378B3420ED194F90230BB420AD1E3783C
:10D35000834207D1A388A8F8003094F9060005B0ED
:10D36000BDE8F08F012D06D0022D10D040F289418A
:10D370000620F9F747FF00200DF10F033A4631462A
:10D3800000F0A8F8824620B14621A920F1E701204B
:10D39000F2E730469DF90FB0FFF74CFAA91E4A425A
:10D3A00003464A41CDF800A04146584600F03CF8FB
:10D3B000B8F80030A071A38025706670A77084F85B
:10D3C0000390CAE740000020014B1B681B68184708
:10D3D00070000020014B1B685B681847700000203C
:10D3E000014B1B689B68184770000020014B1B68AD
:10D3F0001B69184770000020014B1B685B691847C8
:10D4000070000020014B1B689B69184770000020CA
:10D41000014B1B68DB69184770000020014B1B683B
:10D420009B6A18477000002030B4044C9DF80850E7
:10D4300024680295E468A44630BC60477000002070
:10D44000014B1878704700BFA816002010B50022C5
:10D450000C49134640FA02F4E40744BFCA545C1C6A
:10D4600002F1010248BFE3B2042AF3D1054AFF24C6
:10D47000D118032B01D9107110BD013301F8014BF4
:10D48000DBB2F6E7B41600203B3003004130030066
:10D49000433003006930030047300300733003005A
:10D4A0004D3003007D30030053300300893003000A
:10D4B0005F30030063300300553003005B3003002E
:10D4C0007930030083300300014B187D704700BFA3
:10D4D00040120020042810B511D883B104280CBFD5
:10D4E00010242824A1420AD2064C54F8200018B176
:10D4F00041568A42A8BF0A461A70002010BD6FF03C
:10D500001500FBE74012002030B50346114890F9A2
:10D510001C209A4219DD90F924209A4217DA9A1AAF
:10D52000846AA05C0C4A15569D420DD00E3200292B
:10D5300018BF01309442C0B206D129B1013BDBB221
:10D54000012B01D80130C0B230BD0D20FCE7002016
:10D55000FAE700BF401200202493040008B5054BF1
:10D5600093F91C30984203DAFFF7CEFF024B1B56AB
:10D57000184608BD401200202493040008B5184B3B
:10D5800093F82C20FAB9012283F82C20154A12684E
:10D59000A2F10800082803D813490141C90709D599
:10D5A000911F092910D9013212D04FF4DF71742074
:10D5B00002F07AFB0D4A9A62D8221A6283F824207C
:10D5C00008229A611A7708BD094A0A41D207ECD4A9
:10D5D000084A9A62D8221A6283F824200422F0E7CB
:10D5E00040120020F0130020DEFEFFFF5F930400D6
:10D5F000EEFCFFFF3293040010F0FF0008B508D1E5
:10D600004FF0804301225A60C3F80001034B1870A9
:10D6100008BD7C21B52002F047FB00BF6D12002041
:10D62000014B01221A7070476D12002008B548B9ED
:10D630004FF08043D3F8003113B9044B187808BD7C
:10D640000120FCE7C221B52002F02EFB6D12002064
:10D65000044B1868062818BFB0F1FF3F0CBF01202B
:10D6600000207047F013002008B5094B1A680A2AF9
:10D6700002D1084B1B6823B1FFF7EAFF08B9082A5B
:10D6800004D14FF080430222C3F8342C08BD00BF00
:10D69000F0130020F4130020F8B50F4E0127375483
:10D6A00004460D4605F0FDFC60B934B94FF08043E7
:10D6B000B7707560C3F80473F8BD40F225116D2092
:10D6C00002F0F2FA002DF7D01CB92046A84774608A
:10D6D000F2E74FF4A071F2E770120020044B191822
:10D6E00000228A7003EB80011A544A60704700BF21
:10D6F00070120020014B9881704700BF701200200B
:10D70000014BD889704700BF70120020014B9889E7
:10D71000704700BF7012002010B5EFF3108472B68E
:10D72000064B03441A7C0132D2B21A741B7C012BC3
:10D7300001D105F0AAFC04B962B610BD7012002038
:10D7400010B505F0D6FC05F0ACFC4FF0804408495C
:10D7500040B1FFF789FF0123236104238B74002369
:10D76000CB7410BD03238B740123C4F80433F6E794
:10D770007012002010B5EFF3108472B6094B034409
:10D780001A7C22B940F257216D2002F08DFA1A7CE2
:10D79000013AD2B21A741B7C0BB9FFF72DFF04B902
:10D7A00062B610BD70120020024B987C003818BF82
:10D7B000012070477012002073B51B4D6B7D63B95B
:10D7C000286A00F0030005F084FC30B1EFF3108309
:10D7D00072B6AA7C1AB103B962B602B070BD01225A
:10D7E000AA7403B962B64FF080430822C3F8082335
:10D7F0004FF42073ADF80630BDF80640A4B2631EA6
:10D800009BB2ADF80630002CF6D14FF080460748A9
:10D81000C6F80C4105F0B6FC85F82540FFF790FFEF
:10D820000823C6F80433D8E77012002094120020B1
:10D830002DE9F347484C237D002B00F08A80032319
:10D84000ADF804304FF08043D3F80051F5B9D3F868
:10D850000481B8F1000F09D04FF080430022C3F8D3
:10D8600004210222C3F80823FFF7A6FF94F82560DD
:10D870003A484FF08047F6B2D7F80C8105F086FCA5
:10D8800048B340F243316D2002F00EFA00258DF8C6
:10D8900004500122D3F80481C3F808230DF10409D0
:10D8A000271DA61C19F8010B03280AD0337843B1B1
:10D8B0003B684FF0000A86F800A013B19847C7F8FC
:10D8C00000A06B1C022B07F1040706F101064FF0C4
:10D8D0000105E7D1BDE745B1A37C032B05D10423A6
:10D8E000A374FFF7C1FE01233B61B8F1000F1FD005
:10D8F0004FF080430022C3F80C21A37C042B02D0FC
:10D9000040F26931BFE7164B1A680A2A02D1154B5B
:10D910001B6823B1FFF79CFE08B9082A04D14FF019
:10D9200080430022C3F8342C0223A37405F0E4FBE7
:10D930004EB1002384F82530A37C022B01D1FFF7E0
:10D94000FFFE05F0D9FB054802B0BDE8F04705F041
:10D950002CBC02B0BDE8F0877012002094120020A9
:10D96000F0130020F413002010B5054C206A00F0DD
:10D97000030005F0AEFB0028F8D0002010BD00BF6A
:10D9800070120020F8B5054650B10278042A07D875
:10D99000437842B9013B1F2B02D88378212B07D94A
:10D9A0006FF0150075E0002BFAD18378002BF7D1CA
:10D9B0007B4B0127C3F88070BFF34F8FBFF36F8F8E
:10D9C0004FF08046C3F88071764C0B23C6F80833BD
:10D9D0000023C6F80031C6F80431C6F80C312374B0
:10D9E0006374AB88E38105F05FFB08B1277027748F
:10D9F000D6F80C24D6F80C34D20303D5DF0701D5B2
:10DA0000FFF70EFE4FF4AF63A3812B78A9786375FF
:10DA100000222262A175E274042B4DD8DFE803F0E6
:10DA200005033A484A000123236205F044FB00281D
:10DA30004DD005F047FB236A03F00303984246D11B
:10DA4000AB79002B3DD1FFF78FFFA37D6BB12B7816
:10DA50005BB905F026FB054602F078FA6FF000434B
:10DA6000002D00F09980C4E906034FF08043D3F8FD
:10DA70000C24D3F80C34D20303D5DB0701D5FFF710
:10DA8000CFFD474A01230020A0742375C2F88031DE
:10DA90001360F8BD05F02DFB4FF08043D3F80C1454
:10DAA000D3F80C24CE03F9D5D007F7D50223BBE772
:10DAB0003D4BB9E73D4BB7E740F21E516D2002F0F8
:10DAC000F3F84FF080430222C3F80423BDE74FF080
:10DAD00080430122DA600022C3F80421226AC3F8DD
:10DAE0001825334A1368A3F10E01012904D90A2B22
:10DAF00002D0FFF7ADFD48B14FF080534FF08041A9
:10DB0000D3F84432C3F34233C1F83C351368A3F170
:10DB10000E02012A04D90A2B02D0FFF799FD20B189
:10DB20004FF080430122C3F84C254FF0804301227F
:10DB30009A600222C3F80423AA79002A85D1D3F877
:10DB40000423910702D440F2D141B7E7194A16697C
:10DB5000116941F010011161D3F8043106F010068B
:10DB60000BB905F02FFB4FF08047D7F8043183B194
:10DB7000FFF7FAFE26B90F4A136923F01003136169
:10DB80004FF080430222C3F808230022C3F8042187
:10DB90005BE705F015FBE8E7C4E9063065E700BF81
:10DBA00000E100E07012002001000200010003000B
:10DBB000F013002000ED00E010B50D4C04F124003E
:10DBC00005F0E4FA48B9A37C022B01D1FFF7B8FDB8
:10DBD000BDE81040074805F0E8BA074A012384F879
:10DBE0002530BDE81040C2F8003105F082BA00BF10
:10DBF000701200209412002000E100E038B50C4BB8
:10DC00000C46197919B183216F2002F04DF860B9E3
:10DC10005D790DB1002038BD01225A71FFF77CFDFE
:10DC200021462846FFF738FDF4E76FF01500F2E7CC
:10DC30009812002038B50B4D2B7904461BB19A2160
:10DC40006F2002F031F850B96B790BB9002038BD64
:10DC5000FFF744FD20466C71FFF78CFDF6E76FF08F
:10DC60001500F4E79812002010B501B3F0B14FF0A1
:10DC7000FF33104A1C46E0FB0134944203D9DB21F8
:10DC80006F2002F011F81A0D42EA0432C3F30F10AC
:10DC9000094B00EB02404FF22444B2FBF4F103FBCA
:10DCA0001100B0FBF4F040EA0140013010BD08461D
:10DCB000FCE700BF3F420F00000024F4014B9B68CB
:10DCC000184700BF98120020014BDB68184700BFBF
:10DCD00098120020014B1B69184700BF98120020C2
:10DCE000014B1B6A184700BF98120020014BDB69EB
:10DCF000184700BF98120020034B1A790AB9FFF7A2
:10DD0000FFBC988D704700BF98120020034B1A7912
:10DD10000AB9FFF7FBBC988A704700BF9812002031
:10DD2000024B1B790BB9FFF747BD704798120020D3
:10DD3000014B9B69184700BF9812002010B5144C86
:10DD40002379A3B1636A9847002806DB94F82E3044
:10DD500023B1012384F83030002010BDFFF7E8FF25
:10DD60000028F6DA40F28D116F2001F09DFF094B7B
:10DD7000A361094BE361094B2362094BA360094B83
:10DD8000E360094B2361FFF7FDFD0028E1D0E4E7E4
:10DD90009812002069D90200B9DB0200A9D702005D
:10DDA000F3300300F9300300FF30030038B5084BAF
:10DDB0001D79044625B140F2E1116F2001F074FF96
:10DDC00001F026F82046FFF795FC284638BD00BF35
:10DDD0009812002008B5074801F008F8054800F03F
:10DDE00021F801F04FFA01F031FA00F01FFB012099
:10DDF00008BD00BFCC12002001F0E2BB103001F0E2
:10DE000029B800BF01F03EB801F0D6BC01F09EBDBC
:10DE100001F0B0BD01F050BC08B52721032001F08E
:10DE200043FF00BF024B186000221A719A607047CE
:10DE3000D412002070B582B01E4C2379012B11D072
:10DE4000DAB2022A0BD1A0680DF1070100F014FB31
:10DE50000023A36023719DF8070002B070BD01206C
:10DE600002B070BDA0680DF1070100F0FBFAA568D3
:10DE70006B7DDB07ECD5AB7F042BE9D001F046F8D6
:10DE800006460028E4D001F047F82A69B3682E68F6
:10DE90006D68961945F1000500220A3342F100022F
:10DEA0001B1842EB0102B342AA41D1D3A06800F093
:10DEB00085FCCDE7D4120020837F0BB10020704792
:10DEC00010B50A684B688C68D1F80CC0C0F80CC05B
:10DED0008460026043600A694B6943610124026106
:10DEE0008477054B1A792AB998601C7100F0A4FF59
:10DEF000204610BDFFF790FFD412002070B50446F5
:10DF000082B00D4601F002F8A37F012B17D02B68D9
:10DF10006A68A9680646E868E060A16023606260FC
:10DF20006A692B69626101222361A2770DF1070101
:10DF3000204600F097FA2EB1012002B070BD0020FB
:10DF400002B070BD024B0421186805F0ECF8F3E74D
:10DF5000D4120020024B0621186805F0E4B800BF77
:10DF6000D412002010B5084B1A7952B904469860B3
:10DF700002221A7100F060FFA07FB0FA80F0400921
:10DF800010BDFFF749FF00BFD412002038B5837FD2
:10DF9000C3B1044609E0A37F042B09D0A37F012B62
:10DFA00011D005F00DF9A37F63B1A37F032BF2D14C
:10DFB000EFF3108572B6204600F0BCFA05B962B6E0
:10DFC000A37F2BB938BD4FF48271032001F06CFEA2
:10DFD000FF21032001F068FE70B5054600F096FFB2
:10DFE00008B3044600F098FFA4680346E41841F122
:10DFF000000628463346224600F072FBA04271EB31
:10E0000006034FF000050CD3001B6FF0010361EB1A
:10E010000601834275EB010100D370BD4FF0FF3064
:10E0200070BD284670BD40F22911032001F03CFE6E
:10E030002DE9F04104460F4600F068FF10B38568F3
:10E04000002362195B41064613B10020BDE8F08150
:10E0500000F062FF2A1841F100033846A51843F189
:10E06000000800F03DFBA84271EB0801EDD301F080
:10E07000A7FA00F019FAB368377523440120B3609A
:10E08000BDE8F0814FF4A371032001F00DFE00BF45
:10E0900000F042BFF8B50369002B4ED1044601F0F1
:10E0A0008FFA05460E46FFF715FE78B3D4E9000354
:10E0B000643546F10006A84273EB060223D3C4E997
:10E0C0000003EFF3108672B600F020FF054698B10A
:10E0D00000F022FFAB6800220B3342F100021B1854
:10E0E00042EB0101D4E90002834271EB02053CBF1F
:10E0F00003461146C4E9003106B962B62046BDE8C0
:10E10000F84000F083BB28463346D8E7FFF7FEFD12
:10E11000074600F00FFFB8422168626838BF3846F2
:10E12000963546F10006401946F10003884273EB2C
:10E1300002053CBF08461346C1E74FF4D1710320E6
:10E1400001F0B2FD1C4B1868A0B350E9063130B5A0
:10E1500050F8104C13F10A02036841F1000115193F
:10E16000A0F1180041F1000C1BB922E014D31B6888
:10E17000FBB153E90621AA4271EB0C0419D290F8C5
:10E1800014E013F8044C7445F0D19C88B0F81CE0FE
:10E19000A4EB0E042404EAD553F8100C0A3241F122
:10E1A00000018518A3F118001B6841F1000C002B39
:10E1B000DFD130BD704700BFE012002070B5264DA2
:10E1C00000236B60EFF3108172B6AA686A60AB60DF
:10E1D000EB6009B962B66A6872B3204C0026937985
:10E1E000032BA2F1180028D0136873B39A79042A7C
:10E1F000A3F118038446A6460FD1818B9A8B521A3D
:10E2000012049A6944BF0CF1180E184642B19C469C
:10E21000A2F118039A7F042AEFD09B7F032B16D11B
:10E22000DEF800201368CEF800300221C36886773C
:10E2300098476A68002AD2D170BD116852F80C3C28
:10E240009671696001219847F3E7A646EAE76321E2
:10E250009F2001F029FD00BFE0120020E412002001
:10E260002DE9F04F6F4B04681B68456883B08283CB
:10E27000427D0646894602F00102002B00F0CB8069
:10E28000A3F1180C002A6ED0DCE90001844275EB82
:10E290000107644A2FD39CF81420337D9A421BD87F
:10E2A000DCF808301B1841F1000113F10A0E41F1AE
:10E2B0000007744575EB070280F0A88032691219D7
:10E2C00045F10000964577EB000801D272463846CA
:10E2D0009A428841C0F08280DCF818300CF11802B4
:10E2E000002B00F09180A3F1180CDCE900018442BE
:10E2F00075EB0107CFD21F466346B068001945F1A0
:10E300000008002B44D0CDE90027CA46D3E90071AC
:10E3100010F10A0C48F10002674571EB020245D288
:10E320001A7D96F814C0944519D39A68D21941F110
:10E33000000112F10A0941F1000E4C4575EB0E0780
:10E3400045D237693F1945F1000CB9457EEB0C0BFE
:10E3500001D24F46F44697427CEB010C3DD39B69BA
:10E3600023B3183BD2E7DCE90001844275EB0101DD
:10E370002C4A0CD3DCF818300CF118023BB1A3F195
:10E38000180CDCE90001844275EB0101F2D21F4652
:10E39000334643F8187F1360FFF7D4FE864210D04F
:10E3A000002389F8003003B0BDE8F08FDDE90027D5
:10E3B0003346D14643F8187F1360FFF7C3FE864209
:10E3C000EED1012389F8003003B0BDE8F08F274675
:10E3D000AC4697427CEB010CC1D2D146114A0423D2
:10E3E000B3779168002333767376B376F37606F1CC
:10E3F00018020C4B69B1DB681A600B4B094918789D
:10E40000CA6001F009FECBE71F4676E722462846A0
:10E410005EE79A60F1E712B91746024AB8E7014A87
:10E420001F466AE7E01200207400002010B50A4C75
:10E430002378FF2B0AD1094801F0C4FD084B207056
:10E4400000221A609A60DA601A8210BD4FF48D7152
:10E450009F2001F029FC00BF74000020BDE10200F4
:10E46000E0120020034B1A8A02F1010CA3F810C03D
:10E47000FFF7F6BEE012002038B504460D46FFF760
:10E4800061FE0346E31AB3FA83F35B0905482B7078
:10E4900004F1180104F06DFE10B10023A3770120F0
:10E4A00038BD00BFE01200202DE9F0431F4E346854
:10E4B0006CB34FF000083546C6464FF004092346BA
:10E4C000246853F8187C53F8082CD21953F8147C9C
:10E4D00047F1000C82427CEB010C1AD22A681268C8
:10E4E0002A6083F80690B26883F800E083F801E0C0
:10E4F00083F802E083F803E07AB1F2681360F36016
:10E500004FF00108002CDAD1B8F1000F07D1BDE8B7
:10E51000F0831D46002CD2D1F6E7B360EFE7044B41
:10E52000BDE8F043187801F077BD00BFE01200208D
:10E530007400002070B5154EB368054600F118014F
:10E54000BBB1B368002423B913E01A681C4682B13A
:10E5500013469942F9D10CB1AA692260B26891427E
:10E5600004BF1B68B360F36899420AD00023AB77FD
:10E5700070BD074804F0FDFD0028F9D00023AB77FB
:10E58000F6E70023F460AB77F2E700BFE01200206B
:10E59000E41200202DE9F843484E3468002C00F0C6
:10E5A00087804FF000080F460546B14641464FF0C0
:10E5B000040E2346246853F8180C53F8082C12183C
:10E5C00053F8140C40F1000CAA427CEB070C69D202
:10E5D000D9F800201268C9F8002083F806E0B26874
:10E5E000197059709970D970002A5FD0F268136061
:10E5F000F3604FF00108002CDBD1B8F1000F03D01D
:10E600002F4B187801F008FD3368002B50D053E9E8
:10E610000612A94272EB070053F8100C3CBF2946C2
:10E620003A46A3F1180C0A304FF000041B6844F17D
:10E630000004091842EB04021BB92DE016D81B6830
:10E6400053B353E90604884274EB020E24D29CF8BB
:10E65000148013F804ECF045F0D1B3F804E0BCF8F2
:10E660001C80AEEB080E1EF4004FE8D0854277EB1D
:10E67000040E294638BF014653F8100C3A46A3F160
:10E68000180C38BF22461B68091842F100020A31F3
:10E6900042F10002002BD4D10CF1180373616046E3
:10E6A000BDE8F8839946002C83D1A6E7B3609FE7C5
:10E6B00000239C4673616046BDE8F883E0120020A9
:10E6C0007400002010B5054C6169204604F051FD2E
:10E6D00018B1606900231838636110BDE012002092
:10E6E0001C49096839B3A1F1180C9CF81410814237
:10E6F0001DD870B5DCE9004112F10A0543F1000EA6
:10E70000AC4271EB0E0620D2DCF81060341941F1F6
:10E710000001AC4271EB0E0115D2DCF8181071B19A
:10E72000A1F1180C9CF814108142F6D8E2E7DCF84D
:10E7300018100029D7D14FF0FF30014670474FF035
:10E74000FF30014670BD2C467146B4F10A0041F11C
:10E75000FF3170BDE012002010B5837F022B06D080
:10E76000837F012B02D0837F042B1DD110BD437DFD
:10E7700013F0020313D103210E4A817794680376C4
:10E7800000F1180143768376C3765CB1D3681960D3
:10E79000094BD160BDE81040187801F03DBC002362
:10E7A000837710BD9160F3E74FF4FF719F2001F074
:10E7B0007BFA00BFE01200207400002070B5114DFC
:10E7C00000F1180604463146284604F0D2FC98B100
:10E7D0000423A377AA68002323766376A376E376DF
:10E7E00042B1EB681E60084BEE601878BDE87040DF
:10E7F00001F012BCAE60F6E74FF402719F2001F009
:10E8000053FA00BFE0120020740000202DE9F04F01
:10E81000066983B0002E70D1D0E900158368077DAA
:10E82000EFF3108472B6DFF8DCC0DCF80020002AB9
:10E830005CD013F10A0EBCF81080CDF8048046F1CC
:10E840000006183AB046D2E9003611EB0E0A45EB45
:10E8500008099A4579EB060C48D38B4276EB050CF8
:10E8600028D3D2F810C01CEB030C46F1000BD445A2
:10E870007BEB090B34BF4FF0010C4FF0000CBCF1E7
:10E88000000F13D092F814C0BC4526D034BF4FF00F
:10E89000010C4FF0000CBCF1000F07D013F10A017E
:10E8A000936846F10005591845F100059269EAB1EF
:10E8B000183AC8E7D2F808A013F10A0C46F100098B
:10E8C0001AEB0C0C49F10009614575EB090934BFDD
:10E8D0004FF0010C4FF0000CD1E7B2F81CC0DDF88E
:10E8E0000490ACEB090CCCF3C03CD4E704B962B69D
:10E8F000C0E9001503B0BDE8F08F40F227219F204A
:10E9000001F0D2F9E0120020024B0521186804F052
:10E910000ABC00BFF8120020054B586810B1C3684C
:10E920000521184710B54FF41B71B02001F0BCF958
:10E93000F81200202DE9F0471646002B55D0D3E9F8
:10E9400000894B4C804579EB0103A38A3CBF80468C
:10E9500089466433B8EB000569EB01070022AB423E
:10E960002261BA41C4E9028916DBA36903F2A31349
:10E970009D4277F1000769DA3E4AC4F82880404694
:10E980004946C4F82C9000F03FFD3B4A052384F82B
:10E9900030303260BDE8F087627F237F1AB19A077A
:10E9A0001ED40022627703F0010AA36903F2A313C5
:10E9B0009D4277F100072EDABAF1000FDCD0A08A71
:10E9C0002C4AB8EB000069F10001C4E90A0100F02B
:10E9D0001BFD0623284A84F830303260BDE8F087FA
:10E9E000236A01209847237FDBE7214C637F2BB10B
:10E9F000237F9B0702D5236A01209847002565776E
:10EA000001F03CF8FFF760F92B461C4A84F83030DF
:10EA10003260BDE8F08701F031F8FFF755F9A08AC0
:10EA2000A369BAF1000F01D0984215D8B8EB0300E2
:10EA3000104A69F10001C4E90A0100F0E5FC022373
:10EA40000D4A84F830303260BDE8F08701F016F8E6
:10EA5000FFF73AF9A369E9E7B8EB0000054A69F165
:10EA60000001C4E90A0100F0CFFC034A01238EE74C
:10EA7000F812002009E90200C5EB0200BDED02001A
:10EA800002392DE9F04104292DD8DFE801F003090E
:10EA9000292C0C00164A137F003B18BF0123537723
:10EAA0000020BDE8F081044600F07AFC00F088FD0B
:10EAB0000E460746FFF76EFD0D4D80466868FFF76E
:10EAC0004BFE2246384631464346002400260027A6
:10EAD000C5E902676C60FFF72DFF0220BDE8F081F9
:10EAE000FFF7A8F9DCE740F21721B02001F0DCF8CD
:10EAF000F81200202DE9F84F2E4C637FA76980465D
:10EB000083BB94F81C9019F0010934D100F058FD32
:10EB100010EB070B41F1000A05460E4658465146D8
:10EB2000FFF738FDA8B3D0E900329B457AEB02012C
:10EB30001BD30023204AA56228463146C4E902BA05
:10EB4000E662236100F060FCB9F1000F18D0A38ADF
:10EB50001A4A9F4216D0022384F83030C8F80020A9
:10EB6000BDE8F88F4FF00009D0E7DD1B9B4662F14E
:10EB700000069246DDE7A38A9F4238BF1F46C5E7DD
:10EB80000E4AE8E7012384F83030C8F80020BDE8D9
:10EB9000F88F637F2BB1237F9B0702D5236A012067
:10EBA00098470023064A84F830306377C8F800207D
:10EBB000BDE8F88FF812002009E90200C5EB020059
:10EBC000BDED0200023970B50546032900F2EB8065
:10EBD000DFE801F006024508754B002283F831207A
:10EBE000002070BD724C94F830301A1F012A40F298
:10EBF0009F8000F0E5FCA26A2369801A9842B8BFA2
:10EC0000184694F830302061022B7FD0237FD9073B
:10EC100040F1C480607F002840F0C080236A98479C
:10EC20000123637794F83020022AD4E902034BD001
:10EC3000012A70D02269323843F1FF31101841EBBC
:10EC4000E2715C4AC4E90A0100F0DEFB94F830305E
:10EC5000062B0CBF0523042384F83030C0E7544C46
:10EC600094F83030042B0FD8022B25D8013B012B10
:10EC700000F28F80FFF7DEF80028B1D000F08EFCA4
:10EC80002846FFF737FF15E0053B012B00F2818096
:10EC9000FFF7D0F80028A3D000F080FC00F090FC33
:10ECA00006460C46FFF776FC2A46034621463046C8
:10ECB000FFF740FE022070BDFFF7BCF800288FD0A0
:10ECC000012384F831308BE7227FD2070ED5627F93
:10ECD00062B9A18A374A401A63F10001C4E90A0106
:10ECE00000F092FB032384F8303079E72169314A40
:10ECF000323843F1FF33401843EBE171C4E90A01B4
:10ED000000F082FB042384F8303069E700F0AEFEA7
:10ED1000FEF7D4FF86E7A169264A401A63F1000195
:10ED2000C4E90A0100F070FB022384F8303057E791
:10ED3000042B94F8316019D0002EAFD1FFF7C2FC3C
:10ED40000028ABD06060C4E90D6600F01DFB606870
:10ED5000022383773146C3689847D4E90201FFF75D
:10ED6000A3FB154B84F830602B60A3E700F08EFE08
:10ED70000028E1D100200021FFF70CFC08B1FFF7CB
:10ED80001DFD00F07BFEFEF79FFF2846FFF7B2FE59
:10ED900090E74FF4CD71B02000F086FF40F2B31140
:10EDA000B02000F081FF40F2F111B02000F07CFFB4
:10EDB000F812002009E9020081EA0200032910B5D7
:10EDC00006D801290AD840F25D11B02000F06CFF8E
:10EDD0000429F8D10446FFF72DF808B9002010BD2A
:10EDE0002046FFF787FE022010BD00BF10B5064A7F
:10EDF000064C02600023206084F830302377FEF751
:10EE000085FF5130A06110BDBDED0200F812002059
:10EE100008B5074B074A19680968914202D1513079
:10EE2000986108BD40F25121B02000F03DFF00BFC5
:10EE3000F8120020BDED020010B5EFF3108472B699
:10EE4000034B0421186804F06EF904B962B610BDD2
:10EE5000F812002008B5094B5A684AB1D3E90221DB
:10EE60008018BDE80840064A41F1000100F0CCBA24
:10EE700040F27221B02000F017FF00BFF81200200E
:10EE800019E9020008B5064B5B681BB1BDE80840F4
:10EE900000F084BB4FF41E71B02000F005FF00BFEE
:10EEA000F812002008B5054B5A680AB1586308BD2E
:10EEB00040F27E21B02000F0F7FE00BFF8120020E3
:10EEC00008B5054B5A680AB1986308BD4FF4217123
:10EED000B02000F0E9FE00BFF8120020044B9B6B4D
:10EEE00003B1184710B540F28A21B02000F0DCFED3
:10EEF000F8120020044B5B6B03B1184710B54FF4B8
:10EF00002471B02000F0D0FEF8120020014B5868A8
:10EF1000704700BFF812002008B5054B5A6812B1BF
:10EF2000D3E9020108BD40F29B21B02000F0BCFEF5
:10EF3000F8120020034B187F10F0010018BF988AC8
:10EF4000704700BFF8120020054B1B681BB1D3E9C6
:10EF500008200421104710B57221452000F0A4FEBE
:10EF600038130020054B1B681BB1D3E9082003218F
:10EF7000104710B56C21452000F096FE3813002094
:10EF80002DE9F04104460D4679B9174F3B683BBB6C
:10EF900016483C60FFF786FF1548FFF791FFFFF723
:10EFA00077F8637D5B07064605D4D4E90830294627
:10EFB000BDE8F0411847FEF727FF2036361A7E607D
:10EFC00000F07AFB0028FBD00A4B0022C3F8A825EA
:10EFD0002946C3F8AC25D4E90830BDE8F04118470C
:10EFE0008621452000F060FE3813002065EF020006
:10EFF00049EF020000F00140024B00221A601A8122
:10F00000704700BF3813002008B5074B1A683AB1A3
:10F010000648D06000211960BDE80840FEF79ABF9D
:10F02000B921452000F040FE3813002081EF020096
:10F03000C0E908122022002101F020B930B587B0C4
:10F040004B7A00220D460592CDE900220492C3F3CB
:10F05000800282F001024FF0000162F38201044657
:10F060002A78287A8DF815108DF8140069682B48D5
:10F0700002910390002A40D1D5E904209DF815C0E3
:10F080001CF0040FCDE9002028D19DF8152024495B
:10F09000C3F340035B0043F0010322F00302134378
:10F0A0008DF815304B68C3F308038BB1103B5BB28E
:10F0B000002B1CDB03F1604303F5614393F800333D
:10F0C0005B092BB969462046FEF718FF07B030BD33
:10F0D00069462046FEF7F0FE07B030BD203A01F148
:10F0E000200140F1FF30009202910190CDE703F042
:10F0F0000F0319440B7D5B09E3E72B690493FEF7CB
:10F100007BFE9DF815305B07CDE9000104D5029A1E
:10F110006B7A20320292B8E76B7AB6E781EF020091
:10F1200000ED00E010B5037886B0B3B90446D0E92D
:10F130000401CDE90433CDE900010393217A63682A
:10F14000029368468DF81410FEF7A4FFDDE9002352
:10F150000120C4E9042306B010BD4FF4AB71452073
:10F1600000F0A2FD30B50C7887B07CBB4B7A0594DB
:10F170000C7A8DF81440C3F3800E174C4D6803943D
:10F180008EF0010ED1E904414FF0000C6EF3820CB9
:10F190001CF0040FCDE900418DF815C0029507D091
:10F1A000203C05F1200541F1FF31009402950191C9
:10F1B0009DF815400492C3F3400363F3410469468C
:10F1C0008DF81540FEF778FE07B030BD40F21F21E4
:10F1D000452000F069FD00BF81EF020070B4EFF33D
:10F1E000108672B617490D78ADB1174BD3F80445A8
:10F1F000D3F848314FF6FF7294421FD0E3B147F67F
:10F20000FE739C4218D84B68013306B962B6C0E958
:10F21000004370BC70470C4AD2F80445D2F8043160
:10F2200053B14B6801334B60C2F80451D2F8044526
:10F23000D2F80431002BF4D14B68E6E7002BFBD168
:10F240001C46F9E77013002000B0004010B50A4CCE
:10F25000002222742277094B094801215960C3F822
:10F260004025C3F840214FF400221961C0F8082559
:10F2700000F020FF206210BD7013002000800040CD
:10F2800000F001403749384BF0B44D6A374C00224A
:10F2900001204A6058609860C3F80843C3F84843A7
:10F2A000C3F80421C3F84021C3F84421C3F848211E
:10F2B000002D55D02E4C2F4EC4F8A8652E4AC4F808
:10F2C000AC55C4F85C394FF40023C4F80435052369
:10F2D000C2F840351060D2F84031002BFBD02448F2
:10F2E000002301244FF40025C0F808555460D46071
:10F2F000C2F84031C2F84035C0F8A835C0F8AC3586
:10F30000C0F8AC350B7833B391F82840184816494B
:10F310001A4E1B4DE30003F1804303F5F83301223D
:10F32000A2404FF6FF774FF48024C0F80825C1F8BB
:10F330004443C1F84875C1F80443C3F81065C3F8E5
:10F340001455C0F804250F4B4FF40062C3F8802118
:10F35000F0BC1A607047044B0222C3F80423F2E7A2
:10F360001860CFE77013002000B0004002000700D3
:10F3700000F00140408100400080004048B1004062
:10F3800008B0004000E100E0044B4FF080411A6AF1
:10F390000123C1F808351360704700BF70130020C7
:10F3A00010B4144C1449154A0023C4F8A8350120A0
:10F3B000C4F8AC354FF0FF3448600861C1F8084329
:10F3C0000F4891684FF48074C0F8804141B10D49F5
:10F3D0004FF48030C1F808031374C1F840319360D2
:10F3E000126A10BC4FF080410023C1F80835136049
:10F3F000704700BF00F00140008000407013002003
:10F4000000E100E000B00040F0B55A4CA36883B0C2
:10F41000002B40F09F802578A260002D5CD1564BD8
:10F42000994200F29C80430F544E554F43EAC1016C
:10F43000A6FB0132C0F34F33920B03EB014307FBF2
:10F440001233A6FB03639B0B43EA02434D4A02FBC4
:10F450001300420B48F2376101FB02F2120C43F633
:10F460000957494907FB120000FB01F1490D43F61A
:10F47000085601EB422207FB0161B0EB512F88BF18
:10F4800001320026002D41D01F0C1B049D18684638
:10F4900047F10007FFF7A2FEDDE90032053346F130
:10F4A00000064FF48031E2FB01369D4277EB060601
:10F4B00047D32A0C4FF6FF71ADB242EA0742002D46
:10F4C00008BF0D4631494FF48030C1F84055E26025
:10F4D000C1F8040303B0F0BD2D4B994244D8430D4D
:10F4E000264E274F43EAC121A6FB0132C0F34F133A
:10F4F000920B03EB014307FB1233A6FB03639B0B49
:10F5000043EA0243234A02FB1300A2E71F0A1B0639
:10F510009E18684647F10007FFF760FEDDE90032FC
:10F52000053345F100054FF08071E2FB01359E4245
:10F5300077EB050505D3320E42EA072226F07F4518
:10F54000C0E7FF232374144B4FF40062C3F800217B
:10F5500003B0F0BD40F2F921052000F0A5FB4FF407
:10F560009471052000F0A0FB40F22311052000F06B
:10F570009BFB00BF70130020FF7F841E83DE1B43B4
:10F58000000024F40080841E6F0C010000B00040D5
:10F590007F841E0080841E0000E100E0064B9A6814
:10F5A0004AB106494FF48032C1F8082300221A7488
:10F5B000C1F840219A6070477013002000B00040ED
:10F5C00070B4EFF3108572B6364C207820B3364B0A
:10F5D000D3F80425D3F848614FF6FF739A4252D00E
:10F5E00043F60951C2F3080301FB03F3500A01FB80
:10F5F00000F003F5807300EB53200021002E45D06E
:10F6000047F6FE739A4241D86368013325B3274A0F
:10F6100070BCE3FB02017047234AD2F80435D2F8EC
:10F62000041111B3636801336360C2F80401D2F8B6
:10F630000435D2F804110029F4D143F6095CC3F370
:10F640000802580A0CFB02F202F580730CFB00F072
:10F6500000EB532063681DB962B62278002AD6D128
:10F66000134AE3FB020170BC704743F60956C3F32B
:10F670000802580A06FB02F306FB00F003F580734C
:10F6800000EB5320E6E71EB10A4800216368BDE79E
:10F69000636815B928462946DEE7044A30463146F4
:10F6A000DFE700BF7013002000B0004080841E0020
:10F6B0000080841E61841E0070B4EFF3108072B667
:10F6C000384A15780DB3384BD3F80455D3F8486150
:10F6D0004FF6FF739D4256D043F60954C5F3080117
:10F6E00004FB01F16B0A04FB03F301F5807103EBEA
:10F6F00051230024002E49D047F6FE718D4245D893
:10F700005168013108B3294824E02749D1F804356C
:10F71000D1F804414CB3536801335360C1F804512C
:10F72000D1F80435D1F80441002CF4D143F6095C3A
:10F73000C3F308010CFB01F15B0A01F580710CFBBE
:10F7400003F303EB5123516818B962B6107800280F
:10F75000D9D11748E1FB0034D2E90C128B42944115
:10F760002CBF0120002070BC7047C3F3080143F692
:10F7700009555B0A05FB01F105FB03F301F58071F7
:10F7800003EB5123DFE71EB10A4B00245168B9E7B0
:10F79000516810B903460446D7E704483346344657
:10F7A000D8E700BF7013002000B0004080841E0026
:10F7B0000080841E61841E002DE9F047DFF874810B
:10F7C0005D4E012100234FF4002284B0C8F80410DC
:10F7D000C8F84035C8F84031C8F81010C6F80825F8
:10F7E000D8F8042522F00302C8F80425D8F8082523
:10F7F00042F00302C8F80825102292FAA2F2B2FAE7
:10F8000082F2092A00F39180C8F810254B4A4C4F28
:10F81000C8F80C104FF48070C2F880011060494A9B
:10F82000C8F80410C8F80C10C6F8A8253A78C6F82D
:10F83000AC8502A8002A56D0019306E00123C6F841
:10F8400008A5C8F80430C8F80C30FFF7C7FCDDE99C
:10F850000243019D4FF4002A4FF48039C6F804A5F5
:10F86000E3FB0945FFF7BAFCDDE902320199E2FB4F
:10F870000931A94208BFA342E0D1013443F609523D
:10F88000C4F3080345F1000502FB03F3210EC4F3A2
:10F890004E2441EA052102FB04F02D0E03F580738E
:10F8A00000EB53204C016B01641A43EAD16363EB14
:10F8B0000506B201A3011B1B42EA946262EB060239
:10F8C000D20042EA5372DB005B1845EB0205E90304
:10F8D000DA03801841EA534141F10001C7E90C0104
:10F8E00004B0BDE8F087019206E00123C6F808A540
:10F8F000C8F80430C8F80C30FFF770FCDDE90243AB
:10F90000019D4FF4002A4FF08079C6F804A5E3FB6F
:10F910000945FFF763FCDDE902320199E2FB093199
:10F92000A94208BFA342E0D1A7E7074840F29F31B0
:10F9300000F0B0F90080004000F0014000E100E07C
:10F940007013002000B10040249A040010B5029CFE
:10F95000201841F10001801A61EB0301B0F1004F62
:10F9600071F1000100DA10BD40F2A931052000F06C
:10F970009BF900BF70B4EFF3108572B6364C207857
:10F9800020B3364BD3F80425D3F848614FF6FF7304
:10F990009A4252D043F60951C2F3080301FB03F324
:10F9A000500A01FB00F003F5807300EB53200021A7
:10F9B000002E45D047F6FE739A4241D86368013362
:10F9C00025B3274A70BCE3FB02017047234AD2F8F3
:10F9D0000435D2F8041111B3636801336360C2F8CF
:10F9E0000401D2F80435D2F804110029F4D143F609
:10F9F000095CC3F30802580A0CFB02F202F580739B
:10FA00000CFB00F000EB532063681DB962B622784E
:10FA1000002AD6D1134AE3FB020170BC704743F6BB
:10FA20000956C3F30802580A06FB02F306FB00F06E
:10FA300003F5807300EB5320E6E71EB10A4800216E
:10FA40006368BDE7636815B928462946DEE7044ABE
:10FA500030463146DFE700BF7013002000B00040A1
:10FA600080841E000080841E61841E00024B0122DF
:10FA7000C3F84423704700BF00B00040024B01228E
:10FA8000C3F84823704700BF00B0004008B5FEF738
:10FA900021F930B9074A936B0133312B936304D8B2
:10FAA00008BD044B00229A6308BD40F2F5310520E1
:10FAB00000F0FAF87013002010B53F4C237882B0A4
:10FAC000002B55D03D4BD3F8042352035BD43B4B62
:10FAD000E168D3F80423D00334D5D3F84031002BA8
:10FAE00030D0636899425DD800232374334AA168FB
:10FAF000C2F840314FF48030C2F80803002955D0D5
:10FB0000A36088472D4BA169D3F80423920324D521
:10FB1000D3F844310BB363688B423FD30022227782
:10FB2000264B6169C3F844214FF40030C3F8080341
:10FB300000293BD08847214BD3F840310193019BEA
:10FB400002B010BD6268237C002BCDD19142D9D97F
:10FB50001A4B0022C3F84021D4E76268237F002BB0
:10FB6000DCD18A42E7D2154B0022C3F84421E2E7F8
:10FB7000124AD2F804110029A9D0C2F804316368EE
:10FB800001336360A3E7D3F84821002A9FD0002205
:10FB9000C3F8482163680133636098E7237F002B33
:10FBA000E1D0BBE7237C002BD2D09DE740F2374168
:10FBB000052000F079F800BF7013002000B000406D
:10FBC000014B1879704700BFB0130020044B1A791D
:10FBD000824283BF1B68602202FB00300020704716
:10FBE000B0130020BFF34F8F0549064BCA6802F4DB
:10FBF000E0621343CB60BFF34F8F00BFFDE700BF50
:10FC000000ED00E00400FA05094B01225A604FF0B4
:10FC1000FF32C3F80823074B4FF48042C3F880201B
:10FC2000BFF34F8FBFF36F8FC3F88021704700BFC2
:10FC300000E0004000E100E0094B01225A604FF073
:10FC4000FF32C3F80823074B4FF48052C3F88020DB
:10FC5000BFF34F8FBFF36F8FC3F88021704700BF92
:10FC600000C0004000E100E0084B0022C3F8FC2F78
:10FC70000122C3F8FC2F064B0222C3F88020BFF3F9
:10FC80004F8FBFF36F8FC3F8802170470010004083
:10FC900000E100E008B572B6024B5B6803B198471B
:10FCA000FFF7A0FFB81300201FB572B6134B5D68B5
:10FCB00095B9FFF797FF2346B2FBF6F25C1C002ACA
:10FCC000F9D104AEDCB256FA83F303F80C2C0A2205
:10FCD00034B901A8A847ECE7024600230A26EDE75D
:10FCE000631E04AEDCB256FA83F3B0FBF2F602FBFD
:10FCF0001600303003F80C0C3046E9E7B81300204A
:10FD0000F8B51F4E337805460C461746A3BB00F0E6
:10FD1000C5F9FDF733FC77603472FFF7A5FFFFF7F5
:10FD20008BFFFFF771FF174B002D14BF28461846B5
:10FD3000FEF704F80546E8B9FFF75EF9FDF7F0FFB6
:10FD400003F0E0F9FEF746F818B9B8211120FFF7E3
:10FD5000ABFF002C0CDB04F01F026409A40004F1CB
:10FD6000604404F5614401239340C4F8803123606A
:10FD7000012333702846F8BD4FF0FF35FAE700BF86
:10FD8000B813002090930400074B93F90830002B20
:10FD900009DB5A09012103F01F03994002F14003D6
:10FDA000024A42F823107047B813002000E100E037
:10FDB000014B1878704700BFB813002050B1074BB3
:10FDC00003F1140253F8041B40F8041B9342F9D1C9
:10FDD000002070476FF01500704700BFF2BA0400B2
:10FDE000F0B5284D284C294F83B02E780136F6B255
:10FDF000D5E84F3F0133DBB2C5E8423F002AF7D1D7
:10FE000001236360C4F80021C4F80421EFF31082D9
:10FE100072B6C4F80405236052B962B608E0D4F89B
:10FE200004314BB92B789E4206D13B69DB0613D4D3
:10FE3000D4F80031002BF2D0D4F80431002BD4D107
:10FE40002A78B242D1D10322C4F80031C4F8043177
:10FE5000C4F8082303B0F0BD0D4B03214FF48042DA
:10FE6000C4F80413C3F88021D4F80031002BDFD18B
:10FE7000D4F80431002BDBD1019003F0A1F90198F3
:10FE8000D6E700BFC113002000E0004000ED00E015
:10FE900000E100E070B51446DA078CB01D468646D6
:10FEA0008C4633D5C36842681BBA0093CB681BBA33
:10FEB000049383681BBA019303681BBA03938B688E
:10FEC00012BA1BBA029205934A680B6812BA1BBA9F
:10FED0006E46069207933046FFF782FFAB070DD5BB
:10FEE000DDE90A10DDE9083200BA09BA12BA1BBA14
:10FEF00020606160A260E3600CB070BD08AD0FCD02
:10FF000020606160A260E3600CB070BDDEF8041098
:10FF1000DEF80820DEF80C300068EE46AEE80F0090
:10FF2000DCF80000DCF80410DCF80820DCF80C3009
:10FF30006E46AEE80F00CEE710B5002482B0CDE9E2
:10FF40000044FFF7A7FF02B010BD00BF1A4B4FF4EB
:10FF5000805270B5C3F88020BFF34F8FBFF36F8F0F
:10FF6000164C174D0021C4F80011C3F880212E69EA
:10FF70002B6943F010032B610123C4F8043306F00E
:10FF800010062360D4F800319BB11EB92B6923F011
:10FF900010032B610123D4F808056360C4F808330B
:10FFA0000023C4F80031044B4FF48052C3F8802181
:10FFB00070BD03F005F9E5E700E100E000C0004096
:10FFC00000ED00E00B4938B5042301EBC3021579BD
:10FFD00005F0FF042DB1013BF7D240216920FFF766
:10FFE00063FE41F833000121547194711171D8B24C
:10FFF00038BD00BFC4130020042808B503D9472129
:020000023000CC
:100000006920FFF751FE034B03EBC00300221A7176
:1000100008BD00BFC4130020042808B503D950212F
:100020006920FFF741FE094B03EBC0000379012B68
:1000300001D05121F4E7437982790133DBB29A424E
:1000400018BF4371BDE80840FFF79EBEC4130020EF
:1000500038B5114D052495F8281005EBC1031A7920
:10006000012A09D158799A79904205D05A79D2B2A9
:100070009A7155F83130984795F828300133DBB242
:10008000052B04F1FF3428BF002314F0FF0485F88A
:100090002830E0D138BD00BFC41300204FF080529B
:1000A000034BD2F830111960D2F834215A607047EE
:1000B000F0130020084B1B68083B082B0AD840F2BD
:1000C000211222FA03F313F0010F044B044818BF66
:1000D0001846704702487047F013002000E70140BF
:1000E0000C050040144B1B68062B03D0013301D0D4
:1000F00020BF7047EFF3108072B6104A1369116980
:1001000041F0100111610E49D1F80021D1F804111C
:100110000A4303F0100300D040BF20BF00BF00BF60
:1001200000BF00BF23B9054A136923F01003136110
:1001300000B962B6704700BFF013002000ED00E088
:1001400000E100E0914270B53FD2B2FA82F33BB1D8
:10015000C3F1200420FA04F49940214398409A40C6
:10016000150CB1FBF5FC05FB1C1E4FEA0E4E030CF3
:1001700084B20EEB10401FFA82FE0CFB0EF6864294
:1001800006D9361A964294BF01260226ACEB060C1D
:1001900003EB01430CFB1233B3FBF5F005FB10330B
:1001A00004EB034400FB0EFEA6454FEA0C4C09D9B4
:1001B000AEEB040E964594BF4FF0010E4FF0020EC9
:1001C000A0EB0E0040EA0C0070BD73219620FFF7F3
:1001D0006BFD00BF2DE9F8431C4652EA040349D0E9
:1001E000074615460E4684B9914204D2FFF7AAFF8E
:1001F0002146BDE8F88321463046FFF7A3FF0446B9
:100200002A46384604FB1561F0E74FF00108B4FABE
:1002100084F908FA09F3A3FB021220FA08F003FBA1
:10022000042240EAC67026FA08F1FFF78BFFC9F1F5
:100230001F0230FA02F34FF0000C08D14046194675
:10024000AF42A6413CBF18466146BDE8F8835A1E3E
:1002500061466CEB0C0C05FB0CFE02FB04EE184631
:100260001346A5FB0228BA1A0EEB080766EB070631
:100270001746E5E7A6219620FFF716FD10F0030FBD
:10028000C9B2034607D0BAB303F8011B13F0030F3A
:1002900002F1FF32F7D170B5032A01EB012404EB20
:1002A00004441ED9161FB508032E05F1010521D9F6
:1002B0004FEA550E03EBCE0E9C46CCE900440CF100
:1002C000080CF445F9D115F0010F04D025F0010513
:1002D00003EB85052C6026F003060433334402F05B
:1002E000030232B1012A197003D0022A597018BFD3
:1002F000997070BD1D46EDE7704700BF844641EA26
:10030000000313F003037DD1403A51D3F0B4F0C998
:10031000F0C0F0C9F0C0F0C9F0C0F0C9F0C0403A78
:10032000F5D2F0BC44E0403A42D300BF51F8043B60
:1003300040F8043B51F8043B40F8043B51F8043BBF
:1003400040F8043B51F8043B40F8043B51F8043BAF
:1003500040F8043B51F8043B40F8043B51F8043B9F
:1003600040F8043B51F8043B40F8043B51F8043B8F
:1003700040F8043B51F8043B40F8043B51F8043B7F
:1003800040F8043B51F8043B40F8043B51F8043B6F
:1003900040F8043B51F8043B40F8043B51F8043B5F
:1003A00040F8043B51F8043B40F8043B403ABDD2CE
:1003B000303211D351F8043B40F8043B51F8043B70
:1003C00040F8043B51F8043B40F8043B51F8043B2F
:1003D00040F8043B103AEDD20C3205D351F8043BFF
:1003E00040F8043B043AF9D2043208D0D2071CBFCB
:1003F00011F8013B00F8013B01D30B8803806046F4
:10040000704700BF082A14D38B078CD010F0030369
:1004100089D0C3F10403D21ADB071CBF11F8013BDA
:1004200000F8013BFFF47FAF31F8023B20F8023BBC
:1004300079E7043AD8D3013A11F8013B00F8013BBF
:10044000F9D20B7803704B7843708B7883706046D9
:10045000704700BFC9310300D5310300D931030013
:10046000E1310300E53103007BB972B90029BEBF59
:1004700000204FF0004106E008BF00281CBF6FF0CD
:1004800000414FF0FF3000F03FB8ADF1080C6DE9CE
:1004900004CE002909DB002B1ADB02F0BFFEDDF8D9
:1004A00004E0DDE9022304B07047404261EB410102
:1004B000002B1BDB02F0B2FEDDF804E0DDE90223D5
:1004C00004B0404261EB4101524263EB4303704789
:1004D000524263EB430302F0A1FEDDF804E0DDE9E4
:1004E000022304B0404261EB41017047524263EB8A
:1004F000430302F093FEDDF804E0DDE9022304B0DB
:10050000524263EB43037047704700BF08B5F6F7EC
:100510009FFFF8F7BDFBF6F7B1FE002008BDFFF71F
:100520004DBC00F0A5BE00F0A6BE10B586B00446D6
:1005300001A8FFF743FC02232370A3709DF8043049
:100540006371BDF80530E380DDF80730A36000205B
:100550006070E070207106B010BD00F0F2BC70B5A4
:10056000044602F0D8FC012805461AD1601C02F0AE
:10057000D9FCB0B1A37963F03F03A3710020F8F771
:1005800071FCE61D38B1102200213046FFF776FEDF
:100590002570002070BD304602F0D7FC0028F2D054
:1005A000F6E70025F4E710B5102204460021FFF716
:1005B00065FE04F11003102200211846FFF75EFECD
:1005C00002F0DCFC0020F8F74DFC20B1204602F0E0
:1005D000BCFC002010BD02F09EFC0028F6D0F8E71D
:1005E00010B50446FFF7B2FCB0F5007F09DA10F54C
:1005F000007F08DD031EB8BF03339B10237000206B
:1006000010BD7F23FAE76FF07E03F7E7817800885B
:1006100000F0F1BD37B505460C4600880DF1060126
:1006200000F01EFD2B882380BDF80630638003B0E8
:1006300030BDF7B504462046F8F730FF02280546DE
:100640002ED004282CD123788A2B18D13E20F6F7FF
:1006500013FF78B9E378227901A943EA02236846B7
:10066000ADF8003000F07BFD0028E4D053210820D5
:10067000F6F7C8FD0520F6F743FF0028EAD020462C
:1006800000F013F82678A7783046F6F7F5FE002834
:10069000D1D03E2E04D13846F6F732FF0028CAD01A
:1006A000284603B0F0BD01F0F6BA10B50378813BDF
:1006B00004460E2B2FD8DFE803F02F3541454F6756
:1006C0006D08613B71775B2E7D002920F6F718FFDE
:1006D00030B13E232370222363702923A3701AE0D4
:1006E0000A20F6F70DFF3E23237018B11F23637015
:1006F0000A23F3E70123A37013236370E37903F064
:100700000103E371D4F81A30C4F80E30E38B63822E
:1007100094F82030237510BD3E23037004234370EA
:100720001423DBE73E2303700A2343700323D5E73A
:100730003E2303700D2343700523CFE70523237069
:10074000042307E05A20F6F797FE08230028F6D086
:100750005A2222706370DEE75B20F6F78DFE18B137
:100760005B2323700623F5E7302323700323F1E78F
:100770003E2303700B2343700723AFE73E23037030
:10078000062343700C23A9E71323037083789B008F
:100790000133DFE7572303700223DBE73E230370B7
:1007A00006234370122399E73E2303700923437005
:1007B000132393E7FF2303700D23437080238DE7FA
:1007C00008B510B96FF0150008BDFFF76CFF0028E1
:1007D000F8D00020F8E710B50C4648B141B1FFF75A
:1007E00028FF002820700CBF6FF02200002010BDF1
:1007F0006FF01500FBE7F8B5941C0C446343B3F5A8
:10080000004FA8BF4FF0FF330E4610F0030105461E
:1008100017469CB203D0B0211420F6F7F3FCB4F5D0
:10082000004F01D9B121F7E714220430FFF726FD6C
:10083000EF746C802E80F8BD38B50388C4880589B4
:100840008B42C4F30E0203D2D1211420F6F7DAFC56
:1008500084EA0503C3F30E030BB9AC4206D102F1DF
:1008600018030122C1528274184438BD1846FCE7AF
:10087000023101444A43B2F5004FA8BF4FF0FF32A6
:1008800090B21B3020F00300B0F5004F34BF00B22F
:100890004FF0FF30704740881B3020F00300B0F568
:1008A000004F34BF00B24FF0FF3080B2704738B510
:1008B00003888B4203D2F7211420F6F7A3FC857C32
:1008C00065B1C388C3F30E031833C25A8A4207D3F3
:1008D000C152811DF6F724FE00238374284638BDDB
:1008E0000025FBE70346F0B59E88DD88B4B2A5423B
:1008F00000F11800C6F30E0616D05F89DD7C845B1C
:100900003D4402353544E41B28440D88A4B2A54279
:1009100088BF0C805989B1FA81F14FEA511188BF23
:1009200025461170DD81F0BD00252846FAE7F8B5AF
:100930008288C389002604460D4692B20E60CBB170
:10094000C2F30E024189183287180B44825A9BB2B7
:100950009342438104D94FF4A2711420F6F752FC5C
:1009600004D1011DF6F7DCFD46812F600023E381F1
:100970000120F8BD1846FCE7838802899BB29A42A1
:10098000014602D00831F6F7CBBD70478388C08896
:100990009BB2C31A584258417047828873B5C488C5
:1009A00095B2AC42C2F30E0202F1180212D0418994
:1009B000C689835A314499420EDB0DF10601ADF828
:1009C0000650F6F7ADFDBDF80600001B18BF01206C
:1009D00002B070BD0020FBE70120F9E770B5C488C4
:1009E000068984EA0602C2F30E020346C4F30E052A
:1009F00018300AB9B4420FD19C891A880CB1465BF1
:100A0000921B914207DCDA7C2C44023222441044CF
:100A10000A461A8270BD00221046FAE7F8B5038A2A
:100A2000002B38D08B4236D3C488858900F1180357
:100A3000C4F30E041E1995B91D55757085891E5B8A
:100A40000D44ADB2314485811953D2B1811DF6F701
:100A500067FD00238381002303820120F8BD1E5B14
:100A6000AE4204D04FF4F6711420F6F7CBFBC57CF0
:100A7000878A2644023535445E195F53857DB570FB
:100A8000DCE7C27C254402322A4499189B5A8382AF
:100A90008B788375DFE70020E0E78388C2889BB20C
:100AA0009A4206D0428922B9C3F30E031833184480
:100AB000704700207047C37C0233C818704702306B
:100AC000704738B58388C2889BB29A4207D045895F
:100AD0002DB9011DF6F724FDC581012038BD002088
:100AE000FCE703881380C388C3F30E031833034461
:100AF0000B60808970470368002223B9C0E9013286
:100B0000031D0360704759681B680A44F5E707290D
:100B100070B5034604D84FF4EC711520F6F772FB5C
:100B20000068C0B144681A688C42064610D010684C
:100B300060B901F10805AC420DD3546850501868F3
:100B4000651A541800686560505002E01346E9E7E2
:100B500014681C60304670BD0023C1E90032036890
:100B60000B600160704730B590B18478B1FBF4F34D
:100B700004FB131300EB430252898A4201D1D8B21D
:100B800030BDC27822B900F10803D0B2844201D846
:100B9000FF20F5E733F8025F8D4202F10102F4D144
:100BA000EEE78278038805324B4303EB4203184497
:100BB000704737B50024CDE9004405468DF806009E
:100BC0006846ADF80440F6F783FEBDF8044008B16E
:100BD00003B030BD29462046F6F756FE0028EFD078
:100BE00040F235211720F6F70DFB70B50D460921AF
:100BF0001E46FFF73DFE3246044609212846FFF710
:100C000037FE40EA04031B0454BF00194FF0FF30C5
:100C100070BD01230370704710B5FF238B70C2F3C2
:100C200080035B00DBB2CA180124127D032A08BFCF
:100C30000133CA18147503F10C0401EB830300227D
:100C400021F814205B688A700360828010BDF8B5BB
:100C50000C4684F001046400054611461E46E4B2C9
:100C6000FF23837003191B7D012B06D0631CDCB2AC
:100C700050FA83F31B7D012B0AD105EB44073B8B14
:100C80003A8C9819904205DD2C4400233B83237550
:100C90000020F8BD05EB8404324660681844FFF775
:100CA0002DFB3B8B1E443E830023AB700120F0E7FD
:100CB00081F00101490010B5C9B2FF2383704318C8
:100CC0001C7D012C07D10C3120F8112002221A754D
:100CD0000023837010BD0131CBB250FA81F10C7D3D
:100CE000012C05D10C3320F8132002230B75EFE7FC
:100CF0004FF499710920F6F785FA30B502468378EA
:100D000003F0FF00F3B9137D022B19D0537D022BA2
:100D100015D10346012089B1D5180C3300242C7558
:100D200022F81340131803241C7502EB80035B6840
:100D30000B6000F10C0332F813308B80012030BDC2
:100D40000123E8E70020FAE730B50346827802F095
:100D5000FF00E2B99A7D022A17D0DC7D022C13D164
:100D6000032281B11D190C340020287523F81400CA
:100D700098180324047503EB82000C32406833F8A2
:100D8000123008608B80012030BD0324E9E7002089
:100D9000FAE7037D012B01D1008B7047437D012BC6
:100DA0000CBF408B00207047837D012B01D1808BCD
:100DB0007047C37D012B0CBFC08B00207047027DA4
:100DC000022A01D1008B7047437D022B01D1408B59
:100DD0007047032AF6D0032BF9D000207047827D9C
:100DE000022A01D1808B7047C37D022B01D1C08BB9
:100DF0007047032AF6D0032BF9D000207047F6F78E
:100E000057BEF6F7B7BE07B50023CDE9003301237F
:100E10008DF806306846F6F75BFD08B1002004E067
:100E2000009801F020FD0028F4D003B05DF804FB29
:100E30001FB50022009240F6881303A9FCF7F4FACC
:100E400005B05DF804FB10B5044638B1F7F74AFF6A
:100E500024EA0000B0FA80F0400910BD0120FCE750
:100E600010B5FFF7D0FF60B1F7F7AAFB044601F019
:100E70003DFE40B9204601F035FE80F00100C0B2D1
:100E800010BD0120FCE70020FAE7006890F8BA31B5
:100E900023B1002380F8BA3101F0D9BB7047112289
:100EA000027041F23903C2705922A0F801308280E9
:100EB000C3800020704708B50821F6F72FFE0020F8
:100EC00008BD73B50646008808800C4680B201A9AB
:100ED00000F0D3FC054640B9B3784BB9019B93F9B8
:100EE0001C01A070FBF778F9A070284602B070BD15
:100EF0007F20FFF79DFFF4E710B504466FF07F00F9
:100F0000FFF796FFFBF768F920707F20FFF790FF4F
:100F1000FBF762F96070002010BD08B50A46072390
:100F200000F11001FFF708F8002008BD10B50146D8
:100F300004460020F7F77CFF08B92060A08000205D
:100F400010BD10B50446F7F79DFE28B900202146D4
:100F5000F7F756FF002010BDFFF782FF0028F5D1FC
:100F60000C20F8E710B50446FFF77AFF28B10120FE
:100F70002146F7F745FF002010BD0C20FCE713B514
:100F8000008808800C4680B201A900F076FCC8B940
:100F9000019B83F8160193F81421012A06D0022A36
:100FA00004D04FF43F710620F6F72CF9A27093F8A5
:100FB0001521012A01D0022AF3D1E27093F81621FB
:100FC000002AE6D102B010BD1FB5044603A900886F
:100FD00000F053FC38B9A388022B14D8E078FFF74F
:100FE00032FF10B9112004B010BDA078FFF72BFF1D
:100FF0000028F7D001230093A388E278A17803A802
:1010000000F0A9F9EFE71220EDE737B58378C17852
:10101000027903F0010451EA040503F002031DD034
:1010200052EA03051AD0002C18BF0021002B18BF6C
:1010300000228DF80320037842788DF8021043EAED
:101040000223ADF8003043798279684643EA0223EF
:10105000ADF80430FFF7B8FF03B030BD1120FBE757
:1010600013B50C4601A900F008FC18B9019BDB88F8
:101070000133238002B010BD07B5008801A900F03C
:1010800015FC30B9019B93F8332112B9FF2283F884
:10109000332103B05DF804FB10B50446F7F71CFEDE
:1010A00020606160002010BD37B50446F7F788FA6C
:1010B00023781F2B054618D8816A04226846FFF75B
:1010C000ABFD2246A86A12F8013B0021FFF7BFFDE5
:1010D00068B1AC6A2046FFF767FE00210246204651
:1010E000FFF7E6FD002003B030BD1220FBE707202C
:1010F000F9E737B50446F7F763FA23781F2B05465F
:1011000018D8816A00226846FFF786FD2246A86A41
:1011100012F8013B0121FFF79AFD68B1AC6A204645
:10112000FFF737FE012102462046FFF7C1FD0020F0
:1011300003B030BD1220FBE70720F9E710B50446E5
:1011400034F8020B0880002180B2F6F787FB20B14B
:101150002146BDE8104001F094BE022010BD008879
:1011600008B50880002180B2F6F778FB20B1BDE811
:101170000840002101F085BE022008BD13B500889B
:1011800008800C4680B201A900F077FB10B9019BE2
:101190009B8F638002B010BD37B503880B80044677
:1011A00098B2638813B9122003B030BD01A900F0D2
:1011B00064FB0028F8D16588019B42F21072A9B245
:1011C000D3F8C4405143B3F8DA206243B3F8CC40BB
:1011D00004FB02229142E6D3D3F8C420D3F8C440E2
:1011E0009442F9D100225A63621E0A449D87B2FBE1
:1011F000F4F29A63D8E710B50C460021F6F72EFBFF
:1012000090B1022C12D804F00102C4F3400480F81B
:10121000BC2180F8BB4112B190F8BA310BB9002063
:1012200010BD01F014FAFAE70220F9E71220F7E7FF
:1012300010B504460078FF280AD00121F6F70EFB0E
:1012400058B16378A27843EA0223C383002010BD1B
:10125000B4F80100F9F7DAFBF8E74220F7E708B540
:101260000078003818BF0120F9F7D4FA002008BD33
:101270000820F7F725BD01F02EBE10B5044604B9CD
:1012800010BD236898476468F9E703680BB90160EB
:1012900070471A465B6813B18A42FAD170478A4296
:1012A00018BF5160704708B5F9F7BAFFF9F7A4FA0B
:1012B000BDE80840F9F79CBF08B50020FFF779FCAE
:1012C000F6F790FBF7F756FDF7F746F820B140F236
:1012D00043119320F5F796FF08BD08B5F9F75CFABE
:1012E000F9F774FF20B140F263119320F5F78AFFFC
:1012F000BDE808400120FFF75CBC08B5FFF7EDFF33
:1013000001F0ABFD20B14FF4BC719320F5F77AFFEB
:1013100008BDFCF7F1BC0B46892203F8032BD0F87B
:101320000920C1F80320427B1A71704738B50D4679
:101330000446F7F7D7FC2B78002B08BF034684F848
:1013400068306B78002B08BF034684F869306B88DF
:10135000A4F86A3038BD2DE9F7430468994694F83B
:10136000633094F80F8043EAD303DB070F46164639
:1013700002D4B8F1250F36D16FBBF7F7B3FC0546A1
:10138000BEBBF7F7AFFC45BBB8F1250F2ED100204F
:101390000546FF2384F82D3194F82C3103F0FF0823
:1013A000F3B99DF8283084F82F0184F82C3184F8A3
:1013B0002E5101A904F1A8008DF804708DF8056084
:1013C000ADF80690FFF7B2FF002384F82D314046B8
:1013D00003B0BDE8F0833D46D2E70028D4D0D8E77B
:1013E0004FF03A08F0E74FF01A08F0E74FF009081D
:1013F000EDE7002DC8D03046CBE738B5036893F849
:101400002C31012B04460D4602D11E21F7F78CFC2E
:101410002368002083F82C0165B1182283F89920F5
:1014200008229A7393F84A3093B940F25B41AE2098
:10143000F5F7E8FEDA7B233A072A03D8DD73204666
:1014400000F089FD20461821BDE8384000F0A2BD1B
:1014500038BD08B503689A7B22B14FF4E671AE201F
:10146000F5F7D0FE23229A7308BD034610F0010061
:1014700002BFC3F340035B00D8B270472DE9F84FB9
:10148000074610461E46FFF7F0FF83460846FFF763
:10149000ECFF42EA01044BEA04040443E4B2003CDA
:1014A0000A9D88469246814618BF0124F7F71AFC28
:1014B00010EA0A0A18BFDA46F7F714FC97F8143155
:1014C00010EA080118BF4946534508BF4FF0000A0B
:1014D00085F800A097F815318B4208BF002169708C
:1014E0005AEA01010AD1FB88013EF61AB6B247F664
:1014F000FD739E428CBF002404F001042046BDE829
:10150000F88FF7B50468E57BA5F12303072B0646A2
:101510004FD9002D4BD1A37B282B4AD04B7813F009
:1015200007033DD08A7812F0070239D084F80C31D5
:10153000252384F80D21E37394F82D31F3B994F841
:101540002C31012B1AD094F80C7194F8150194F8F1
:10155000101194F81121B4F81231874214D194F883
:101560000D7194F8140187420ED1022084F82C01E9
:1015700084F82E1184F82F21A4F83031304600F081
:10158000E0FC284603B0F0BD022000903046FFF793
:10159000E2FE0028F2D04FF46671AE20F5F732FE7D
:1015A0000978304603B0BDE8F04000F0F3BC0125F7
:1015B000E7E72025E5E72DE9F04F056895F80EB03F
:1015C000ABF12403D3F1000848EB0308052A87B0E8
:1015D000044670D1EB7B262B73D10F358A784F7878
:1015E000039207F0070902F0070A09F1FF330AF135
:1015F000FF3003EA090300EA0A00034366D1B1F8A9
:101600000360F7F76FFB039A174307F00707874359
:101610005CD15046FFF729FF2768A8B197F814312D
:10162000984211D097F82E211AEA020F4ED0BBF142
:10163000240F09D097F80D211AEA020F04D10228CD
:1016400070D1013B012B71D84846FFF70EFF40B126
:1016500097F81531834204D097F82F3119EA030F18
:1016600034D005AB00933846334652464946FFF71F
:1016700005FF2368074678BB93F82C21012A28D15F
:1016800001462046F7F750FB236883F82C712F7032
:10169000236803F10F02954201D10022DA73236817
:1016A00003F10F02954237D1204600F054FC002090
:1016B00007B0BDE8F08F414607B0BDE8F04FFFF737
:1016C0009CBEBBF1240F2BD10E3587E74146204647
:1016D000F2E783F82C01DBE7DA88A3F86C62013EBD
:1016E000B61AB6B247F6FD72964206D9282283F89A
:1016F00031202046F8F77EF9D1E7DA7B0C2A02D0B8
:10170000093A012A01D82A22F1E7BDF81420A3F8EA
:101710006E2228232B70C2E7002283F84A20C6E7F6
:101720000220C5E7012B8FD0022BCFD04FF4DD7103
:101730000620F5F767FD08B50368DA7B252A05D092
:1017400022B140F2D351AE20F5F75CFD2622DA73C8
:1017500008BDF7F70FBB704730B542401C780878DA
:101760005D7860404C786C4020449D788C786C406B
:101770002044DD78CC786C4020441D790C795B796D
:1017800049796C4020444B4018441044B0FA80F032
:10179000400930BD024600200139C9B2FF2900D1FD
:1017A0007047535C83F001030344D8B2F4E708B5F3
:1017B000F7F764FB082803D0BDE80840F7F780BBC3
:1017C00008BD08B501F094FB18B1BDE80840FAF770
:1017D000C7BD082008BDF8B5D0E9047605460C461B
:1017E000FDF7A0FC18B952212920F5F70BFDE4B153
:1017F000D5E90423D21B63EB0603012A73F1000130
:101800004FF0000113DB6FF001009042994101DAC3
:101810005C21E9E7631E1344B3FBF4F35C43E41972
:1018200046F10006C5E904461C462046F8BD0C46B4
:10183000FBE7022905D13C2808D980100F3880B277
:101840007047702802D9C0100E38F8E700207047A2
:10185000012908B5034605D002290BD0E72129202C
:10186000F5F7D0FC40F6C41040F2E242002B08BF6E
:10187000104608BD40F6C410FBE710B50C46002129
:10188000F5F7ECFF2060B0FA80F04009400010BD91
:101890000368587BC0B293F830302BB900F0FB00DE
:1018A000003818BF012070470020704710B50C4663
:1018B000FFF7E3FF38B92046FFF7EAFF80F00100A9
:1018C0004000C0B210BD0220FCE738B54FF42672CC
:1018D00004460D460021FEF7D1FC6FF0360284F875
:1018E0006320042284F864206FF03B0284F86520B2
:1018F0006F2284F86620032284F86720002284F88F
:1019000068206FF07F0284F869202B2284F862201F
:10191000FE22012384F89E207F22A375E27284F8C0
:10192000A830A4F8AA5038BDC2B292FAA2F2030AB3
:1019300093FAA3F31B0E100E40EA0320704770B514
:101940000131C9B20530002210F8013F8B4216D395
:1019500010F8054C0023012505FA03F626421CBFAA
:1019600001F1FF31C9B269B10133082BF4D1013261
:10197000D2B2052AE8D19B214620F5F743FCC91ACB
:10198000C9B2F4E703EBC200C0B270BD0B6870B51A
:10199000C0F801300B7903F01F03437100230446A4
:1019A000C3720546461D15F8010F00F0B1FA6871C3
:1019B000E37AB5421844E072F5D170BD70B581EAA2
:1019C00011418CB20546C17A032682EA0400FFF772
:1019D000ABFF013E00EB0010221816F0FF0690B29C
:1019E000F5D144402522B4FBF2F302FB1343C3F3C9
:1019F000C4022A44D8B2567803F00703012202FA3F
:101A000003F31E4207D161432846C1F30741BDE8F5
:101A10007040FFF794BF70BDF8B590F821506B1E71
:101A2000242B044603D9E1214620F5F7EBFBDAB17C
:101A3000807D002843D194F8233094F8221002FBD3
:101A400001322523B2FBF3F103FB1123DBB204EBDC
:101A5000D30284F82330D17D03F007060122B2407F
:101A6000114202D084F82430F8BDB3FBF5F205FB37
:101A70001233013303F0FF0304F11B0111F8012FAE
:101A80009A4219D311F8055C0022012606FA02F7E2
:101A90002F4208D0013B13F0FF0304D102EBC00238
:101AA00084F82420E0E70132082AEFD10130C0B2E7
:101AB0000528E3D1D721B7E79B1ADBB2F6E7E28826
:101AC000096A04F11600FFF779FF84F82400CBE7D8
:101AD0000378890123F0400301F040010B430370B8
:101AE0007047037803F07F0343EAC1130370704724
:101AF0001F2A38B50546144603D9A8212A20F5F730
:101B000081FB09300634FEF7F9FB6C7038BD1F2AE3
:101B100038B50546144603D9CA212A20F5F772FBC9
:101B200009300634FEF7EAFB6C7038BD037803F029
:101B30000F03032B02463ED0052B42D1C37F90F802
:101B40002000034392F82100034392F8220003434C
:101B500092F8230000F01F00184333D05378222B53
:101B60002FD1B2F81930B1B1B3F5506F13D940F697
:101B700007518B4225D8B2F81B30B3F5FA7F20D23B
:101B8000B2F81D000A3880B240F6764398428CBF06
:101B9000002001207047991F89B240F67A408142A7
:101BA0000FD8917D481E07280BD8994209D2B2F868
:101BB00017109942DEE74078A0F10C0358425841D3
:101BC0007047002070478388A1B1B3F5506F11D9D9
:101BD00040F6075293421BD8C388B3F5FA7F17D259
:101BE00000890A3880B240F6764398428CBF0020C4
:101BF000012070479A420BD8B3F5486F08D8427855
:101C0000511E072904D89A4202D242889A42E2E73A
:101C1000002070472DE9F3470E4601A91446994666
:101C2000FFF72BFE054618B9019F2CB901237B75E0
:101C3000012002B0BDE8F087D7F8BC8021464046BD
:101C4000FEF7FAFD824608B90020F2E7F6F7D2FC6B
:101C50008442F9D851464046FEF72DFF7B7DA0F81F
:101C60000150002B18BF0226494600F8036B22469C
:101C7000FEF744FB21464046FEF719FE18B98321C2
:101C80002B20F5F7BFFA01A8FFF7FFF8019BA3F897
:101C9000B2517D75CCE74378C3F30111012910B52A
:101CA00002460ED0022915D0047803F00F00131D50
:101CB0005288022144EA0020FFF7ACFF38B101202E
:101CC00010BD047803F00F00131D5288F2E7F7F7F8
:101CD000B5FCF4E70020F3E71A230B7001234B70E7
:101CE0008B707047F7F782BB10B521B940F2A9217C
:101CF0001020F5F787FA4A600B72EFF3108472B682
:101D0000031D0B6042681AB1127A012A08BF0360F2
:101D100003681960016004B962B6BDE81040F7F7C6
:101D2000AFBB0222F7F778BC0322F7F775BC042299
:101D3000F7F772BC0222F7F7B3BC8D230B7030F8B3
:101D4000953CA1F8033030F8573CA1F8053030F845
:101D5000533CA1F8073030F8553CA1F8093030F871
:101D6000513CA1F80B307047012908B503D10E3062
:101D7000C00080B208BD022902D10F308000F8E710
:101D80004FF40C710620F5F73DFA40687047C08AA1
:101D9000704710B58A880B89CC884988A0F8541000
:101DA000A0F85840A0F85620A0F85A3010BD0346BD
:101DB00070B5B3F84C10B3F85820B3F85A40B3F8E4
:101DC0004850B0F84260B0F84600914228BF114632
:101DD000B3F85020A3F84210A24228BF2246B3F81D
:101DE0004A40A3F84620944238BF14468D4238BF7B
:101DF0000D468E42A3F84850A3F84A4021D1801ADC
:101E000018BF0120B3F84E10B3F85420B3F8566051
:101E1000B3F84050B3F84440914228BF1146B3F89C
:101E20005220A3F84010B24228BF32468D42A3F898
:101E3000442008D1944218BF40F0010000F0010096
:101E400070BD0120DEE70120F8E738B5C58B438C73
:101E500004469D42007A28BF1D46FFF785FF63892F
:101E6000AB4228BF2B46984238BF184680B238BDD7
:101E70002DE9F04106460F468089194698461446DA
:101E8000FFF772FF414605463046FFF7DEFF854209
:101E900028BF05469DF81810B08AFFF765FFF38A42
:101EA000834228BF0346ADB2A01D15FA83F3384420
:101EB0001844BDE8F08107B590F86D30009390F8B4
:101EC0006C30002296213430FFF7D2FF03B05DF86A
:101ED00004FB38B50D4619461446FFF7ECFF96345F
:101EE0002044A84294BF281A002038BD38B50D46BA
:101EF00011460446FFF7DFFF2844A06338BD01F117
:101F00009C0383423DBF9C38401A40080020704724
:101F100000F05503400800F05500034403F033007F
:101F20009B0803F03303034403F00F0000EB13108E
:101F30007047036800229A7383F84A20A3F846206A
:101F4000704703680022A3F84E2093F85020013216
:101F500083F85020704708B5026892F85030013B72
:101F60005BB2002B82F8503003DA52214A20F5F799
:101F700049F908BDA0F10903042B09D9A0F14603D2
:101F8000012B05D9233807288CBF0020012070477A
:101F9000012070470268136810B513F0080408D1D7
:101FA00043F00803136082F89810FFF7CAFF204639
:101FB00010BD0120FCE730F8023CF7B5B0F88270A4
:101FC00005460E4673B1012268468DF80020ADF833
:101FD0000170ADF80330F6F79BFB18B19521632033
:101FE000F5F710F9832300243370B470A6F803705A
:101FF0006B7AD5F898007371FEF7C8FC08B9BA215E
:10200000EDE721463846F5F73FFC4FF4017303F046
:102010000402204662F307001B0A63F30F2003B09B
:10202000F0BD03681A7C063A012A81BF4A785A74C7
:1020300006221A74002070470268137C063B012BAD
:1020400084BF07231374704770B50268D57BE5B968
:10205000CB88D688A2F86C32013B9B1B9BB247F61B
:10206000FD76B34206D9282382F83130F7F7C2FC57
:10207000284670BDD1F80130C2F86E324B7982F833
:10208000723203680922DA73F2E70125F0E70B46A2
:10209000822203F8032BD0F80920C1F80320D0F8DE
:1020A0000D205A60427C1A720023CB70704770B5C5
:1020B0000368DD7B06460C46002D3CD106222946EE
:1020C0002046FFF780FD28B921783046BDE87040F2
:1020D000FFF760BF32686389D188A2F86C32013B98
:1020E0005B1A9BB247F6FD718B4207D9282382F811
:1020F00031303046F7F77EFC284670BDA38840F2A9
:10210000E2414B43C2F874326378C3EB431003EBF4
:10211000800303EB83035B00A2F86E3263884B43BA
:10212000C2F87032E388A2F878322389A2F87A32B2
:102130000C23D373E0E70125DEE70B46842203F886
:10214000022BD0F80920C1F80220D0F80D205A60E7
:1021500070470B46852203F8022BD0F80920C1F8FE
:102160000220B0F80D209A80704738B50368DC7BF8
:10217000054634B1103C0F2C8CBF012408242046A6
:1021800038BD1B7D002BFAD0FFF7DBFE2B68102239
:10219000DA73F4E708B50368DA7B152A04D040F255
:1021A00053211F20F5F72EF8012283F85120172222
:1021B000DA7308BD0368DA7B112A03BF12220020FC
:1021C000DA730220704710B50368DB7B1B2B0446D3
:1021D00006D1FFF7C0FE23681F22DA73002010BD6E
:1021E0000220FCE708B50368DA7B102A04D040F22D
:1021F0007E211F20F5F706F8012283F851201122D5
:10220000DA7308BD08B50368DA7B172A04D040F2F8
:102210008A211F20F4F7F6FF1B22DA7308BD3E2344
:102220000B700C234B7004238B70D0F80930C1F86D
:102230000330D0F80D30C1F80730B0F81130A1F8F4
:102240000B30C37C4B73704708B503689A7B1AB197
:10225000CF211C20F4F7D6FF04229A7308BD026830
:1022600008B51368D90703D4DD211C20F4F7CAFF91
:1022700023F001031360BDE80840FFF76CBE87231D
:102280000B7030F88C3C4B80704703689A7B0E2AA9
:1022900001BF002283F83E2083F84A209A73002071
:1022A000704738B505682B6813F0040407D1FFF7B1
:1022B00048FE2B6843F004032B60204638BD012004
:1022C000FCE70268136823F004031360FFF743BEC2
:1022D00008B503689A7B1AB172214B20F4F792FF7C
:1022E0000E229A7308BD10B5D0E90D42A24206D362
:1022F0008B8C498E05334B43121B934202D301232F
:1023000080F83E3010BD0C230B7008234B70002367
:102310008B70B0F85630A1F80330437A4B71438983
:10232000CB8083890B81704710B5046894F85330D3
:102330009A070CD4A37B1BB177214020F4F762FFEE
:102340000122A27384F84A20A4F8463010BD236805
:102350009B0705D5FFF7FFFD236823F002032360E9
:10236000002384F83231F1E710B50B794C790A6813
:10237000012843EA042108BF41F48031104610BD12
:1023800007B5FFF7F1FF0DF10702F7F761FD03B0A5
:102390005DF804FB07B5002301A80193FBF714F8CF
:1023A000019810F0030018BF012003B05DF804FB92
:1023B00008B5FFF7EFFF002814BF1420002008BD68
:1023C00010B5FAF7B7FD0446FFF7F2FF04F55F43D7
:1023D000BE304FF47A724133B3FBF2F3184410BDB0
:1023E00010B5044690F86D00FFF7EAFF01220146A0
:1023F0002046BDE81040FFF779BD7FB5044618B907
:10240000A5213020F4F7FEFE052900F2B580DFE8B3
:1024100001F003AE2A25B3A990F80032C288A3B117
:10242000B0F8FE31934208BFB0F8B4319A1AA0F860
:10243000B621E380D4E990232046C4E99223F9F73A
:1024400099FA94F84C3004B070BDB0F8FC319B1A86
:10245000A0F8B631B0F8FC319BB2EAE704B0BDE8B1
:102460007040FAF7B7BCFBF7C7FCD4E99223801A97
:1024700061EB0301012871F1000302DA40F201610E
:10248000BFE76FF0010383424FF000038B4102DA94
:1024900040F20261B5E7D4F8C4300BB1B0FBF3F3FE
:1024A000E17BB4F8FE210C2931D10132A4F8FE21E0
:1024B000B4F86232E5880133A4F86232B4F84230ED
:1024C0001D44B4F84030013DED1AADB203AEB4F88E
:1024D000FE116B1A180434D4002300961A462046C5
:1024E000F7F75EFD0128AED1B4F8FE21B4F8B011C3
:1024F000BDF80C301344521A12049BB204D5EA1AE8
:1025000012F4004F18BF0B46A4F8FE31DFE7E18854
:102510000B449BB2D11A0D044DBF0133013293B26B
:102520009BB2A4F8FE3194F80132002BC0D1B4F86C
:10253000B431B4F8FE21934204BF0133A4F8FE3154
:10254000B6E7A37C0394002B14BF08233E23304638
:1025500084F83130F7F74EFA204600F087FC00236C
:10256000637370E704B0BDE87040FEF74ABC437B7C
:10257000042BF4D0C62144E7CB2142E713B5002356
:102580004373A0F860321A46009319460446F7F7E1
:1025900007FD20B140F2E7113020F4F733FE0123AC
:1025A0006373C4F8E801C4F8E001A4F8FE01A4F8DC
:1025B000FC0184F80102E388A4F86202013BE38095
:1025C00002B010BDD0F8E800704738B5044690F866
:1025D00028319BB1FF2380F83031012100F09FFAB0
:1025E00094F8283153B104F1C0052846FBF7BAFC32
:1025F0002846FBF7CBFC002384F82831002038BDA7
:1026000008B590F8302142B990F8EC2042B1D0E9F9
:102610003C31994202D9F8F747FF0022104608BD25
:102620000122FBE710B50446FFF7C2FEE269636BC7
:102630009A4228BF1A4600F5C1711046FFF75FFCA9
:1026400040F64803984228BF184680B210BD7FB5B7
:10265000044690F84C3003F0FF05002B58D1437B23
:10266000032B55D1FBF7C8FBD4E99223801A61EB09
:102670000301012871F100034ADB6FF0010383427B
:1026800075EB010104DA40F2AA513020F4F7BAFDEB
:10269000D4F8C420E3880AB1B0FBF2F2013313444A
:1026A0009BB2A4F8FC31B4F8FC21B4F8B4319B1A05
:1026B0001BB2002B2CDD04F50270FBF753FC38B382
:1026C000FF2384F80132B4F84230E5881D44B4F8A1
:1026D0004030013DED1AADB20DF10E06B4F8FC31FB
:1026E000EB1A1B0414D4B4F8FC1100960023012249
:1026F00089B22046F7F754FC012809D1B4F8FC311F
:10270000BDF80E2012FA83F39BB2A4F8FC31E5E782
:1027100004B070BD2DE970430C461546E2B9FAF7D6
:1027200091F8D4E94689064684F8EC5084F828519B
:10273000D4F8E800F6F7A8FDD4F8E800C0E99289DB
:10274000C0E99689C0F86462FFF718FFFAF70CFA3F
:10275000BDE87043FCF758BC40F2C3713020F4F779
:1027600051FD70B5044621B1012978D040F2D371F2
:1027700072E000F007F994F8293105460E46DBB106
:1027800050EA010318D0D4E93E32D4E94601C01A18
:1027900061EB020133462A46FDF71CFD05FB01F300
:1027A00000FB0633A5FB00021344D4E93E211218B6
:1027B00043EB0103C4E93E23E08B30B1F6F798FF09
:1027C000E38BB0FBF3F202FB1300D4E93E32ED18C9
:1027D00046EB02062D184FF0000346F1000640F2CA
:1027E0000242C4E93E56C4E9465684F80831A4F8CA
:1027F000102184F8293194F8303103F0FF01DBB95E
:10280000D4E948026FF000439A4208BFB0F1FF3F9D
:1028100018D02046D4E9465600F0A9F8D4E9483249
:10282000E5305B1B62EB06021B1A62F10002002A14
:1028300008DA2046F8F738FEFAF796F9BDE8704056
:10284000FCF7E2BB04F5847104F1C000FCF7F6FB71
:102850000028F1D14FF4E0613020F4F7D3FC0023DD
:1028600080F8EC30E8E790F82801003818BF012024
:1028700070470B468C2203F8032BD0F80920C1F8CF
:102880000320D0F80D205A60704738B50B468822D7
:1028900003F8032B0C4600F10902293052F8041BFF
:1028A00043F8041B8242F9D112781A70A5880123DB
:1028B000A37100212846F4F7D1FF58B1E3784BB15A
:1028C00000212846F4F7E0FF20B140F233212D200B
:1028D000F4F798FC38BD0121F8F77ABBFFF7FBBF8E
:1028E00090F872300BB10120704790F8AA2002F0E6
:1028F000FF03002AF7D190F89C201846704737B59F
:1029000004460D464FF49C720021FDF7B7FCFF23EF
:1029100023701323638042F21073E383F5F79AF870
:1029200000220146A0626846FEF776F9A06A0022FE
:102930000121FEF7BDF9A16A68460422FEF76CF991
:102940000022A06A1146FEF7B3F904F12000A57435
:1029500003B0BDE8304000F019B9FF23886A0B705E
:10296000FEF757B90078FF3818BF0120704710B53F
:102970000446203000F060F961882822F8F7C6FD8F
:102980006D3010BDD0E9020170472DE9F04F0746C8
:102990000C4606460FCF8FB006AD0FC597E80F0067
:1029A0000DF1100885E80F00404600F0EFF8677859
:1029B00094F8149094F80AA094F800B007F07F05FA
:1029C000B9F1010F2F4607D0B9F1020F04D040F240
:1029D00012310620F4F716FC617A404600F0DDF86B
:1029E000237D227F022B08BF617D02F1010206BF19
:1029F0000131C9B20121D2B2404600F0D0F815F041
:102A0000080360D14046019300F016F928223946A8
:102A1000F8F77CFDE578019B00F52472207945EA02
:102A20000025607940F2712145EA00454D43B2FB33
:102A3000F1F24A43AA420AD9E079A57945EA00258C
:102A4000207A45EA00454D43954228BF1546227E2F
:102A50000393531E5A425A41A17CB06A02910192DB
:102A6000FEF7ADF9B06AFEF7BAF9039B019A029935
:102A70008DF818B0ADF81A7008958DF828208DF8EB
:102A80002B108DF82CA08DF81C90099306AF0FCF5A
:102A900035460FC597E80F0085E80F0098E803005A
:102AA0003062B184E37A03F0FD03003B18BF0123D9
:102AB00086F84F30E3683365238AA6F85430002047
:102AC0000FB0BDE8F08F00252B46C0E74FF4004360
:102AD000C38443881D2B08BF00214174704790F9BF
:102AE00012007047408800F0010070478078C0F302
:102AF000400070478078C0F3C000704790F84830BD
:102B0000816181F8B330D0F84930C1F8B430B0F801
:102B10004D30A1F8B83070477047F7F7C7BF80F85D
:102B2000681070478278034612F0010002D0D9780D
:102B3000C90710D5900702D5D97889070AD512F0B0
:102B4000040008D0D878C0F3800080F00100800035
:102B5000C0B2704702207047C0F34002C0F3800348
:102B6000134400F0010018447047022808B507D04C
:102B7000042807D0012807D039212E20F4F742FB82
:102B8000262008BD2720FCE72520FAE70023C0F80F
:102B9000023001234370037070478170704710B595
:102BA0004270017080781446FFF7D6FF10FB01F0E9
:102BB00010FB04F2FE2A03DD5C212E20F4F722FB39
:102BC00010BD0023C37043710371704710B50446F4
:102BD000FFF7A8FF637962780133DBB29A42637131
:102BE0000FD1E378A1780343DBB29942E37008BFC9
:102BF00023794FF0000208BF0133627104BFE27015
:102C00002371BDE81040FFF7B0BF38B501468078AA
:102C1000FFF7A2FF0446C8784D78FFF79DFF0A79B9
:102C20000B789B1A13FB05F34A7913FB04F39B1AE9
:102C300000FB1530C0B238BD08B501468078FFF7FB
:102C40008BFF4B780A7813FB02F313FB00F0C0B242
:102C500008BD40F2EF20704740F25A3358437047A6
:102C600038B513680E3814460D469A7B09283ED8AD
:102C7000DFE800F0053D3D3D0F3D183D3D27042AAE
:102C800005D12046FFF755F92046F7F721F8002037
:102C900038BD0E2AFBD1002220461146BDE838403F
:102CA000FFF7F3BA202AF2D12046FFF742F9002DB0
:102CB000EDD0226892F8623023F0200382F862306F
:102CC000E5E7DA7B262AE2D10025DD732046FFF70F
:102CD00042F9236893F82C31012B03D12946204671
:102CE000F6F722F82368002283F82C21CFE740F280
:102CF00062213120F4F786FA08B50368DA7B172AD7
:102D000004D040F27E513120F4F77CFA1D22DA73B0
:102D100008BD08B590F89E30FE2B04D040F66F1128
:102D20003120F4F76FFA002380F89E1080F89F306E
:102D300012B9A0F84E2008BDA0F84630012380F853
:102D40004A30F8E708B50368DA7B342A05D1002257
:102D5000DA73BDE80840FFF7FEB8172A02D11D223A
:102D6000DA7308BD40F293513120F4F74BFA08B5FD
:102D700003689A7B082A0AD193F8991093F8A02047
:102D8000914204D100229A7383F84A2008BD1A6840
:102D9000110706D522F008021A60BDE80840FFF7C7
:102DA000DAB84FF4AF613120F4F72CFA037D63B940
:102DB000C37BA3F10F02032A07D990F8520028B170
:102DC0001F2B8CBF00200120704701207047024656
:102DD00000684978837B202B13D00AD8042B12D0AB
:102DE0000E2B12D0C37B262B0CBF1720FE20F8F72A
:102DF000F5BC2A2B03D02C2B09D0242BF2D1162082
:102E0000F5E71420F3E70E20F1E71220EFE7232087
:102E1000EDE7024600680B4690F8621041F00401AD
:102E200080F8621099785878F8F7D8BC38B50C4615
:102E30000546D1E92F01F4F7C1FD637B3BB104F5F1
:102E400002742046FBF78EF82046FBF79FF82846D1
:102E50000221BDE83840F4F717BD0020704708B5DF
:102E6000F6F790FCBDE80840F6F72ABE0022C281C2
:102E7000827490F84C3013B10221F7F7DFBC0321C4
:102E8000FBE738B504460846E37B03F0FD0394F8FE
:102E9000682212B10C25284638BD152BFAD194F8BA
:102EA000843203F0FF05002BF4D191B194F8D631B0
:102EB00023B940F66C313120F4F7A4F9052304F16D
:102EC000800204F5E371FDF737F8012384F86832D6
:102ED000E1E70223FAE7F6F7B5BC08B5F9F780FC9D
:102EE000F9F76CFAF9F7C4F9BDE80840FAF786B8C3
:102EF00010B5C824F9F71CFA022808D1013C14F0D7
:102F0000FF04F7D10620F6F7A7FB204610BD431EAD
:102F100058425841FAE74FF08053D3F8A00000F030
:102F2000010070474FF08053D3F8A420D3F8A830A5
:102F3000511C9BB203D14FF6FF718B4203D002604C
:102F4000838001207047002070474FF0805330B5D8
:102F5000D3F89050D3F89440D3F89810D3F89C202D
:102F600005EA04030B40134001331FBF05604460B2
:102F70008160C2600CBF0020012030BD4FF0805343
:102F800030B5D3F88050D3F88440D3F88810D3F804
:102F90008C2005EA04030B40134001331FBF05607A
:102FA00044608160C2600CBF0020012030BD10B5BC
:102FB000F9F750FC0446FBF76BF8201841F10001CB
:102FC00010BD38B504461546F9F786FA2A4601467B
:102FD0002046BDE83840F9F763BD10B50446084601
:102FE000F9F7A8FF4FF47A73B0FBF3F0201A10BD85
:102FF00010B504460846F9F79DFF023C00F2E7339E
:103000004FF47A72B3FBF2F3E01A10BD08B5FDF786
:1030100045F8BDE80840FAF7B1BA801A00F3070096
:1030200038B540B20D4659B21446FAF797FA002364
:1030300028706B70204440B238BD00230360704795
:103040007047002070474FF0FF3070474FF0FF305F
:10305000704770474FF0FF307047002070470020E6
:1030600070470023037070479DF800300022FFF77F
:10307000D4BF4FF0FF307047002070474FF0FF3053
:1030800070474FF0FF3070477047C0B208B520B9A5
:103090004FF0804301221A6008BD4D21B520FCF796
:1030A00003FE0020FAF7C2BA4FF08043D3F80804B9
:1030B00000F0010070474FF08043D3F8140400F093
:1030C000010070474FF08043D3F81C0400F0030068
:1030D00070474FF08042D2F81834D2F81824C3F366
:1030E000004302F00302824214BF002003F00100FB
:1030F00070470020FAF710BB0020FAF73BBB002016
:10310000FAF794BA70B5FCF75BFD00240546264635
:10311000E0B2854200D870BDFCF758FD0134068549
:1031200080F82A60F4E7F8B5037904461BB11B2147
:103130009D20FCF7B9FD4679017126B90123437141
:10314000217909B96171F8BD276826712046B84711
:1031500002280546F4D103212046B84708B12F21A3
:10316000E6E723682946204698470028E8D0302122
:10317000DEE70346006800B970478842F9D102686B
:103180001A6070470346002018707047EFF31082F2
:1031900072B603780121DBB2017002B962B6012B6D
:1031A0000CBF6FF0220000207047EFF3108372B65F
:1031B0000022027003B962B600207047FCF748BFD6
:1031C000FCF790BFFCF78EBF00280CBF6FF0150016
:1031D00000207047002070470723037000207047CD
:1031E000002070470020704710F8012B11F8013BB8
:1031F000012A28BF9A42F7D0D01A7047034611F827
:10320000012B03F8012B002AF9D17047034613F86C
:10321000012B002AFBD1181A013870472DE9F0471D
:103220008C468E46089E154604461946002B40F0F3
:10323000D080724547D9B2FA82F74FB1C7F1200367
:103240000EFA07FC20FA03F3BD4043EA0C0CBC4025
:103250004FEA154EA8B2BCFBFEF8230C0EFB18CCAF
:1032600008FB00F943EA0C43994528D9EB1808F10B
:10327000FF3204D2994502D9A8F102022B44A3EBF4
:103280000903A4B2B3FBFEFC0EFB1C330CFB00F0E5
:1032900044EA0344A04214D92C190CF1FF3304D2A0
:1032A000A04202D9ACF102032C44241A43EA0240A2
:1032B0001EB1FC40002334607360BDE8F0874246D5
:1032C000DDE76346F1E7002A79D0B2FA82F3002BFA
:1032D0003FD01946C1F1200302FA01F52EFA03F29C
:1032E0000EFA01FE20FA03F343EA0E034FEA154EED
:1032F00000FA01F4B2FBFEFCAFB20EFB1C201A0C6C
:103300000CFB07F842EA004290455AD9AA180CF182
:10331000FF3004D2904502D9ACF102002A44A2EB5E
:1033200008029BB2B2FBFEFC0EFB1C220CFB07F753
:1033300043EA02439F4246D9EB180CF1FF3204D214
:103340009F4202D9ACF102022B44DB1B42EA00424D
:1033500002E0AEEB020301224FEA154EAFB2B3FB1F
:10336000FEFC200C0EFB1C330CFB07F840EA034369
:1033700098452AD9EB180CF1FF3004D2984502D9B0
:10338000ACF102002B44A3EB0803A4B2B3FBFEFC98
:103390000EFB1C330CFB07F744EA0344A74216D983
:1033A0002C190CF1FF3304D2A74202D9ACF102036D
:1033B0002C44E41B43EA00400F46114678E71F21E6
:1033C00088E76046ABE76246BFE76046DBE76346F7
:1033D000EFE7734506D916B9002108466DE7C6E93F
:1033E000000EF9E7B3FA83F787B9734501D3824238
:1033F00007D8841A6EEB030301209C461EB90021F6
:103400005BE73846FAE7C6E9004CF8E7C7F1200C5D
:10341000BB4022FA0CF51D4320FA0CF12EFA0CF3F6
:103420000EFA07FE41EA0E014FEA154900FA07F4C9
:10343000B3FBF9F81FFA85FE09FB18300B0C08FBEB
:103440000EFA43EA00439A4502FA07F240D9EB1814
:1034500008F1FF3004D29A4502D9A8F102002B44AA
:10346000A3EB0A0389B2B3FBF9F809FB183308FB95
:103470000EFE41EA03418E452CD9691808F1FF334D
:1034800004D28E4502D9A8F10203294443EA004040
:10349000A0FB0298A1EB0E014145CE46434602D364
:1034A00006D14C4504D2B9EB020E68EB0503013896
:1034B000002EA4D0B4EB0E0261EB030101FA0CFC68
:1034C00022FA07F34CEA0303F940C6E9003196E714
:1034D0004046C5E74346D9E780B501290E4B0CBFEE
:1034E000012200221A700D4A0D4B00AF88B008BFB0
:1034F00013466A460B49CDE905134FF40073ADF846
:103500001C30094B42F8103F084800234FF4E651A5
:1035100001F0AEF8BD4680BD90370020C19A04008E
:10352000BE9A0400CD9A040003000001AC90040090
:103530002DE9F04391B002AF00214FF4803015F037
:10354000EAF8002004F0ECFE044650B1514A03466C
:103550005148012110F0E7FD20463C37BD46BDE84B
:10356000F0834E4D0FCD07F10C040FC42B68236080
:1035700001254B4B4B490095022207F10C0005F049
:1035800031FB044610B1484A0346E1E76D4688B076
:1035900002AA464B5361464B93614FF400739383E9
:1035A000444B42F8103F4FF4E65103463A48424E2E
:1035B000DFF8088101F05CF8AD46414D3C8004F035
:1035C0000F0335F9139015F086F94FF47A72A0FBCA
:1035D000020302FB0131C00B002340EA41404FF4DB
:1035E0007A72C90BFCF740FF09EBD9735B1003F546
:1035F000FA73FB80052399FBF3F93378C7F80200CF
:1036000009F6C419A7F80890B3B11822002107F1F0
:10361000200015F04FFA0A2307F120010020BB8596
:10362000C7F82480BF6208F0EBFB034658B1254A77
:103630001948022110F077FD4FF40040002115F0E9
:103640006AF80134BAE7E9468CB03888B7F906C0A1
:10365000B7F9081002AADFF870E0C2E905E04FF000
:10366000640E9CFBFEF00EFB10CCD0610FFA8CF0C8
:10367000106291FBFEF00EFB101109B2916207215E
:10368000506242F8101F04484FF4635100F0F0FFFD
:10369000CD46D1E7DF9A0400AC90040050910400BD
:1036A000A8930400B0930400F89A0400179B040048
:1036B0002A9B04000300000190370020D4930400EB
:1036C0004C9A0400349B0400529B04002DE9F84FEF
:1036D0008A4600AF002974D004680E1F361BF50817
:1036E00026F0070604EB0608B8F802B01BF0010B41
:1036F00016D1E94688B06A46334BCDE9053103233C
:1037000042F8103F31485B464FF4C25100F0B0FF21
:10371000CD468BF31188BFF36F8F0423184602DF69
:10372000294620460FF021FE284434F83030C01AD4
:10373000854217D0E94688B06A46254BCDE9053A5F
:10374000032342F8103F214800234FF4C25100F0F8
:103750008FFF0023CD4683F31188BFF36F8F0423BF
:10376000184602DFB8F8023023F00103A8F802304F
:10377000294620460FF0F9FD05EB000804EBC803CD
:103780005B88DA0708D4414620460FF037FE4246F0
:10379000294620460FF077FEA65BAE1B04EBC6035E
:1037A0005B88DB0709D4314620460FF027FE2A4606
:1037B000314620460FF067FE3546294620460FF079
:1037C000D9FDBD46BDE8F88FD39B040004910400E9
:1037D000AA9B04002DE9F04F91B08407009302F0FA
:1037E00004030293C2F3C20303F10103DDF868A0EE
:1037F000039205460E46059340F09D81041D002866
:103800004AD101F00706341DC6F10806009B0027C7
:103810005A1E4FF004084FF0FF3301930497B94646
:10382000BB4643460DB1009921600598002800F37E
:10383000D78090480099814203D38F488142C0F0DD
:10384000CF80039911F0020CA4EB050040F0D68064
:10385000B9F10F0F00F2CF80002D00F0D68009F1F2
:1038600040010DEB010EC0F3870001990EF8200C0A
:103870000EF8101CBCF1000F00F0C38060F07F0058
:103880000EF8200C013709F10109C5F108010434D3
:1038900006914FF6DA7E8CE00729B7D86FF01B004F
:1038A00011B0BDE8F08F7A285BD84B280FD8472895
:1038B00057D829282ED8252850D052D8202818BFCC
:1038C00023280CBF4FF0010B4FF0000B71E04C3878
:1038D0002E2846D8DFE800F06D454545454545456D
:1038E0004545454548454545454545454556454871
:1038F000485656566D486A456D4518481845457FE7
:103900007C48454548457C0000204FF0000B4FF0B7
:10391000040835E02A38C0B2012101FA00F010EAAB
:103920000E0F46D110F0625C2CD110EA010B40D092
:103930006046013C4444B4FBF8F408FB04F425B1B0
:10394000A3EB050CA444B445A8D8002870D0059971
:10395000013905915AF8041B009163E70199013977
:1039600001914FF0000B24E012F8010C6C2834D1C7
:1039700012F8023C00206C2B8346C8D14FF0080897
:103980004346D6E70AF1070A2AF0070A0734FAE89D
:1039900002BC24F0070435B106982044B0423FF63B
:1039A0007DAFC4E900BC08344FF0000B4FF00808AD
:1039B000434612F8010F002853D0BBF1000F7FF4EB
:1039C00072AF2528F5D1019B013301934FF0010B14
:1039D0004FF00408ECE7584697E700208346A8E735
:1039E000039988077FF551AF601B4FF0010CB0F5CC
:1039F000007FFFF42DAF6FF0150051E74FF0000C82
:103A0000F5E70498013004903DE7BCF1000F01D0C8
:103A1000013638E70298023600287FF434AF009868
:103A2000CDE90632FFF7F2FBDDE9063206442AE76C
:103A3000042B08D10AF1040015B1DAF80010216056
:103A400004348246B5E70AF1070323F0070303F1C4
:103A5000080A1DB1D3E90001C4E9000108340823B4
:103A6000A7E7631BB3F5806FC5D23DB9A6F1080483
:103A7000E01815E7E88B04003CBC0400029A2860BB
:103A80009B082B709DF81030AAB1EB70AF702FB16E
:103A900008A80022C5F1010C91450ED1C5F1010322
:103AA0000DF120084FF0000A01930DF1300BD145C4
:103AB00012D1601BF4E66B70E8E710F8013B1906C1
:103AC00008D50CEB040EB64503F07F033FF6E6AED7
:103AD00004F8013B0132DFE71FB198F90020002A0A
:103AE00017DB029BD3B11AF80B2004F8012B00223C
:103AF000019B18191044B0423FF6D0AE98F8000070
:103B000004F8010B00990392204614F0ACFF039ACD
:103B100014440AF1010A08F10108C8E798F80020E6
:103B200055F822300093029B45F822300098FFF7A9
:103B30006DFB421CDCE76FF00D00B1E62DE9F04FA4
:103B400097B000AFC7E90A3205468A4649B90378FB
:103B50004678807800EB83002844564524D8A0EBB3
:103B6000050AD7F8803095F80280D7F8804003F036
:103B70000103FB61EB787B62B8F1000F0CBF0024FE
:103B800004F001041BB1D7F880309A0715D4A4B90A
:103B9000FB6A1BB1BA6A51462846984756463046DA
:103BA0005C37BD46BDE8F08F441C2046FFF72EFB76
:103BB000013020440AF1010ACFE7D7F88030C3F37F
:103BC000C0033B622B78BB619B003B616B687B61F0
:103BD000BB6905EB830BFB6A002B77D15646D844B3
:103BE000BCB11C461BF8013B55F82300FFF70EFB48
:103BF000D7F88430013043B1D7F88830A34282BF70
:103C0000D7F8843023F814000134C3450644E9D1C1
:103C1000D846D7F8803013F0050F0CBF4FF0020BD9
:103C20004FF0010B4FF000097B6A9945B7D298F825
:103C3000013055F823A0AE4B9A4508F10208C0F0B8
:103C40004B81AC4B3A6A9A452CBF002301230AB33F
:103C500018F8021C7869FB620FF05BFDFB6AC8B1C3
:103C6000EA468AB06A46A44B05937B69CDE90631E2
:103C70004FF40073ADF82030A04B42F8103FA0483D
:103C800000234FF4125100F0F3FC023ED54609F137
:103C90000109C9E723B1FB6933B9A6EB0B06F6E7C7
:103CA000D7F880309B07F2D55046FFF7AFFAD7F828
:103CB00084304BB1D7F888309C423FBFD7F884207E
:103CC000431C22F8143001340644E0E7002C69D18B
:103CD000B8F1000F6CD0D7F8803058076BD5C146CB
:103CE00007F148004246594614F0BDFE0BEB0803AD
:103CF000FB6000220233796A8A425ED3D7F88020C3
:103D000095F801B0F969920704EB0B03DBB254BFDD
:103D10004FEA59020022002940F0A680D7F880100F
:103D200011F0040F14BF494600216B70A970EA70AE
:103D30003969BA6AFB6A28469847061EFFF62FAF14
:103D4000BB692B707B6AEB704946BA6AFB6A85F8DF
:103D500001B085F8028007F148009847B0F10009EA
:103D6000C0F2B6803B697A6A786A03EB4201FB686D
:103D7000BA6A414403EB4000AAEB0101FB6A984791
:103D80000028C0F2A780B14409EB00064FF0000BF9
:103D900007F1380AA34569D30021BA6AFB6A0846CD
:103DA0009847FCE6444607F138004FF0000999E7D0
:103DB0004446C1469AE7A14698E713F8016CDFF83C
:103DC00030C155F8260013F8021C6045C0F08A8007
:103DD000DFF820C16045386A2CBF4FF0000B4FF070
:103DE000010B38B17869C7E901320FF092FCD7E9CD
:103DF0000132F0B9BBF1000F1ED0F96949B1611C65
:103E000004F1280007F13004041904F8206CCCB246
:103E10000FE0D7F8801049070BD509F1280007F10A
:103E2000300C09F1010100EB0C0909F8106C5FFA84
:103E300081F9013202335EE7D7F880008007DED4D3
:103E400009F1280C07F1300EF44409F101000CF8D7
:103E5000101C07F1580151FA80F009F102095FFACC
:103E600089F900F8106CE4E700215EE71BF80A30DE
:103E700087F8373055F82390D7F884302BB3D7F82C
:103E800088309B4521D2D7F8843033F81B80BA6A3A
:103E9000FB6A012107F13700984700281ADB064426
:103EA000B8F1000F06D14846FFF7B0F900F101085C
:103EB0001FFA88F8BA6AFB6A4146484698470028C4
:103EC00008DB06440BF1010B64E74FF00008DEE766
:103ED0004E4664E6064662E63B6A002B3FF4E0AEDF
:103EE0000023B5E6386A0028A6D04FF0000B79E72A
:103EF000E88B04003CBC0400009C040004000001AA
:103F00009C900400014B1860704700BFC002002065
:103F100080B505460E46174698460CF0B7FD034699
:103F200001F02AFCDFF81890044649F800304246B8
:103F300030463946A84754F8090001F0B9FB00BFE4
:103F4000080000002DE9F047058B044628071746B6
:103F50000CD501290CBF45F0100545F0200525833F
:103F600087F31188BFF36F8FBDE8F087022905F052
:103F7000070540F0948020460FF08CFE052864D899
:103F800001A353F820F000BF613F03009F400300EE
:103F90004B4003000D40030027400300394003005D
:103FA00001F007035A1F012A1FD8002221F0070140
:103FB000062BD4F8008089B2C4E9002209D1434617
:103FC00003E0628B013262831B68002BF9D141F060
:103FD0000201218320460FF05DFE4FF0000900280A
:103FE0006DD041F02001218369E0042B0AD121F03A
:103FF000070189B2218320460FF04CFE10B141F039
:10400000200121834FF00008C14658E02369D3F80E
:104010000090238B23F0070343F0060323834FF024
:10402000000846464BE02369D3F80490238B23F025
:10403000070343F00403F1E72369D3F80890238BC7
:1040400023F0070343F00503E8E74FF00008C146FB
:10405000E7E7012243F00803238387F31188BFF3C6
:104060006F8F002A3BD1B8F1000F4AD1B9F1000F90
:1040700002D02D492046C847EFF31187402383F330
:104080001288BFF36F8F238B23F008039BB2238327
:10409000D9063FD523F01002228303F00705666995
:1040A000218B002EBFF67CAF0023D4F8008021F0D6
:1040B0000701C4E9003341F0010121839946238BB4
:1040C00003F0070AAA4502D0A268002AC1D1B8F1BC
:1040D000000F02D1B9F1000FDAD00022BAE7A168CF
:1040E0000029C0D00D680029BDD04F683346524624
:1040F0002046B8471DB12B6829461D46F3E72B46DD
:10410000FAE74146334652462046D8F800800FF081
:10411000EDFDA8E79A067FF523AF23F02002228366
:1041200003F0070527E700BF193D04002DE9F0471C
:10413000DFF85480044607464FF0010994FAA4F5CD
:10414000B5FA85F509FA05F32E0108EB05156FEAB6
:10415000030A24EA03042B7B63B158F806301B6979
:104160006BB94644042273682846196807EA0A07AF
:104170000FF060FF002CE1D13846BDE8F0872846FB
:1041800098470028F6D1ECE73491040010B51049A7
:10419000104888B0002214F0E6FB4FF400320023F0
:1041A000CDE9062300240E23CDE90334CDE90144F3
:1041B000094B0A4900944FF4407209480CF0ECF99D
:1041C0000849074814F0E6F9204608B010BD00BFC2
:1041D000E9410300501B002019450300003900206D
:1041E000C0160020BF9C040001480BF08FBE00BF2A
:1041F000C40800202DE9F047804621480F460FF003
:10420000F9FE0646002833D000252846BDE8F08791
:10421000237B83B12368DB680BB120469847636832
:1042200083F8069023681B69D3B963680422196870
:1042300020460FF0FFFE013610345445E8D3B8F1A4
:10424000000FE2D0002DDFD02846FFF76FFF0546B4
:10425000002FF7D000214FF4A47014F05CFAF1E7BE
:10426000204698470028E0D009FA06F31D43E2E70C
:10427000044CDFF814A005464FF00109DDE700BF4C
:10428000302900203491040044910400014B53F87C
:10429000200070472494040008B5034608462BB15B
:1042A000044A136000F044FC002008BD6FF01500C4
:1042B000FBE700BFC402002010B5044C237813B9FB
:1042C00003480BF023FE0123237010BD913700201B
:1042D000C408002010B504460B480FF08BFE5CB1FB
:1042E000BFF35B8F094B53E8001F013943E800120D
:1042F000002AF8D1BFF35B8F05480CF0EDFE0548AE
:10430000BDE810400BF002BE282900202C29002017
:10431000501B0020C4080020064BBFF35B8F002217
:1043200053E8000F43E800210029F9D1BFF35B8F68
:10433000704700BF2829002070B5FFF7EDFF084C3B
:10434000084E0546B44200D370BD63685B792BB15B
:1043500023685B6813B12946204698471034F1E77B
:10436000349104004491040010B5044C04492046E3
:104370000FF00AFB034B1C6010BD00BF6807002054
:1043800010940400202900200D4A0E48002310B587
:1043900013700D4A13600D4A4FF400411360FFF78C
:1043A0007BFFFFF7E1FF0A4B0A4918468B4200D317
:1043B00010BD1A1A5C681211013222711033F5E730
:1043C00092370020F13F0400282900202C290020EA
:1043D0003491040044910400014600220148002366
:1043E0000FF0F3BA6807002001480FF08ABB00BF46
:1043F00068070020024B014618680FF0DDBB00BFC4
:104400002029002001480FF012BC00BF68070020DF
:1044100070B52A4B1B78002B4ED0FFF7E5FF044602
:10442000002846D1264B274D1B68002B19DD14F0C0
:1044300052FA4FF47A76A0FB063206FB0121D5E949
:104440000020DB0B43EA41439B1A4FEAD13140F293
:10445000E93261EB0001934271F1000101D3FFF7F2
:104460006BFFD5E9003213F57A7342F10002C5E91A
:1044700000320CB3BDE87040FFF7C4BF6B685B79D6
:1044800023B12B6821461B68284698471035B54252
:10449000F4D32046FFF7AEFFBFF35B8F0A4B53E820
:1044A000001F013943E80012002AF8D1BFF35B8FE7
:1044B000B8E7064D064EEAE7002070BD91370020B0
:1044C00028290020481B00202C29002034910400BA
:1044D0004491040070B50D4D297861B90120FFF7B2
:1044E00089FE0B4C0B4EB44206D3FFF791FF002818
:1044F000FBD101232B7070BD63685B791BB123680E
:1045000020469B6898471034EDE700BF92370020A3
:10451000349104004491040000212DE9F843084639
:10452000FFF768FE044648B340F267684FF00009A1
:1045300001F022F91A4B1B4A1B58136033B11A4B76
:104540001B68092B02DD19480BF0E0FC184F002511
:1045500044B12046FFF7EAFD044618B94FF0FF3892
:104560004FF0FF39FFF754FF064628B9B5B90F4899
:1045700042464B460BF0FEFC3546E9E74FF0FF386C
:104580004FF0FF39D4E72B689B691BB1002211461D
:10459000284698471035BD42F5D3E8E7054DFAE7C0
:1045A00008000000242900202C290020C408002035
:1045B000449104003491040013B518480FF01AFD1B
:1045C000174B1B7873B1EFF31184402383F31288E8
:1045D000BFF36F8FFFF71CFF84F31188BFF36F8F5A
:1045E00002B010BD0F4B1B68002BF9D050B9002250
:1045F0000023CDE900230C484FF4004200230CF0C7
:1046000033FDEDE70928EBD107480CF065FD0748BD
:1046100002B0BDE810400BF079BC00BF2C2900208F
:104620009237002024290020501B0020C4080020BD
:1046300010B5064B1B68044698472146A060044805
:104640000FF040FABDE81040FFF7B6BFC4020020EB
:1046500068070020044A054B9B1AB1EBD30F34BF07
:1046600052F83100002070473C900400349104005F
:104670002DE9F04F8FB004AFC1F34A26B8600D4664
:1046800090467B600C0D002E61D04FF000090A238C
:104690004FF0040B07F1140AFE60C7E90799C7F849
:1046A00024900093CDF808B0CDF804A007F11C03C6
:1046B000F9684A464046FFF741FAB0F5006F0346F5
:1046C0001CD36C468AB0D8F8041004AB2448C3E964
:1046D000050140F2FF71D9611A464FF40071198447
:1046E000204B42F8103F20484B464FF41251FFF741
:1046F000BFFFA5462C37BD46BDE8F08FC0F30A06C4
:1047000004F11700184420F0070080083B60FFF711
:1047100063FE66F35325044680B13B68134A00F1FB
:104720001001C7E90839F961CDE901AB0A2300930B
:10473000F96807F11C034046FFF700FA66F35325BA
:104740007B68B9682A4620460FF094FCD2E704F152
:10475000170020F007008008FFF73EFE0446EDE753
:10476000D49C040004000001B490040047400400FD
:104770002DE9F04F87B0DDE9127ADDE9106B0546CF
:10478000884614469946BFB11021CDF800A03B469B
:104790005A460020CDF814A0FFF71CF8B0F5006FC2
:1047A00001460BD3194A1A4840F2FF73022107B0A1
:1047B000BDE8F04F0FF0B7BC3946384604F00703A8
:1047C00005F00704E40044EA831444EA402444EA80
:1047D000065406F11700084420F0070080080391F2
:1047E000FFF7FAFD054640B13FB10399CDF800A0AF
:1047F0003B465A461030FEF7EDFF4B4622464146F7
:10480000284607B0BDE8F04F0FF034BC139D0400FC
:10481000B4900400406820B1034BC01A40F3CF00AD
:1048200070474FF0FF3070473C9004000EB403B562
:1048300003AB014653F8042B0448019301F022F91D
:1048400002B05DF804EB03B0704700BF894104007B
:10485000CA0605D48B064CBF02490349FFF7E6BFE1
:10486000704700BF4C9D04004B9D04002DE9F04FA4
:1048700089B09846159B0693DDE916A39DF85090E4
:10488000189F059204460D460493B9F1000F00F0FD
:10489000B08007F4807307930FF0CAFB07F0020B98
:1048A0000246002874D078492046FFF7BFFF06462D
:1048B000BBF1000F08D017F0440F6BD173492A46A3
:1048C0002046FFF7B3FF064407F0010353B1704BD6
:1048D000704953F82920704B2046002A08BF1A4619
:1048E000FFF7A4FF07F48073002B07F0080318BF3D
:1048F0004FF00008002B79D0684B694953F8292004
:104900002046FFF793FF0546059B2BB165491A46E4
:104910002046FFF78BFF0544B8F1000F05D0624930
:1049200042462046FFF782FF054460483544069B17
:104930001BB15F4922460EF0BBFE049B002B00F02A
:104940008E80DDF810803946B8F1100F204628BF60
:104950004FF01008FFF77CFF0026B54250DC002620
:1049600033461AF8032053492046FFF75FFF01360C
:10497000102E4BD0710703D14F492046FFF756FF49
:1049800046453346EDD34D492046FFF74FFFEEE74E
:1049900006468DE74A4B1868002894D0494B4FF4DF
:1049A0007A7B1B68B5FBF3F54FF46163B5FBF0F15F
:1049B00000FB11550BFB05F54FF03C0CB1FBF3F27E
:1049C00003FB1211B5FBF0FEB1FBFCF300FB1E551F
:1049D0000CFB13110BFB05F50091B5FBF0F53A4903
:1049E000CDE901E52046FFF721FF6CE707F0080558
:1049F0008AE7B8F1010F0CBF2C4834484D4696E7C2
:104A00002D492046FFF712FF0136A6E73049204620
:104A10000026FFF70BFF33461AF803202D49A2F1B9
:104A200020035F2B28BF2E222046FFF7FFFE013612
:104A3000102E0DD0720703D11F492046FFF7F6FE56
:104A4000B0453346E8D81C492046FFF7EFFEEEE7B5
:104A5000049BB3EB0803C24404937FF472AFB9F133
:104A6000000F0AD0FB0704D50B4A0A492046FFF77E
:104A7000DDFE39462046FFF7EBFE204609B0BDE8D3
:104A8000F04F0FF074BB00BF539D0400579D04000E
:104A900034940400C7A704004E9D04004894040009
:104AA0007C9D0400829D0400869D040089410400D1
:104AB000855A03008B9D0400939D0400919D040082
:104AC0003829002034290020609D0400BF410400E3
:104AD000959D0400979D040073B542F20F738B42BD
:104AE00028BF0B4605680F4A0446052168460EF0AC
:104AF000CDF963680C495B6806460B2228460FF027
:104B000028FB63683246694628465B680FF021FB44
:104B1000636806495B681B2228460FF01AFB02B047
:104B200070BD00BFD6B9040054BB040038BB0400FC
:104B3000074A00210123904206D8064A01B9012301
:104B40001360054B1860704740085B000121F2E7D5
:104B500040420F003429002038290020F8B5074FC3
:104B60000D4604464618B44201D12846F8BD14F853
:104B7000011BBB6801485B689847F4E7148D04008B
:104B8000014B0360002070479094040007B51B4957
:104B90001B480FF0EDFD70BB1A4919480FF0E8FDF6
:104BA00048BB194916480FF0E3FD20BB17491448CC
:104BB0000FF0DEFDF8B90146154A114810F0BFF8B4
:104BC000C8B9024613490E48012310F092F990B972
:104BD00001230093014602230948EF220FF0D2FC83
:104BE00048B907480FF0F7FC28B9054803B05DF84D
:104BF00004EB0FF020BD03B05DF804FB440300207C
:104C0000280A00202C03002014030020FC020020AE
:104C1000D0020020D49D040010B5DFF824C086B077
:104C20004FF42814CDE904C40824029404AC019480
:104C3000BDF82040009411F03DFE06B010BD00BF4D
:104C40001800280008B504480EF084FD03480EF053
:104C500081FD002008BD00BFED9D0400229E0400E0
:104C600001480CF00BBB00BF1C95040038B504468E
:104C700018B90F4B0F485B6898476168B1F5683FFA
:104C800010D0B1F5680F0DD00B4DA9420AD011F428
:104C90006861206807D00146084813F06CFA0023C9
:104CA0002360656038BD142213F004FFF9E700BFEC
:104CB000540600204F9E04002C5F5CA9602E00204B
:104CC00008B520B34368B3F5683F10D101220368EB
:104CD000BFF35B8F53E8001F002903D143E8002096
:104CE0000028F7D1BFF35B8F0DD1002008BD094A22
:104CF00093420AD000684FF0FF324FF0FF330BF0C1
:104D000011F80028F1D00448F0E70448EEE76FF40A
:104D1000E040EBE72C5F5CA9E98FFFFFEA8FFFFF24
:104D200008B5D8B14368B3F5683F10D100220368D5
:104D3000BFF35B8F53E8001F012903D143E8002034
:104D40000028F7D1BFF35B8F0BD1002008BD074AC5
:104D5000934208D000680BF057F8F6E76FF4E04094
:104D6000F4E70348F2E70348F0E700BF2C5F5CA9D3
:104D7000E98FFFFFEA8FFFFF10B5044618B91D4BFE
:104D80001D485B6898476368B3F5683F2FD0B3F55B
:104D9000680F2CD0194A934219D1236803BB1848D5
:104DA0004FF0FF324FF0FF3321460AF0C3FE08B93F
:104DB00023681BB90F4B13485B689847206814227F
:104DC000002113F077FE4FF46863636008E0B3F5E9
:104DD000680F0DD83A2B03D040F6BA629342DED169
:104DE000206813F027FA636843F03A03636010BD4C
:104DF000054AF3E7540600204F9E04002C5F5CA98F
:104E0000602E0020759E04003A00003A08B506495D
:104E100006484023142213F0A1F9BDE808400449D4
:104E200004480CF0BBBC00BF60290020602E0020AD
:104E3000249504003895040008B50348034A00216E
:104E4000121A0FF06EFA08BDC00A0020D8380020F0
:104E50000748084A084908B5121A0FF064FA0748CB
:104E6000074A0849BDE80840121A0FF05CBA00BFB3
:104E700000000020BC0A00203CBC04000000002010
:104E8000000000203CBC04002DE9F047064600AFBE
:104E90000C46002936D0E9468AB0D1E90012A36851
:104EA0006D462148E8464FF0050ACDE90501CDE9F8
:104EB000072348F810AF1D48424600234FF4215104
:104EC000FFF7D6FBCD46D4E903126369AD46184817
:104ED000C5F810A0C5E90501C5E90723134800235B
:104EE00042464FF42151FFF7C3FBCD46E369114A17
:104EF0000E4801210FF017F9A3690F4A0B48012151
:104F00000FF011F9012E07D1EFF305830B4A074883
:104F1000103B31460FF007F9214630460AF048FCB5
:104F2000BD46BDE8F08700BFA29E0400FC900400CF
:104F3000D19E0400009F04000F9F04003D9F0400C9
:104F400030BFFFF7FDBF00BF2DE9F0410B4EDFF88A
:104F5000308006EB0807CC1B05463246094920463F
:104F600013F081FDA01942460021083C13F0A2FD78
:104F7000AC6707F10800BDE8F08100BF0000000049
:104F8000080000004491040010B5204C204921483D
:104F90000FF0D6F9A36A990136D51E481E490FF0C5
:104FA000CFF91E20A36ADA0104D51A481B490FF075
:104FB000C7F91F20154CA36A1B0304D515481849CF
:104FC0000FF0BEF92120A36A590304D511481549F1
:104FD0000FF0B6F922200D4CA36A9A0304D50D48B0
:104FE00011490FF0ADF92320A36ADB0304D509486A
:104FF0000E490FF0A5F92420044A936A6FEA03438F
:105000006FEA1343936210BD1D20CBE700ED00E073
:10501000509F0400FC900400689F04007B9F0400E4
:10502000959F0400B39F0400D89F0400F29F0400E2
:1050300070B506460D46284C284929480FF080F9DE
:10504000A36AD9043CD5264826490FF079F91720E0
:10505000A36A1A0504D5224823490FF071F91820D4
:105060001D4CA36A9B0512D51D4820490FF068F915
:10507000A36BA26A100409D51D4A194801210FF03B
:1050800052F81EB1A36A23F40043A3621920124C04
:10509000A36A590504D5124816490FF051F91A2090
:1050A000A36ADA050ED50E4813490FF049F91B2003
:1050B000094A936A43F47F43936200232B7070BDC7
:1050C0001620C5E7A36A9B04F2D505480B490FF0EB
:1050D00037F91C20ECE700BF00ED00E01DA0040044
:1050E000FC90040033A0040044A0040057A0040076
:1050F00070A0040085A00400A0A00400B8A00400D3
:105100002DE9F843804689461746354D35493648DE
:105110000FF016F9AB6ADE0627D5344932480FF096
:105120000FF91124AB6A1D0704D531492E480FF041
:1051300007F912242A4DAB6A980718D52D492A4839
:105140000FF0FEF86E6BAB6A190646D52A4A264860
:10515000334601210EF0E7FFB9F1000F03D0AB6A2F
:1051600023F08003AB62132403E01024DAE76FF02E
:1051700015061B4DAB6ADA0704D520491A480FF013
:10518000DFF81424AB6A9B0604D51D4916480FF0BE
:10519000D7F81524124B9A6AD50602D49A6A90075A
:1051A0000AD55B68190507D54146304600F036FA46
:1051B00010B180F309880224094B9A6A920642BF13
:1051C0005A6A22F400525A629A6A42F0FF029A62C4
:1051D00000233B702046BDE8F8836FF01506C2E758
:1051E00000ED00E0E7A00400FC900400FDA0040036
:1051F00044A0040030A1040048A104005EA1040002
:10520000B8A004002DE9F041684B8AB0D3F80480BF
:1052100000AF0446C8F30806002585F31188BFF3E4
:105220006F8F02F07F43B3F17F4F07D102F00C0381
:10523000082B12D15E495F480FF082F800252C46FA
:105240000023FB71F31E092B00F28F80DFE803F0CF
:105250000A8588818D8D8D8D8D8B10074CBF0C46F6
:105260000125EDE754495348504E0FF069F80023EB
:10527000FB71F36A9A0705D550494E480FF060F864
:1052800000232DE0F36A002B01DA4D49F5E7F36ABC
:105290005B00F5D54B4947480FF052F87369A26996
:1052A00043F480737361BFF34F8FBFF36F8F32F896
:1052B000023C726922F480727261BFF34F8FBFF3B8
:1052C0006F8F03F47F42B2F55F4F2BD1DBB2022B1D
:1052D00028D123683C4A374801210EF024FF236877
:1052E000FA79DAB907F1080604F1200C2068616840
:1052F000324603C2083464451646F7D17A6A002D57
:1053000050D0C2F3080121B96FEA52226FEA42225B
:105310007A6207F108011846FFF7B6FD2837BD4647
:10532000BDE8F081214B9A6AD2B22AB1FA1D01215F
:105330002046FFF7E5FE0EE09A6A12F47F4F04D094
:10534000F91D0120FFF774FE05E09B6AB3F5803F6D
:1053500096D3FFF719FE0346C2E7FA1D0021E7E7DF
:10536000F91D0020EEE7194987E7194A194B18F48F
:10537000F87FE8468AB008BF13466A461649CDE969
:1053800005134FF40073ADF82030103E134B079611
:1053900042F8103F074800234FF41151FFF768F916
:1053A000C5466DE76FF30802B2E700BF00ED00E00D
:1053B000ABA10400FC900400D6A10400EDA1040000
:1053C0000EA204001CA204003BA2040057A2040089
:1053D0007DA1040092A104007BA20400040000014E
:1053E000044B5A6942F010025A615A6922F00802CD
:1053F0005A61704700ED00E0EFF30880EFF3098198
:1054000001B57246FFF7FEFE01BD00BF002080F32C
:105410001488BFF36F8F0F4880F3088809F0B0FE3F
:1054200000200D490860BFF34F8F00F02BF840209B
:1054300080F3118809484FF40461401880F309880B
:10544000EFF314800221084380F31488BFF36F8FB9
:1054500000F0B4F84060002094ED00E0804E0020A1
:105460000749D1F890200023C2F30722184693423F
:1054700000DB7047C1F89830C1F8A0000133F6E7AF
:1054800000ED00E008B572B6002383F31388FFF740
:10549000E7FF144B4FF0FF32C3F88020C3F884209D
:1054A000C3F88820C3F88C20C3F89020C3F8942058
:1054B000C3F89820C3F89C20C3F88021C3F8842146
:1054C000C3F88821C3F88C21C3F89021C3F8942134
:1054D000C3F89821C3F89C2162B6BFF34F8FBFF386
:1054E0006F8F08BD00E100E01EF0040F0CBFEFF36A
:1054F0000880EFF30980816911F8021C0229FFD0AE
:1055000001B572460EF011FF01BD00BF40B2002888
:1055100007DB044A4109012300F01F00834042F8E1
:105520002130704700E100E040B200280CDB430965
:10553000064900F01F0020330122824041F8232059
:10554000BFF34F8FBFF36F8F704700BF00E100E0E4
:10555000054B420900F01F0053F82220012303FAF3
:1055600000F01040704700BF00E100E040B2D307F8
:1055700054BF023100210028ACBF00F16040074A4F
:105580004FEA4113ACBF00F5614000F00F00DBB201
:10559000B4BF135480F80033704700BF14ED00E02F
:1055A000044B054A23F07F039360BFF34F8FBFF393
:1055B0006F8F70470070020000ED00E008B5FFF744
:1055C000EFFF074AD2F8883023F47003C2F888301E
:1055D000FFF732FCFFF73CFC00F0B0F80AF00EFADF
:1055E00000ED00E042F8203C009B42F81C3C0A49D8
:1055F000019B42F8183C029B42F8143C21F0010147
:105600004FF0807342F8043C42F8081C0023203A13
:105610000265C367704700BF113F0300094A034694
:10562000906870B113F1160F806E05D0A0F14002A2
:10563000934205D3834203D2814228BF00207047A2
:1056400000207047E033002008B515460B4A0C4B8C
:105650009060826F1A600E4600F0A0F82C4686F328
:1056600009880020034B9847204600210022002390
:10567000014C204757430400113F0300E033002052
:105680007C2E0020014B10221A61704700ED00E0D3
:10569000054B5A699B689A421FBF044A536843F0FE
:1056A00080535360704700BFE033002000ED00E0FE
:1056B000084B9B6883420BD1EFF3058343B1064B44
:1056C0005A6842F080525A605A6A22F400425A6282
:1056D0000BF0E2B9E033002000ED00E014498A68E5
:1056E0004FF030001044EFF3098C80E8F01F4020A9
:1056F00080F31288BFF36F8F0E4F4FF000664A6938
:105700008A603E60906F0C4C2060D06F0023D3679E
:1057100080F3118804B5104600F040F8BDE804405D
:1057200002F1300090E8F01F8CF309887047000008
:10573000E033002004ED00E07C2E0020044800232C
:105740004021C2180133302B82F80013F9D1704781
:1057500000E100E008B5EFF30583064A103B02EBD9
:10576000C30152F8330049688847BDE80840FFF795
:105770008FBF00BFBC8D0400014800687047000067
:105780007C2E0020024B034A0348012100F08AB816
:10579000000004200000002048950400836E054AA4
:1057A000403B1360044B4021C2E901131046012124
:1057B00000F082B8802E002000000B1508B50346CB
:1057C0001048D0F89020C2F30722013A934207D93B
:1057D0000D480E4A01210EF0A6FC6FF0150008BD21
:1057E000C0F898300A6822F01F021A4342F01002F3
:1057F000C0F89C208A6842F00102C0F8A020184638
:10580000EDE700BF00ED00E0D490040092A2040098
:10581000F0B50E4685B01F4604460025B5420DDAA8
:10582000606810B397B1431E18420AD0104A11485D
:105830002B4601210EF077FC6FF01502104605B0E3
:10584000F0BD1F28F2D921680B42EFD123680193E4
:105850000EF0A4FDA36801A90343D0B20393FFF7A0
:10586000ADFF10F1160FE7D0421C01350C34D5E71F
:10587000B8A20400D4900400044B0522C3F894207D
:10588000BFF34F8FBFF36F8F704700BF00ED00E095
:10589000BFF35F8F024B0022C3F89420704700BF14
:1058A00000ED00E010B5034C01232278FFF7B0FFB4
:1058B000207010BD9437002008B50B4A00231278E1
:1058C000FFF7A6FF10F1160F07D0084A0021D2F803
:1058D0009030C3F30723984200DB08BDC2F898005C
:1058E000C2F8A0100130F2E79437002000ED00E08C
:1058F0002DE9F0435D485E49D0F890300C68C3F361
:1059000007239C4285B000F2AE80FFF7C1FF4968D3
:105910000022944201F10C011AD1564F564D3C70B1
:105920006846FFF72DF9554C554E81464FF000085B
:10593000C14520D13B784D490020D1F89020C2F3D9
:1059400007229342C0F28980FFF796FF002050E0C3
:10595000C0F8982051F80C3C23F01F03134343F088
:105960001003C0F89C3051F8043C43F00103C0F828
:10597000A0300132CDE7009800EB08114FEA081C77
:10598000CB682340B3F5000F49D00BD8B3F5001F07
:1059900032D0B3F5800F37D0B3F5801F14D008F1A3
:1059A0000108C5E7B3F1007F42D0B3F1805F48D072
:1059B000B3F1807FF3D150F80C3088684A680EF05C
:1059C000EDFC40F0887009E050F80C3088684A68B7
:1059D0000EF0E4FC40F0885040F43020039001A920
:1059E0003878CDE90123FFF7E9FE002831DA6FF0BE
:1059F000150005B0BDE8F08350F80C3088684A689F
:105A00000EF0CCFC3043E9E750F80C3088684A6867
:105A10000EF0C4FC40F0C06040F40030DEE750F807
:105A20000C3088684A680EF0B9FC40F08270D5E707
:105A300050F80C3088684A680EF0B0FC40F48020C2
:105A4000CCE750F80C3088684A680EF0A7FC284371
:105A5000C4E73B7801333B70A1E7C1F89830C1F847
:105A6000A000013369E74FF0FF30C2E700ED00E02E
:105A70005495040094370020000002110000F0FF4C
:105A800000000811F0B587B007460E461446002105
:105A9000102268461D4613F00DF802238DF80230DF
:105AA0002A46054B019321466846CDE904760DF060
:105AB00017FA07B0F0BD00BFBD43040008B5024BA4
:105AC0001B689847002008BD8C2E0020034B044A19
:105AD0001860937843F00203937070478C2E002077
:105AE0009403002008B50649064821F00701C1F1DA
:105AF000005202F580220DF09AFD002008BD00BF83
:105B000027820020902E002070B54169867A0B4DC7
:105B1000044659B1437ADB0706D4242303FB06531A
:105B2000DB691B689B68984700236361242021463A
:105B300000FB0650BDE8704012F017BC08090020B9
:105B4000024B242202FB0030704700BF08090020EE
:105B5000827A064B242101FB02331A6A1B7D1B3318
:105B6000801A23F00303B0FBF3F07047080900200C
:105B700038B5074B827A242404FB0233DB69D3E96E
:105B800001240C601568FFF7E3FF04FB005038BDEB
:105B9000080900202DE9F04385B0054668460391C9
:105BA00090461C4612F099FEDDE90067EFF311897B
:105BB000402383F31288BFF36F8F6B8A002B41D091
:105BC0002A8A9A4225D90022002328460AF06CF935
:105BD0000446F0B189F31188BFF36F8F039B002B4C
:105BE00041D032463B46684612F09CFEA27A264BD4
:105BF000242101FB02332046DB691B6803A91D68D1
:105C0000DDE90023A847606170BB2046FFF77CFFF9
:105C100024E0698A4B1E6B8289F31188BFF36F8F72
:105C20002B7D2A8A2C6A1B3323F00303521A02FBB2
:105C30000344154B154AEB1A9B105343A3722B7D5B
:105C4000E372CBE789F31188BFF36F8F2346424697
:105C500028460AF029F904460028BFD1002420462E
:105C600005B0BDE8F0836361012300252381039B18
:105C70006382E27A6560294604F1180012F01AFF87
:105C800063692582E360EAE708090020398EE3387A
:105C900070B50D4C242500B970BD037A4668002B01
:105CA000FAD0013BDBB20372002BF5D1C360436035
:105CB000837A05FB03439B6913B198473046EAE7B3
:105CC000FFF722FFFAE700BF080900200C4B012272
:105CD000C3F840254FF080434FF08051C3F878253A
:105CE000D1F83001082805D1D1F83411022908BFB4
:105CF000C3F838260122C3F880250020704700BF72
:105D000000E0014048B1054B054A1B68B3FBF2F3C4
:105D10005843044B43F001031847704740060020E6
:105D200040420F00A093040008B5054A054B1360DC
:105D300010463F23536009F0F9FA002008BD00BF68
:105D40009C2E0020FFFF01002DE9F04190F8283043
:105D500003F01F03012B04460F4600F128062FD045
:105D6000022B18D08BB394F8291020460EF0A6FC15
:105D7000024678B330460EF08BFD1D4D002834D11D
:105D800013693BB33A463146204698470346FFF72E
:105D9000F3FC2B5024E0818DC9B20FF070F805465A
:105DA0000028E0D030460EF073FD02466868836834
:105DB000CAB99B6873B13A463146BDE8F04118470D
:105DC000818DC9B20FF042F8E9E790F829100FF081
:105DD00079F8E4E7FFF7D0FC054B6FF085021A5025
:105DE0000020BDE8F081DB68E4E7D368C9E700BFC5
:105DF0000C0000002DE9F04F0B7E33F0800893B0CB
:105E000004460D46164640F08E847AB10846FFF7E8
:105E10003FFF6B7EDF0703D49E0711D52B7E7BB936
:105E2000204613B0BDE8F04F0EF05EBD4A7E00F193
:105E30002809900708D5802B0CD12846FFF728FFAA
:105E4000404613B0BDE8F08F910700F02784002B87
:105E500040F02484D2072FD52B8A082B40F00684EB
:105E6000EA681368A3625368C9F804302946002021
:105E70000EF00AFB054610B1FFF70AFFEFE04846B7
:105E80000EF006FDE28D70B9B2B12946A06911F09D
:105E9000C9F80146002800F02D84204613B0BDE863
:105EA000F04F0FF095B93AB1114620460FF08BF93B
:105EB0000546002800F01E84FFF75EFC94F8288059
:105EC000B14F002318F0600FC351C8F3411307D03E
:105ED000032B40F0BD81FFF74FFC6FF0850337E0E7
:105EE00048460EF0D5FC94F82930002840F04E8149
:105EF000013B0A2BEFD801A252F823F07360030094
:105F0000D75E0300FF600300D75E0300295F030034
:105F1000D75E0300D75E0300D75E0300995F0300DE
:105F2000D75E0300FB5F0300618D7F29D3D8A38D6B
:105F3000002BD0D1E38D002BCDD118F01F0FCAD18B
:105F400094F83030022B05D1FFF716FC4FF0FF33E9
:105F50003B5076E0A069036993F880301B0707D5B2
:105F6000C9B20EF0F7FC804628B1002D6CD167E76E
:105F7000012384F8393094F83030012B0AD1638D35
:105F800043B984F83030FFF7F7FB3B58002B00F0A3
:105F9000858056E00123F4E720460EF0EEFA628D8C
:105FA000FF2A014697D8E38D002B94D194F828302E
:105FB000D80690D194F83030002BC5D02AB1D2B297
:105FC00020460EF069FE0028BED0618D94F838306E
:105FD0008B42D8D0C9B220460EF065FE804600281C
:105FE000C3D1628D002A14BF0223012384F830300C
:105FF000052120460FF077F9C5E708F01F08B8F132
:10600000010F7FF468AFE38D002B7FF464AF628DE6
:10601000FF2A3FF660AFA18DFF293FF65CAF94F8F1
:106020003030022B90D1D2B2C9B220460FF04EF8D8
:1060300010F1020F804640F01081FFF79DFB47F8FA
:10604000008065B14FF000082846FFF721FEB8F147
:10605000000F7FF4F5AEFFF78FFB3B58F3B14846D6
:106060000EF016FC0346A069002B00F04F83802140
:1060700055E3E38D002B7FF42EAF94F83030002BE6
:106080003FF462AF012BA18D02D100297FF45CAFF8
:1060900018F01F080CD0B8F1020F16D0E38D002BBA
:1060A00040F0D78220460EF009FC0028D7D1B7E691
:1060B00000297FF449AF638D012BEFD194F86C3048
:1060C00061F3C30384F86C30E8E7B4F82AA0BAF1AE
:1060D000000FE3D15FFA81F8414620460FF0E9F85E
:1060E0000346FFF749FB3B50013302D14FF0FF3825
:1060F0003BE75246414620460EF0D0FB43E7E38D96
:10610000002B7FF4E8AE628DA38D022A5FFA83FA3A
:1061100011D108F01F085AEA08087FF4DCAEA06924
:106120000122190A0EF0F3FB00287FF4D4AE0123FC
:1061300084F8393027E794F8301000293FF404AF91
:10614000012902D1002B7FF4FFAE18F01F0811D0F7
:10615000B8F1020FA2D1002AA0D1514620460FF07B
:1061600093F80346FFF708FB3B500133BED00122F2
:106170005146C0E7002B7FF4E7AE012A8ED194F898
:106180006C3043F008039DE70C0000000A2B3FF63B
:10619000A2AE01A252F823F0C5610300D75E03004E
:1061A000D75E0300D75E0300D75E0300D75E03000F
:1061B0003F620300D75E0300CF650300D75E030094
:1061C000F9650300E38D022B7FF485AE94F830303F
:1061D000002B3FF4B9AE012BA18D02D100297FF431
:1061E000B3AE18F01F0811D0B8F1020F1CD04FF059
:1061F000000805F10C0A50460EF042FBE38D984270
:1062000018D2FFF7B9FA6FF00B03A1E600297FF46B
:106210009BAE94F86C304FEA930808F00208C3F381
:10622000001348EA0308E4E7C9B220460FF050F82B
:106230008046DEE7414650460EF054F9A3E6B4F836
:106240002AA018F01F0F4FEA1A235FFA8AFA09D022
:1062500029462046FFF778FD8046B8F1000F7FF40D
:1062600084AE90E6013B0E2B3FF635AE01A252F80C
:1062700023F000BFB1620300F16203009B630300DF
:10628000D75E0300D75E03009363030093630300AC
:10629000D75E0300D75E0300D75E0300D75E03001E
:1062A000D75E0300D75E0300D75E0300DD64030002
:1062B00005F10C0840460EF0E3FA83462046B4F898
:1062C0002EA00EF05AF920B101287FF404AE616FC0
:1062D00000E0216F002900F02A820A78DA4528BF01
:1062E000DA46524528BF524640460EF0EAF84AE6E2
:1062F00020460EF042F90AF1010201900146D2B2A5
:1063000020460EF0A3FC804600283FF4E4AD05F1E2
:106310000C0AD0F804B050460EF0B2FA9BF80020F8
:10632000824228BF0246594650460EF0CAF8D8F8B5
:106330000CB0BBF1000F09D1298AE38D99427FF699
:1063400022AEC91A50460EF0D7F81CE6DBF804005E
:1063500083681B6B13B9DBF800B0EAE70199984733
:106360000028F8D0A0F1040858F8041F0029F2D042
:106370000A78002AEFD05046CDE902210EF080FACB
:10638000029A0399904238BF82B250460EF099F8B3
:10639000EAE720460EF0F1F89DE55246032120463B
:1063A0000EF0CCF9824600283FF495AD0EF063FA6A
:1063B000B4F82EB09AF81530C8B99AF814808DF850
:1063C00028808DF82930DAF8103005F10C0A1B8886
:1063D000ADF82A3050460EF053FAC3455A4628BF4E
:1063E0004246824228BF02460AA950467DE7DAF8B3
:1063F00008208DF81530C14B1340C14A4FF00008FA
:1064000093428DF8148058D1102106A811F059F844
:10641000021EFFF660AD0AA9102ADFF8E8E20DF1CE
:10642000180C084628BF1022424501F1020133D85A
:10643000920002325FFA82F88DF81480034605F16B
:106440000C0A504602930EF01BFAD845424628BF6C
:106450005A46904228BF104602288346804628BFED
:106460004FF0020B5A46A8EB0B0805A950460EF058
:1064700028F84FEA58030193029B9B4603EB58020E
:10648000934521D118F0010F3FF47DAD019A995C3D
:1064900050460EF01FF876E51CF8013B4FEA131A40
:1064A00003F00F031EF80AA01EF8033001F802AC37
:1064B00001F8013C08F10108B6E79AF81480DAF80F
:1064C00010308DF81480BAE71BF8011B5046CDE957
:1064D00002320EF007F8DDE90232D1E720460EF075
:1064E0004CF838B101282CD0FFF746F96FF085033E
:1064F0003B5048E5236F002B00F019815B88B3F512
:10650000007FF1D9804B0A9300238DF82C30E36C87
:1065100004F14C0B9B4508BF0023BDF82A10A3B122
:106520005A7D0F2A08D11A7D0A44ADF82A209DF819
:106530002C2001328DF82C20226D934203D01B6851
:10654000EBE7636FD7E7BDF82A10019105F10C0A5C
:1065500050460EF095F9B4F82E800199884528BF71
:106560008846804528BF80464246052A28BF052226
:106570000AA9504601920DF0A4FF019AB8EB020857
:106580003FF401ADE36C5B453FF4FDAC002B3FF401
:10659000FAAC5A7D0F2A14D11A7D1969019342452C
:1065A00028BF424650460DF08CFF019B1A7D4245A4
:1065B00094BFA8EB0208A8EB0808B8F1000F3FF45D
:1065C000E2AC226D93423FF4DEAC1B68DEE794F848
:1065D0003030002B3FF4B8ACE38D012B7FF47BAC63
:1065E00005F10C0840460EF04BF900283FF409AEC7
:1065F00094F8381040464CE708F01F08B8F1010F36
:106600007FF4A2AC20460EF035FB00283FF49CAC92
:10661000B4F82CA0BAF1FF0F3FF65DAC43681B79CC
:106620005345FFF458AC5FFA8AF30F2B3FF653AC97
:10663000E38D012B7FF44FAC05F10C0840460EF0C2
:106640001FF900283FF4DDAD04EB0A0393F83A107C
:10665000D0E748460EF01CF918B92846FFF718FB9A
:1066600020E5294620460EF0B3FD08B1284603E494
:10667000A069036993F8801011F004017FF4D0AB96
:1066800010F0E4FC054600283FF4E9AC0146204642
:106690000EF09EFD00283FF4C3ABE7E752077FF5FD
:1066A000DEAC002B3FF4C9AB2846FFF7F1FA94F8B3
:1066B0003930002B3FF4C4AB94F82930052B05D1B9
:1066C000618DA069C9B20EF045F9064694F82930EB
:1066D000032B09D1638D022B06D1A18DA069002265
:1066E000090A0EF014F90646002384F83930B04642
:1066F000FFF7A6BB6FF00B06B1E400BF00FF02007E
:106700000003020097BB0400050F0500E38D002B7A
:106710003FF4ADAC16F10C0118BF0121C90110F016
:10672000BBFBFFF77DBB6FF00408FFF789BB6FF081
:1067300015081AE40B78062B10B414D10369D3F8AA
:106740009C20EFF31184402383F31288BFF36F8FF3
:106750004B6800201860506A58B9C2E9083384F3C6
:106760001188BFF36F8F044810BC0022002311F082
:1067700052BD03605362F2E78C0800202DE9FF410F
:1067800040264FF0FF335E484FF0FF3201A909F079
:1067900065FA039B1B69D3F89C40236A93B1EFF31E
:1067A000118286F31288BFF36F8F216A29B1606A64
:1067B0000B682362814208BF636282F31188BFF3D2
:1067C0006F8FC9B99DF80430062BDAD0072BD8D8C3
:1067D00001A252F823F000BF2B6803001F680300DA
:1067E0004B680300316803006F68030065680300AD
:1067F00083670300F96803000B7ED1F81E205D0655
:10680000204609D1FFF7F6FA02460028C5D0072135
:1068100020460EF068FDC0E70EF028FBF4E70022EA
:10682000012120460EF05FFDABE700221146F8E79C
:1068300094F86C3043F0040301A984F86C302046CE
:106840000EF0B0F800220321EBE794F86C3023F04F
:10685000040301A984F86C3020460EF0A3F800224E
:106860000221DEE701A920460EF09CF889E794F8A2
:106870006C30A76923F0040384F86C30D7F80880E3
:106880003B69BFF35B8FD3F8A030BFF35B8F9A07F0
:106890002FD5D8F83C3038469847D8F82430002116
:1068A00038469847D8F84030054638469847ADB93D
:1068B000294620460EF0F7F9054678B9A06910F090
:1068C000E4FB831E5842584194F86C3084F83050F1
:1068D00023F0680343EA401384F86C30002204215B
:1068E00020460EF000FD002D3FF44BAF2A46072155
:1068F00097E74FF0FF35F1E7029A062191E700BFD5
:106900008C08002030B589B000220023CDE9062391
:1069100000246FF00703CDE90334CDE901441A4B9D
:106920001A4900944FF48062194809F035FE19495C
:10693000174811F02FFE184B18498B4207D3184BFC
:10694000184900208B4210D3002009B030BD03F15C
:106950001402BFF35B8F52E8000F42E80045002DA0
:10696000F9D1BFF35B8F1833E7E703F11402BFF3EC
:106970005B8F52E8004F42E80005002DF9D1BFF3CC
:106980005B8F1833DEE700BF7D670300403C0020CB
:10699000881B002008A30400A40A0020BC0A0020D1
:1069A000BC0A0020BC0A002038B502460949054649
:1069B000806910F0D0FB044648B985F838002846B5
:1069C0000EF047F8044610B1A86910F0F7FB204616
:1069D00038BD00BF3567030070B5084C084E05464A
:1069E000B44202D30024204670BD6368284619686B
:1069F000FCF7FAFB0028F6D01834F1E7A40A0020CF
:106A0000BC0A002070B50646EFF31181402383F3E2
:106A10001288BFF36F8F1B4D2A6881F31188BFF373
:106A20006F8F526892F86C20D20705D4BDE8704091
:106A30002122002309F0F4BCEFF3118283F31288C2
:106A4000BFF36F8F2C682CB1696823682B608C4270
:106A500008BF6B6082F31188BFF36F8F44B1606829
:106A600004F10801C36998470748214611F083FBE8
:106A70002B6833B130460022BDE87040002309F096
:106A80009BBC70BDA42E0020F807002030B585B057
:106A9000CDE90012054600221448002303A909F09D
:106AA00049F80246E8B9039BDDE900015D6008335F
:106AB00083E80300EFF31180402383F31288BFF3D0
:106AC0006F8F039B1A600A4A516861B9C2E90033AB
:106AD00080F31188BFF36F8F06480022002309F06E
:106AE0006BFC05B030BD0B605360F1E7F807002088
:106AF000A42E00208000002038B54B78046945683A
:106B00002069202B08D0222B19D0FEF735FE114B1F
:106B10006FF085021A5010E0CB88072BF5D1D368AF
:106B20001A6842609A8802819B7983720EF0FCFB9E
:106B30002246082128460EF0E4FB002038BD4B8891
:106B40008381C3F3400203F00103027643762246B9
:106B50000921EFE70C00000008B513464A78212A06
:106B600014D133B9FEF708FE0B4B6FF00B021A502D
:106B70000AE0CA8801690969072A28BF0722043187
:106B800003F10C000DF09DFC002008BDFEF7F4FDA4
:106B9000014B6FF08502EAE70C00000073B5046951
:106BA0008DF807104025EFF3118685F31288BFF3A7
:106BB0006F8F0122E06B0DF107010DF0C4F986F330
:106BC0001188BFF36F8F012810D011F0DDFCA8B140
:106BD0000E4BBFF35B8F012253E8001F002903D146
:106BE00043E800200028F7D1BFF35B8F2122002368
:106BF00004F1480009F0E0FB02B070BDA37E002B59
:106C0000E6D00021212011F086FDCCE7AC2E00203B
:106C100038B505690E49EB6B0024C3E90144DC601B
:106C20006B6B05F14800C3E90144DC6011F080FCA6
:106C300005F17800074911F02EFC074905F1240001
:106C400011F029FC28460EF06FFB204638BD00BF2E
:106C5000D3540400815604000D57040070B50B781E
:106C600092B006460C4607AD032B31D8DFE803F09F
:106C7000022A2C2E19492846FCF7C0FA059563789C
:106C80000493A3780393E3780293237901936379C0
:106C90000093A379124A1E210AA80CF0F7F810AD50
:106CA0000AAB32461C4603CCAC421060516023460E
:106CB00002F10802F6D120681060A3889380304664
:106CC00012B070BD0749D6E70749D4E70749D2E7B4
:106CD000074A0A2128460CF0D9F8CFE720A3040080
:106CE00042A3040027A304002EA3040038A3040039
:106CF000E7B204000E4B402970B528BF40210D4C6F
:106D000046181D46B04203F1020304D1002305F8E2
:106D10001130074870BD02781209A25C03F8022CFA
:106D200010F8012B02F00F02A25C03F8012CE9E736
:106D300095370020C2BB040030B50378012B11D079
:106D4000022B21D06BB9154B0A4603F1100453F8FE
:106D5000045B42F8045BA342F9D143881A0A8A70A3
:106D6000CB7030BD0D4B0A4603F1100453F8045BA1
:106D700042F8045BA342F9D143681A0C180E4A701A
:106D80000870C3F30722EAE700F11003013913F892
:106D9000012901F8012F9842F9D1E2E7D3BB0400A1
:106DA00010B50EF009FE11F0EFFB044608B909F02A
:106DB000A9FDBFF35B8F064B1B68BFF35B8F0BB165
:106DC0000A2098471CB9BDE8104009F0AFBD10BDBE
:106DD000B02E002038B5044608480DF000FB0546EB
:106DE00048B1631EDBB21F2B96BF054A0021D15C60
:106DF0000C300DF06FFB284638BD00BFBC090020E9
:106E0000E3BB0400054BBFF35B8F53E8002F43E85F
:106E100000010029F9D1BFF35B8F7047B02E00202D
:106E20000F2810B50CD80D280CD90A480DF0D7FA48
:106E3000044618B104210C300DF04CFB204610BD67
:106E40001328F2D009B10448F0E7BDE81040022051
:106E5000FFF7C0BFE009002050090020C3681B787D
:106E6000024A034802210EF017BE00BF74A30400BB
:106E70006C90040038B5C5682B7893B9B5F801401B
:106E80000F21204602F0B6FBEB78054650B90A4ABE
:106E9000118831B96FEA04506FEA10501080074A28
:106EA000137038BD4372012102F0C2FA2846BDE8D2
:106EB000384002F067BA00BF7C3700201638002047
:106EC00070B5C3681D78BDB9B3F801600F213046B5
:106ED00002F090FB044638B9084A094833460121BC
:106EE000BDE870400EF0D8BD294602F0A1FA204658
:106EF000BDE8704002F046BA70BD00BF9CA304001C
:106F00006C90040010B5C368B3F80140012120461D
:106F100002F070FB38B9064A064823460121BDE855
:106F200010400EF0B9BDBDE8104002F02BBA00BF12
:106F3000C2A304006C90040010B501210C300DF0C8
:106F4000FBFA0378034A0448BDE8104001210EF023
:106F5000A3BD00BFE6A304006C900400014610B579
:106F600008480DF040FA0849084811F0B0FA031E2D
:106F700006DA074A0748BDE8104001210EF08CBD33
:106F800010BD00BF84020020E0040020B81C0020D7
:106F900008A404006C90040010B586B003AB002474
:106FA00000930749074805944FF0FF334FF44072B0
:106FB000CDE9034409F096F9204606B010BD00BFA4
:106FC00080400020101C002010B5084C014606220D
:106FD00094F86F0002F026FE38B994F86F00044967
:106FE000BDE81040052202F01DBE10BD500100207A
:106FF000A8BB0400024A034801210EF04BBD00BFAC
:1070000025A404006C900400B0B50B460D8A00AFB7
:1070100004462946D868FFF76DFE8AB06A46094BD8
:10702000CDE9053440F20243ADF82430064BCDE9FA
:1070300007504FF4325142F8103F04480EF03DFD26
:10704000BD46B0BD3FA40400050000016C900400E3
:1070500070B5C568B5F801600121304602F0CAFA82
:10706000044638B90D4A0E4833460121BDE8704048
:107070000EF012BD2B783BB9D5F80330C0F899302B
:10708000D5F80730C0F89D30201D4FF480310EF048
:1070900005FD2046BDE8704002F074B9C2A30400AB
:1070A0006C9004002DE9F84FD0F80C90018A99F803
:1070B0000040A30001338B4200AF63D96D468AB014
:1070C0006A463248CDE907310523CDE905044FF47E
:1070D000215142F8103F2E480EF0EFFCAD46BD4660
:1070E000BDE8F88F2B4A2A482B4601210EF0D4FC2C
:1070F000013699F800309E42F1DA09EB86030F2140
:10710000B3F80150B3F80380284602F073FA04463E
:107110000028E7D000F1C00AB8F1000F06D0656979
:1071200045B91D4A1A4801210EF0B4FC204602F070
:1071300029F9DDE7A2692B686361954208BFA36165
:10714000204602F041F808F0E1FEC5F800B0236ADD
:10715000ABB9C4E90755BFF35B8F5AE8003F013B69
:107160004AE80032002AF8D1BFF35B8F00212046A5
:1071700008F1FF3802F034F81FFA88F8CCE71D60F8
:107180002562E8E70026B346B3E700BF61A4040028
:107190006C9004008CA40400A8A4040037B502EB92
:1071A000C303044608469A4202D16FF05E0010E025
:1071B000114611F8085BA54211D1038A5178994212
:1071C00009D90848084A009401210CF0B6FF6FF075
:1071D000150003B030BD536898470020F9E70A4610
:1071E000E1E700BF6C900400BFA404002DE9F04764
:1071F0000C4609F087FBE5682B78022B75D0042B31
:107200000AD03E4A3E4801210EF046FC2046FEF7D9
:107210003FFD6FF015040EE0B4F81080B8F1020FD6
:107220000ED8384A4346364801210EF035FC204638
:10723000FEF72EFD002409F079FB2046BDE8F0871B
:1072400068783E280CD1B8F1030F02D12E4A43468C
:10725000E9E7EB78012B01D00A2B46D1032704E0A4
:107260000EF006FC0746F8073FD504F10C06012195
:107270003046D4F814A00DF057F9022130460DF035
:107280005BF9814600783E2807D1E3681B78012B23
:1072900001D00A2B06D1032614E00EF0E9FBC1074A
:1072A00006460FD4194A1A491A4841F268130CF0DD
:1072B0005EFA002383F31188BFF36F8F0323184610
:1072C00002DF0226144A99F80000062321460EF038
:1072D0001FFCB2070DD56369A4F81080A5EB0A0561
:1072E00013FA85F5E560BB07A4D52046FFF736FE07
:1072F000A0E72046FEF7CCFCF5E700BF87A5040019
:107300006C900400E1A40400FDA404001DA5040089
:1073100051A504006AA504000C96040010B50121D3
:1073200004460C300DF008F92146034A0078BDE808
:10733000104002230EF0ECBB3C96040073B53E48AF
:107340000DF066F80446002873D000F10C052846BD
:107350000DF0FAF80228034603D0042847D0374A34
:1073600003E0238A032B05D8354A364801210EF065
:1073700093FB13E0042128460DF0DEF8FF2342883A
:1073800006882376238AC6F30B009A42608309D0CD
:107390002C48009201212C4A0CF0CFFE2046FEF72B
:1073A00077FC12E00F2102F025F9054610B9638B36
:1073B000264ADAE702F044F9320B207621462846C5
:1073C00001F064FF284601F0DDFF214BD3F8343192
:1073D0007BB32049204811F07AF8031E29DA1F4AAE
:1073E0001848012102B0BDE870400EF055BB284698
:1073F00002210DF0A1F8054600783E2812D00EF0CB
:1074000037FB10F002060DD1154A1649164840F612
:107410009A430CF0ACF986F31188BFF36F8F032306
:10742000184602DF114A2878042321460EF070FB2B
:10743000B4E702B070BD00BF8402002030A6040093
:107440009BA504006C900400BCA50400E0A504000A
:1074500050010020E0040020B81C002008A4040013
:107460001DA5040002A604006AA504004C960400B1
:1074700010B5012104460C300DF05EF82146034A98
:107480000078BDE8104006230EF042BB6C96040065
:10749000F8B5012100AF04460C300DF04DF8067828
:1074A000114A002321463046FFF778FE5F3019D19C
:1074B000258AE0682946FFF71DFC6C468AB06A46BB
:1074C0000A4BCDE9053640F20243ADF82430084BB3
:1074D000CDE907504FF4325142F8103F05480EF005
:1074E000ECFAA546BD46F8BD9C96040044A60400EF
:1074F000050000016C9004002DE9F74FDFF818A19A
:10750000BFF35B8F80468946174600235AE8004F39
:107510004AE80032002AF9D1BFF35B8F264644B90E
:107520003E4A3F484346012103B0BDE8F04F0EF00C
:10753000B3BA2046FEF70CFB3A4D4FF00C0B0BFB99
:107540000050438843451FD02046FEF701FB0BFB4C
:1075500000504388344A00933148434601210CF0DF
:10756000ECFDBFF35B8F5AE8003F4AE80062002A57
:10757000F9D1BFF35B8F002B4BD01E46304603B0D2
:10758000BDE8F04FFEF784BBA74208D020460CF0C0
:1075900021FF3A8AF96804F10C000CF092FF2046B2
:1075A000FEF7D6FA0C2707FB00504368ABB1B9F1E0
:1075B000000F12D12046FEF7CBFA07FB0050012145
:1075C0004268536803F01F00814010685B0900EBBC
:1075D0008300137ACBB10EF061FA2046FEF7B8FAB9
:1075E0000C2707FB00508368002BC7D02046FEF70E
:1075F000AFFA784305F800902046FEF7A9FA07FB9A
:107600000055A86808F082FCB8E7C9430EF058FAA4
:10761000E3E703B0BDE8F08F8002002076A6040007
:107620006C900400B42E00209EA6040073B5C568BB
:10763000B5F801600121304601F0DCFF044640B995
:107640003E4A3F483346012102B0BDE870400EF08B
:1076500023BA2B781A2B00F1040619D1C378012B19
:1076600050D14FF4804130460EF018FA42040FD446
:10767000D4F88C3000936946D4F8943001932046B6
:1076800002F01AFE204602B0BDE8704001F07ABE5A
:107690002B78BBBBB5F803302A4940F2E242534392
:1076A000C4F88830B5F80520A4F89020B5F8072074
:1076B000A4F89220A3F5EA520C3A8A4204D9224A4D
:1076C0001F4802210EF0E8F9B4F89030B3F5FA7FC4
:1076D00004D31E4A1A4802210EF0DEF9B4F89230A3
:1076E000A3F10A0292B240F676418A4204D9184ABE
:1076F000134802210EF0D0F96FF4805130460EF09D
:10770000DFF917E0BFF35B8F6368BFF35B8FDB04C8
:10771000F2D52B78202BEFD194F89830002BEBD0BA
:10772000013B84F898304FF42032002304F14000EC
:1077300008F042FE204602F069F9A3E7C2A3040064
:107740006C90040095F03C00D1A60400F8A604005B
:107750001FA70400B0B53C2800AF04461AD101F0C1
:107760003DFA6FF4807110300EF0AAF90020FFF797
:107770002BFC054630B9124A124801210EF08AF955
:10778000BD46B0BD4472002101F052FE284601F012
:10779000F9FDF5E76D468AB06A460B4BCDE9053039
:1077A0000A4B079340F20133ADF82030084B42F802
:1077B000103F04484FF412510EF07FF9AD46DFE759
:1077C0004BA704006C9004006CA704004D9D0400BE
:1077D00004000001094BBFF35B8F1A68BFF35B8F96
:1077E00002F00B02BFF35B8F53E8001F43E8002059
:1077F0000028F9D1BFF35B8F704700BF240200203F
:1078000010B5C1E900239DF808300B720C46FEF755
:107810009FF9034B0C2202FB00335C6010BD00BFDC
:10782000B42E0020F8B502460B4610480CF0D7FDE8
:107830000446C0B104210C300CF032FE2046FEF7A5
:1078400087F90B4D0C2707FB005000264680204689
:10785000FEF77EF907FB005086602046FEF778F9B8
:1078600007FB00556E602046F8BD00BF9809002058
:10787000B42E002010B592B004460749482268464D
:1078800011F0F1F8112C9BBF12AB03EB84040348F9
:1078900054F8480C12B010BD6491040088A704008D
:1078A000034B0146D3F84C0182689268104700BF31
:1078B000500100202DE9F04F91B0042100AF4A485B
:1078C0000EF0ECF86D4688B06A46484B0593484B7D
:1078D00006934FF40073ADF81C30464C464B42F80B
:1078E000103F4648464E4FF4E6510EF0E6F8454B41
:1078F000E17907F12008AD46012998BF1E464046B0
:107900002146FFF7ABF98AB06A463F4BCDF81C80A1
:10791000CDE905363D4B08933D4B42F8103F3748C3
:107920003C4EDFF8F4804FF423510EF0C6F8A24627
:10793000AD460125E3799D420AF1070A3BDB94F845
:1079400070502846FFF796FF6E468CB0B4F8721060
:10795000B4F876306A46DFF8C4C00993CDE9075120
:107960002F4B4FF40075CDE905C0ADF828504FF40A
:10797000535142F8103F21480EF09FF8B54694F855
:1079800071603046FFF776FF8AB0B4F874306A460B
:107990002449ADF82450CDE90763234BCDE9051008
:1079A00042F8103F15484FF433510EF086F8443733
:1079B000BD46BDE8F08F51463846FFF74FF9E9461E
:1079C0008AB06A4640F20133CDE905650797ADF804
:1079D00020300A4842F8108F4FF413510EF06DF822
:1079E0000135CD46A6E700BF2402002094A704007D
:1079F000A6A7040050010020030000016C900400C1
:107A000090A704004D9D0400AAA7040000020103F2
:107A100004000002B9A7040004000001CAA7040082
:107A20000600000108A80400050000010048704796
:107A30002A9B04000149024810F049BDD0040020EF
:107A4000101C002070B505460C4639B1CB684A6958
:107A50009B1A032B0ED86FF0150509E04FF0FF308D
:107A60004FF0FF31FFF7DEFE044618B96FF06805EE
:107A7000284670BD2046FEF76BF8174B0C2202FB20
:107A80000033A618032130465D800CF03CFD0580D4
:107A9000238A033B8370012130460CF03CFD40F605
:107AA00035439D420FD12046FFF7FAFE05460028D8
:107AB000DED00A4A0346012109480DF0EDFF2046B9
:107AC000FEF7E6F8D4E70748214610F043FC00250E
:107AD000FFF7B0FFCCE700BFB42E00202FA80400B2
:107AE0006C9004008C0200202DE9F04784B08046A1
:107AF00000AF91460C4671B94FF0FF304FF0FF31A7
:107B0000FFF790FE044660B96FF06805284610370D
:107B1000BD46BDE8F087887AFEF712F83C4B8342F9
:107B20006FD101220021384610F02DFC2046FEF7CF
:107B30000FF8DFF8E0A00C2303FB00A087602046CD
:107B40000CF07CFC01464046FFF77CFF054618B16F
:107B50002046FEF79DF8D9E74FF4A02200233846CF
:107B600008F008FA064690B14FF4F1732A4A2B49FF
:107B70002B480BF0FCFD2B48324641460BF0F7FD3D
:107B800085F31188BFF36F8F0323184602DF204669
:107B9000FDF7DEFF0C2358431AF800605EB36D4614
:107BA0008AB06A46204B0796CDE905381F4B0893EB
:107BB00040F20243ADF824301D4B42F8103F1D48FF
:107BC0004FF432510DF079FF2046AD46093EFEF7E5
:107BD0005FF8092E0CD8DFE806F0050B0B08170B31
:107BE0000B0B0B146FF06E0590E76FF00C058DE733
:107BF0006FF004058AE7B9F1000FA9D0C9F8004079
:107C000084E76FF0150581E76FF00B057EE700BF95
:107C100098090020B42E00201DA5040051A80400DE
:107C20006AA504005AA804009FA804004D9D040002
:107C3000050000016C9004002DE9F04F8DB05E4B03
:107C4000B0F80190198849F4704291424FF0000653
:107C500002BF1E80594B1E78C378012B08BF584BBA
:107C600000F1040A00AF054650460CBF93F86F4080
:107C700000240DF09DFE07F10808514680B34046F0
:107C80000DF08BFED5F81130C7F80130B5F815307E
:107C9000A7F805304FF0010BEB78012B37D007F137
:107CA000100451462046FEF7D9FF6D4688B06A465B
:107CB000444B4548CDE905344FF40073ADF81C3012
:107CC000424B42F8103F4FF4E2510DF0F6FE132103
:107CD000AD4648460DF04EFF3437BD46BDE8F08F47
:107CE00020460DF0ACFF03460068B8609A889B7987
:107CF0006868A8F8042088F80630BAF804209AF8D2
:107D0000063095F804B03860BA80BB71C4E74046CD
:107D1000FFF75AF904460028C1D00346B5F8012000
:107D200023F8702BB86898F80620B8F8041020677C
:107D30009A719980B5F8173040F2E2425343C4F883
:107D40008830B5F81930A4F89030B5F81B30A4F895
:107D50009230EB78E3700022012B62721AD187F81F
:107D600000B0BA88BB793868A4F87B2084F87D30ED
:107D7000C4F8770000F032FF237A1149C3EBC30344
:107D80005A18CB58C4F87E309388A4F8823093797F
:107D900084F884300721204601F04AFB26B1667240
:107DA0000121204601F044FB204601F085FC2046DD
:107DB00001F0E8FA90E700BF7C3700201638002079
:107DC00050010020BEA804006C90040003000001D4
:107DD00000B5C368187889B020B109B05DF804EB2C
:107DE000FFF7B8BCB3F80120ADF80120DA788DF8C0
:107DF00000008DF80320B3F80B20ADF81720B3F87E
:107E00000D20ADF81920B3F80F20ADF81B205A7CD7
:107E10008DF81D20586801901A899B7A8DF80A30D8
:107E2000094BADF8082068461A689B88CDF80B20EE
:107E3000ADF80F30CDF81120ADF81530FFF7FCFE8E
:107E400009B05DF804FB00BFBCBB0400F0B5002224
:107E500085B0114602AF40F60340FFF745FE0446E9
:107E600000285BD1FFF7B6FC21463A1D41F2030022
:107E7000FFF73AFE0446002850D17A68B14DD16828
:107E8000D1F80100D1F8051005F1780303C31046BD
:107E9000FDF7FEFE21463A1D41F20100FFF724FEE8
:107EA000044600283AD17868C3685A7885F870206B
:107EB0005A88A5F872201A7985F87120B3F807203E
:107EC000A5F87420B3F80530A5F87630FDF7E0FE8C
:107ED00021463A1D41F20200FFF706FE0446E8B9CA
:107EE000D7F804C0DCF80C2005F18006531C4132A1
:107EF00018685968344603C4083393422646F7D1BC
:107F00006046FDF7C5FE95F87C305E060AD48E4AC1
:107F10008E4801210DF0BEFD6FF0120420460C3793
:107F2000BD46F0BD3A1D002142F20300FFF7DCFD23
:107F300004460028F2D17A68854BD168D1F8010057
:107F4000D1F8051003C31046FDF7A2FE21463A1DE5
:107F500042F20200FFF7C8FD04460028DED17E6829
:107F6000F468B4F801309AB292B1E27882B1A5F81F
:107F7000FC30E378032B06D0032200927348754A45
:107F800002210CF0DAF8E2787348114610F0FBF9A0
:107F90003046FDF77DFE95F87C601F2316F0200625
:107FA000A5F8103119D14FF0FF304FF0FF31FFF736
:107FB00039FC0446002800F0728102210C300CF0DC
:107FC0007AFA0123037046702146324640F66D402E
:107FD000FFF78AFD04460028A0D195F89C301C07C5
:107FE00012D53A1D002142F21C00FFF77DFD044628
:107FF000002893D17868C368D3F80120D3F80530FE
:10800000C5E93823FDF744FE4FF0FF304FF0FF3154
:10801000FFF708FC0446002800F0418108210C30DD
:108020000CF049FA95F8D83095F8D92013F0020FE2
:1080300014BF2F230F2312F0090F18BF43F400635E
:10804000002203701B0A43708270C2700271427179
:108050008271C271214642F20100FFF745FD0446DC
:1080600000287FF45BAF95F87C30B5F8FC109806DB
:108070005DD4C9B93A1D41F20500FFF735FD04464C
:1080800000287FF44BAFB5F8FC307C684BB9E3684F
:10809000B3F80120A5F8FC209A882F48114610F06B
:1080A00072F92046FDF7F4FD4FF0FF304FF0FF313D
:1080B000FFF7B8FB0446002800F0F18008210C30DF
:1080C0000CF0F9F910230370882300224370022674
:1080D00020238270C670027142718271C371214681
:1080E00040F60140FFF700FD044600287FF416AF7C
:1080F00001463A1D4FF60140FFF7F6FC90B3174AD0
:10810000124802210DF0C6FCEB79002B40F0B7803D
:1081100000F0AAFC044600287FF400AF01F0C2FE84
:10812000044600287FF4FAAEFFF7C4FBF6E6002908
:10813000BAD10B4A054801210DF0ACFC6FF00404E4
:10814000ECE600BF50010020DAA804006C900400A7
:1081500028020020FEA804005002002067A90400A5
:1081600044A904007B68DC68B4F80130042B96BF96
:10817000584A594952F823106E468AB002AA574805
:10818000D3614FF400731384554BC2E9050142F8E3
:10819000103F54484FF413510DF08FFCB4F80120F8
:1081A000B4F80330022AB54649D1052B47D84E4AC8
:1081B00052F823106E468AB002AA4C48D3614FF49D
:1081C00000731384464BC2E9050142F8103F4FF497
:1081D000135144480DF071FC637994F806C0D4F84B
:1081E0000900032BB54698BF414AB4F8076094BF15
:1081F00052F8231038496C468CB002AADFF8F4E03C
:10820000C2E9073C4FF4007393853B4BC2E905E19B
:10821000C2E909604FF4735142F8103F31480DF044
:108220004CFCA5467868FDF733FD3A1D00214FF65A
:108230000240FFF759FC044618B1304A60E726496E
:10824000B8E77868C368B3F80130A5F8C130FDF726
:108250001FFD95F8C1305A077FF556AF3A1D2146EC
:108260004FF60340FFF740FC08B1254A48E778681D
:10827000C3685B7885F8C030FDF70AFD44E72E78C7
:10828000002E7FF445AF95F8C1309B061FD54FF007
:10829000FF304FF0FF31FFF7C5FA044610B96FF019
:1082A00068043BE606210C300CF005F9D5F80130E6
:1082B0000360144B9B888380214632464FF606406C
:1082C000FFF712FC044600283FF422AF26E66FF0C9
:1082D000850423E6F895040088A704008BA9040010
:1082E000040000016C900400E0950400A4A90400BF
:1082F000D0950400BCA9040007000001E9A904000E
:1083000012AA04005101002010B5FFF79FFD034B96
:108310001B6813B1BDE81040184710BDCC2E0020DB
:1083200073B52A4D0646D5F84C010FF07CFE48B9CE
:10833000274A284801210DF0ADFB6FF012042046BA
:1083400002B070BD6FF0020105F1D4000DF0B8FB72
:1083500001210DF0A3FB10EA010434D11E4B1E6075
:108360000A4605F5907010F00EF805F59E700FF0B6
:10837000E9FF1A4810F0D6F81949184800946FF030
:1083800007034FF4806207F0ADFF1649134810F061
:1083900001F9D5F84C01144983681B6898470446D5
:1083A00030B1124A034601210A480DF075FBC6E7B9
:1083B00026B902B0BDE87040FFF748BD05F1C40022
:1083C00007F08AFFBBE76FF07704B8E750010020A1
:1083D0003BAA04006C900400CC2E0020B81C0020A6
:1083E000C043002053AA0400ED7103005CAA0400FE
:1083F00073B5C368D9789A781E8842EA0122ADF82D
:10840000002059791A7942EA0122ADF80220D9797F
:108410009A7942EA0122ADF804201A7A5B7AB4B262
:1084200042EA032301212046ADF8063001F0E2F8CC
:10843000054658B91D481E4A012123460DF02CFB64
:10844000022120460DF0D5FB02B070BD694601F057
:108450002FFB38B91E2120460DF0CBFB284600F03B
:1084600091FFF1E74FF0FF304FF0FF31FFF7DAF9FE
:1084700004460028F2D00E210C300CF01CF800232A
:108480000680C0F80A30BDF800304380BDF80230E5
:108490008380BDF80430C380BDF8063003812146D7
:1084A00042F22000FFF7CEFAD8E700BF6C9004003C
:1084B000C2A3040038B5042104460C300CF03CF88B
:1084C000034640885D7818B119782246FFF714F802
:1084D00035B1044807F01AFDBDE83840FFF7AABAE5
:1084E00038BD00BF70020020B0B50321044600AFC4
:1084F0000C300CF021F8E2680346B0F80100117866
:1085000040F63542904216D16C468AB06A46104B0E
:108510001048CDE90531104B079340F20133ADF817
:1085200020300E4B42F8103F4FF412510DF0C5FAB7
:10853000A546BD46B0BD1D7810B12246FEF7DCFF52
:10854000002DF6D0064807F0E1FCFFF773FAF0E7DC
:1085500078AA04006C9004004D9D04000400000102
:108560007002002038B508F0CDF92F4DD5F83C3118
:10857000002B56D00022002305F5907007F0FAFC7E
:1085800000284ED10022002305F59E7007F08CFCD8
:10859000044668B9254A2649264840F6AA430BF006
:1085A000E6F884F31188BFF36F8F0323184602DFC8
:1085B000D5F830315BB1204A204801210DF06AFA2C
:1085C000D5F83001FDF764FB0023C5F830312046B3
:1085D0000BF034FFC5F830012046FFF761F9034680
:1085E000C8B1174A154801210DF056FA154807F091
:1085F0008DFC2046FDF7ACFA134B0C2202FB003336
:10860000588818B122461F21FEF776FF2046FDF755
:108610003FFBFFF70FFAFFF70DFABDE8384008F00F
:1086200085B901F059F8F8E7500100201DA50400B4
:1086300068A304006AA50400B0AA04006C900400BA
:108640002FA8040070020020B42E0020F8B50A4DB7
:10865000EF7906460024E3B29F4202D86FF0010092
:1086600007E0294630460DF0E0FA0735631C08B1F3
:108670002046F8BD1C46EEE75001002070B51A4EAA
:1086800006223146054610F01DFA38B34FF0FF3090
:108690004FF0FF31FFF7C6F8044608B3062229461B
:1086A0000C300BF00EFF2146002242F20500FFF7CE
:1086B0001BFA044648B110F10D0F04D10B4A0C48C7
:1086C00002210DF0BAFA204670BD33462A6843F8FD
:1086D0006929AA88B280012283F868200024F2E781
:1086E0006FF06804EFE700BFB9010020F0AB0400B1
:1086F0007490040073B504460D4689B117492846A5
:108700000DF093FA60B9164A2968C4EBC404A318A3
:108710001151AA889A80AA799A71002002B070BD7E
:108720006E4630460DF02BF90028F7D13046FFF7A2
:108730008DFF0028F5DA0A4A0098B179C4EBC40429
:10874000A3181051B08898809971002DE5D0125966
:108750002A609A88AA809B79AB71DEE7AFBB0400E0
:108760005001002070B5044629BB38B327490DF0ED
:108770005CFA18BB2046FFF769FF002840DA23782F
:108780006BB9234AD379002B3AD120681060A179C4
:10879000A088917101219080D171184670BD012B84
:1087A00004D1A37903F0C003C02B07D0194A1A489B
:1087B00001210DF042FA6FF01500EFE7144DEB794F
:1087C000012B20D0BFF35B8FD5F8D430BFF35B8F84
:1087D000DB0707D4002CEED00C4920460DF025FA1B
:1087E0000028E8D1EE792146731C3046EB71FFF783
:1087F00081FF08B93046D1E7EB79013BEB71CDE75A
:108800006FF07700CAE76FF00B00C7E7AFBB04005B
:1088100050010020FFAB0400749004002DE9F341E7
:10882000044640B91A4A1B4802210DF006FA0020FE
:1088300002B0BDE8F08101AA002141F20900FFF772
:1088400053F9054608B1144AEDE7019E1349D6F8DD
:108850000C8008F101070622384610F033F928B1E0
:108860000F490622384610F02DF918B93046FDF7A9
:108870000FFADCE7D8F80130C4F80130BB88A4F85F
:10888000053030462570FDF703FA0120D0E700BF20
:108890002DAC04007490040046AC0400BCBB040082
:1088A000B6BB040007B56846FFF7B8FF044BD871A4
:1088B00018B169460020FFF71DFF03B05DF804FB07
:1088C000500100202DE9F041304EF17988B00029A7
:1088D00054D196F8C24014F0010411D12C4A2D480D
:1088E00002210DF0AAF90024F471162500240127B5
:1088F000F379E0B283422BD8002B3FD000203AE03E
:108900006A464FF60940FFF7EFF808B1224AE6E75A
:10891000DDF800C0DCF80C5095F80180B8F1000FCC
:108920000ED0AB1C02AA123518685968174603C747
:108930000833AB423A46F7D1186838609B88BB8051
:108940006046FDF7A5F9B8F1000FCDD1134AC6E78F
:1089500008AB05FB0033694653F8182C33F8143C78
:10896000CDF80120ADF805308DF80070FFF7C2FE9C
:1089700001340028BCD008B0BDE8F08100210846D1
:1089800008B0BDE8F041FFF7EDBE00BF5001002088
:1089900064AC04007490040090AC0400B0AC04001B
:1089A0002DE9F0411D460E461746034648B145B134
:1089B0000A0311D54C0708D5284A294801210DF092
:1089C0003CF96FF01500BDE8F0810DF045F9002885
:1089D000F9D101232B70F6E7B107047824D021499F
:1089E0002FB1B20603D591F8D820500632D5C4EB8A
:1089F000C40411F80480B8F1010F09D101342144F5
:108A000018460DF021F90028DDD185F8008002E03C
:108A1000B8F1000FF9D02FB1B30642BF2B7843F065
:108A200002032B700020CEE7720710D50D49C4EB6E
:108A3000C4040F5D012F07D1013421440DF004F966
:108A40000028C0D12F70E7E7002FE5D1FAE70DF03D
:108A500003F9BEE76FF08500B5E700BFD9AC0400AD
:108A6000749004005001002038B5104DEB7913B11B
:108A70000024204638BDFFF715FF044628B10C4AF4
:108A80000C4801210DF0D9F8F3E7EB79002BEFD179
:108A9000FFF718FF04460028F1D1681CFFF7EEFD30
:108AA00004460028E5D0044AEAE700BF5001002050
:108AB000F8AC04007490040017AD04002DE9F74FE2
:108AC000884601904FF0FF314FF0FF30FEF7AAFECD
:108AD000044600284ED020210C300BF0ECFC002185
:108AE0002022064600270FF0E5FFD8F8005006F1D7
:108AF000010B3946D8F804309F4208D301983170F1
:108B00000022214603B0BDE8F04FFEF7EDBF6A78C2
:108B100095F800C0881C13181F2B5FFA80F915D92F
:108B2000BCF1090FC9F11F0201D1002A0CDC134A64
:108B3000134801210BF0EEFA2046FDF7A9F86FF07B
:108B4000150003B0BDE8F08F4FF0080C5FFA82FA11
:108B50000AF1010E0BF801E00131C9B258440BF8DB
:108B600001C0D14469680FF07EFF01375FFA89F1D7
:108B70000835BFE76FF06800E3E700BF3AAD0400D7
:108B80003C900400F7B5CDE90001694642F20800C7
:108B90009DF8207016461D46FFF790FF044668B901
:108BA0007FB9BFF35B8F0C4B53E8001F41F004010A
:108BB00043E80012002AF7D1BFF35B8F204603B0D1
:108BC000F0BD694642F20900CDE90065FFF776FF86
:108BD0000028E6D00446F1E77801002000487047FD
:108BE000680100202DE9F04FD0F81090DFF884A242
:108BF00089B0B9F10004054602919346039318BF6A
:108C00000124BFF35B8FDAF80030BFF35B8F5A07A4
:108C100040F18F81466873050CD56FF01504029BF7
:108C2000002240F20110934540F08C81204609B0AB
:108C3000BDE8F08FD0F81080B8F1000F01D0B70771
:108C4000EBD08D4F2878FB798342E6D9C0EBC0008A
:108C50008A49072238440FF035FF0028DDD0B007DD
:108C600006D197F87030082B02D8AB689F2BD4D967
:108C700016F0300F74D0B8F1000FCED0F10672D4D8
:108C800006F46036B6F5603FC7D028460CF0FBFF0F
:108C900080460028C1D07A4EBFF35B8F3268BFF3A5
:108CA0005B8FC2F30023D20500F146816A68CDE9EB
:108CB0000533CDF81B30AB68ADF8103012F4004F1F
:108CC000EB68ADF8123014BF06230723D00348BF6A
:108CD00003F00503910348BF03F0FB038DF81D303B
:108CE000BFF35B8F5AE8003F23F480734AE80032F9
:108CF000002AF7D1BFF35B8F2B783B7687F86F3074
:108D0000224669685F480DF11503FFF749FE0446E6
:108D1000002884D15C4BB9F1000F30D02A6911686A
:108D20004AF8B31C9188998092799A716B689A0776
:108D300027D0B9F1000F2BD013F0100F0CBF012377
:108D400004238DF814302B691A68CDF816209A8800
:108D5000ADF81A209B798DF81C304FF000081AE00E
:108D6000B8F1000F8CD1D5E902239A423FF655AFF6
:108D70001F2A7FF652AFB3F5804F81D94DE73F4AA6
:108D8000CDE79B0502D4039B002B3CD0022300E0DF
:108D90004B468DF814304FF0FF304FF0FF31FEF7A7
:108DA00041FD0446002800F0CA800F2204A90C30BF
:108DB0000BF087FB2146002242F20600FEF794FEEC
:108DC000044600287FF42BAFB9F1000F1FD068686C
:108DD00010F0030027D107462A4801210CF057FF65
:108DE0000446002858D0294A294801210BF092F95D
:108DF000002F3FF414AF3846002100F019FB38462D
:108E000000F0C0FA0BE703238DF81430A5E7129B9E
:108E1000039A0298CDF800805946FFF7B3FE044646
:108E20000028D4D0FBE63C7E1449174887F86F40F1
:108E300007220FF047FE60B91649204600F074FE85
:108E4000074610B96FF00B04E9E6052100F0F0FACF
:108E5000C2E70D49204600F0ABFE00287FF4DDAEEE
:108E6000387E094900F060FE07460028EAD0062156
:108E7000ECE700BF2402002050010020AFBB04003B
:108E800078010020680100207101002053AD04002A
:108E90003C900400A8BB040017B1384600F072FAF9
:108EA0006B68BFF35B8F9F0728D056E8003F43F401
:108EB000007346E80032002AF7D1BFF35B8FBFF39F
:108EC0005B8FB8F1000F22D056E8003F43F4806377
:108ED00046E80032002AF7D1BFF35B8F6B68BFF31F
:108EE0005B8F58071CD556E8003F43F4805346E893
:108EF0000032002AF7D1BFF35B8F90E656E8003FBF
:108F000023F4007346E80032002AD6D0F6E756E88C
:108F1000003F23F4806346E80032002ADCD0F6E705
:108F200056E8003F23F4805346E80032002AE2D09E
:108F3000F6E76FF00A0472E66FF077046FE66FF001
:108F400068046CE61988814204D1596811B1097826
:108F5000C90702D40132083365E6054905480FF018
:108F6000E7FA4FF470220023024807F059FA5DE651
:108F7000F58F03008001002010B51B4C20460CF03B
:108F8000ACFEBFF35B8F2369BFF35B8FDA05C3F3DE
:108F9000002027D5BFF35B8F2369BFF35B8F9B0551
:108FA00016D504F10900114907220FF08BFD034685
:108FB00014F8180993B90E49052200F033FE04464F
:108FC00030B10021417200F033FA204600F0DAF9A6
:108FD000BDE81040044800210CF059BE062204F1FF
:108FE0002101EAE710BD00BF68010020AFBB04000B
:108FF000A8BB040010B5FFF7BFFF034630B1044A19
:109000000448BDE8104002210BF08DB810BD00BF30
:109010006EAD04003C90040070B50C4B1C68054616
:1090200044B154F8143C143C13B1697A284698476B
:109030006469F5E7064C074EB44200D370BD23685F
:1090400013B1697A284698471834F5E7042F0020B1
:10905000249004002490040010B50446FCF778FD29
:10906000044901EB001120460CF0E3FCBDE8104080
:10907000FEF7E0BCD02E002070B5D1E901560022E9
:109080000446C1E9012206480FF064F93DB13146BA
:1090900020462B466FF06D02BDE87040184770BD4A
:1090A000F008002070B505460F480022002306F0A6
:1090B00061FFB8B90D4B1C6834B154F80C3C143C3A
:1090C00003B198476469F7E7094C0A4EB44204D3E8
:1090D0002846BDE8704007F0FFB8A36803B1984781
:1090E0001834F3E770BD00BFD4080020042F00201F
:1090F00024900400249004002DE9F0410446402708
:109100000025EFF3118287F31288BFF36F8FE169B7
:1091100029B1206A0B68E361814208BF236282F3B0
:109120001188BFF36F8F71B1D1E901680748C1E9B8
:1091300001550FF00FF91EB1002241462046B047FD
:10914000FEF778FCDDE7BDE8F08100BFF008002005
:1091500070B5031D0446BFF35B8F53E8002F42F444
:10916000806143E80015002DF7D1BFF35B8F5105F7
:1091700020D4BFF35B8F6368BFF35B8FDA0308D53E
:10918000E378BBB90C4A0D48BDE8704002210AF0F3
:10919000CABF0B4B93F8D8301B07F1D50CF00EFD6E
:1091A000034620B1074A054801210AF0BCFFA37A13
:1091B000072BE5D070BD00BFB5AD0400549004008E
:1091C0005001002094AD04000448B0F8FC30002B9E
:1091D00000F5807008BF0020704700BF50010020DC
:1091E00030B50446FCF7C8FA0D4A0D460D4908583B
:1091F000D2F88810884289B005D1204609B0BDE870
:109200003040FFF779BF2434214610460FF05FF954
:109210001DB1694620460FF06AF909B030BD00BFA4
:10922000982700200800000038B5002204468A4232
:1092300002D10024204638BD04F1C8030120BFF349
:109240005B8F53E8005F002D04D143E8000CBCF1B4
:10925000000FF6D1BFF35B8F02D0D0340244E6E7B3
:10926000002CE6D0C822002120460FF023FC04F198
:10927000400004490FF05CF9034904F124000FF0A9
:109280000AF9D7E7899D0300015D0400F7B516468A
:109290000D4601210446FFF7A3FF012E23D0022E25
:1092A00052D123693BB13148314A01210AF032FFE2
:1092B00020460CF049FD256121690B8A012B53D909
:1092C000CA681288043292B293424DD343D92748D8
:1092D00000920121274A0AF030FF204603B0BDE882
:1092E000F0400CF031BD206940B9234A1F48314697
:1092F0000AF010FF20460CF027FD01E02A8A2AB967
:10930000284603B0BDE8F040FCF7C2BC018A438A9E
:1093100047695B1AC168C91B5B1A9A420CD9174A84
:10932000124831460AF0F6FE21690022204600F07C
:1093300097FF00232361E3E7E9680C300BF0C1F8E5
:109340002846FCF7A5FCB7E70D4A0848334601213B
:109350000AF0E9FECEE7002301222046236103B094
:10936000BDE8F04000F07CBF03B0F0BD54900400B5
:10937000CEAD04004EAE0400EBAD040009AE040017
:1093800030AE040008B500F1C803BFF35B8F53E8AB
:10939000002F013A43E800210029F8D1BFF35B8F89
:1093A000AAB90B4B984212D303F1D00290420ED2CD
:1093B000C01AD023B0FBF3F203FB120038B9054802
:1093C00006F0A4FDBDE80840034806F085BF08BDCF
:1093D000601D0020D40800200005002010B50446C0
:1093E0000CF0BBFC07F08EFA104AD2F8141104F10D
:1093F000BC0361B9C4F8BC10D2F8181159B9C2E95C
:10940000453307F093FABDE81040FEF713BB8B42DB
:1094100005D00968EDE70B60C2F81831F1E707F0F5
:1094200085FA2046FFF7AEFFEDE700BF50010020B0
:10943000F8B5867A8E4200AF04460D461BD1082E41
:1094400096BF534B534B53F826306C4688B06A4650
:109450005149CDE905134FF40073ADF81C304F4B63
:1094600042F8103F4E4800234FF4E451FBF700F957
:10947000A546BD46F8BD81720EB90CF06EFCA37A0C
:10948000082B00F2818001A252F823F0D994030046
:109490002F950300739403007394030073940300E7
:1094A0007394030073940300B19403007394030056
:1094B0000023C4E90D33E378012BDAD1A378012B23
:1094C00004BF032384F898304FF42032002304F1C2
:1094D000400006F071FFCCE7082ECAD8DFE806F09E
:1094E0002005171C1C1C1720200004F140052846ED
:1094F0000FF02AF801212046FFF772FE20460CF0FB
:1095000023FC00220023284606F08AFFB1E7637A95
:1095100013B12046FFF780FD2046FFF733FFA8E791
:10952000204A2B461E4802210AF0FDFDA1E7637A7E
:109530003E2B0FD16D4688B06A461B4BCDE90534F2
:10954000032342F8103F164800234FF4C451FBF7A1
:109550008FF8AD46154D05F58076616911B9FEF7B6
:1095600069FA86E7A2690B686361914208BFA3614B
:109570002046FFF781FDB5F8FC30002B14BF3046C4
:10958000002006F0C3FCE8E7094A2B46CAE700BF03
:10959000B096040069AE040073AE0400030000013D
:1095A0005490040084AE04009BAE040050010020DF
:1095B000C2AE0400F8B5074609480D4616460CF041
:1095C000CCFB044650B183781F4203D1BDE8F8407C
:1095D000FFF7D8BE3146A8472046F7E7F8BD00BFE1
:1095E000601D0020024900220120FFF7E3BF00BFF9
:1095F0003D5D040070B505460E480E460CF0ADFB0F
:109600000446A0B1837A012B02D0073B012B0CD872
:109610002388AB4208D1A3781E4209D1064A0748E5
:109620002B4602210AF07FFD2046FFF7ABFE002407
:10963000204670BD601D0020DEAE04005490040082
:10964000034BC01A034B00115843C0B2704700BF10
:10965000601D0020C54EECC470B51C461443054681
:109660000E460DD00F49FCF787F8D1F888400E4917
:1096700009588C4206D10D4A0D4802210AF04AFDD4
:10968000002213460B49002D14BF284608460AF055
:10969000A6FE044618B1711D0C300AF001FF2046E9
:1096A00070BD00BF9827002008000000F5AE040040
:1096B000549004000809002010B50446054806F03F
:1096C0000BFE204600F012FD2046BDE81040FFF7DB
:1096D000A3BC00BFF00400202DE9F04F87B000AF1D
:1096E0000023FB607B61BE4B5A8A3AB1BD4DD5F871
:1096F00014413CB91C37BD46BDE8F08F1B68002BF8
:10970000F4D1F7E754F8BC3903B1BC3BB6490026A5
:1097100001E01C461346B5F8FC20002A00F07381D6
:10972000D5F808214AB904F1BC06002BE2D0D3F8E1
:10973000BC20002AEDD0BC3AEBE70A68002AF2D040
:10974000D4F8A820002AEED0D4F8AC20002AEAD021
:10975000D4F8B020002AE6D0A37A072B6CD120469B
:109760009047002868D0BFF35B8FD4F8C030BFF3B8
:109770005B8F022B60DC20460CF0EFFA04460028D9
:10978000B8D0A37A072B40F03B81D4F8A830B5F8C5
:10979000FC1007F11002204698478146002800F08F
:1097A0000E81B5F8FC203B699A4208D30146D4F8F3
:1097B000AC6007F1140307F10C022046B0477B6947
:1097C0003B60B9F81030D7F80C80002B00F0018115
:1097D0004846D7F810A00CF042F97860002840F015
:1097E000FB80B5F8FC30DFF804B2002B14BF5846FC
:1097F00000200022002306F0BDFB78B97A48002241
:10980000002306F051FB064600283BD1B5F8FC309A
:10981000002B18BF5E46304606F078FB6FF00B0554
:109820004846FCF735FAB8F1000F00F0B38039680C
:109830002A462046C047ADE0D4F8BC3004F1BC0253
:10984000C6B9D5F81811C5F814318A4201D1C5F846
:1098500018310023C4F8BC302046D4F8B030984703
:1098600000288ED0A37A072B40F0CA802046FFF74D
:10987000B5FD86E73360D5F818319A4208BFC5F8C0
:109880001861E6E73B68C0F804808360B5F8FCB077
:109890005348DA454FF000024FF000034FF000014B
:1098A00098BF1FFA8AFBFCF775F9804650B1FCF7A8
:1098B0004FF94F4B5A4603EB0013494640460CF014
:1098C00093F88046B5F8FC3094F8C4909A4584BF6C
:1098D00001237B607B6884F8C4309CBF09F10209D6
:1098E0005FFA89F904F1C00ABFF35B8F5AE8003FC1
:1098F00001334AE80032002AF8D1BFF35B8F00231E
:109900003360A369002B5ED1C4E90566A378012BFF
:109910005CD108F10C0B042158460AF0F4FD2388B1
:1099200009F0FD0943EA09330380B8F81030043B1D
:109930004380022158460AF0EEFD4046FDF7B0FF95
:10994000814600285CD0BFF35B8F5AE8003F013BA3
:109950004AE80032002AF8D1BFF35B8F314604F1A8
:1099600014000CF0D0F9234A23484B4601210AF099
:10997000DAFB4046FCF78CF920463146FFF77CFBCA
:10998000B5F8FC301948002B08BF002006F0BEFADD
:109990006FF004056E4688B0184A0794CDE9052596
:1099A0006A46042342F8103F13484FF40151002344
:1099B000FAF75EFE1321B54620460CF0EAF9204680
:1099C000FFF7E0FC96E61E60A6619FE76FF01509C1
:1099D000B9E76FF0790523E76FF0040520E700BFD2
:1099E0007409002050010020F008002050020020DF
:1099F000D02E00202FA80400549004001EAF0400B5
:109A0000FEF718F8DBE79368FFDE00BF2DE9F041B1
:109A100040F2E243D0F88860B6FBF3F60446B6B2F3
:109A2000031DBFF35B8F4268BFF35B8F920417D5B2
:109A3000B0F88C20B24213D8B0F88E20B2420FD3C7
:109A4000D0E9241291420BD1BFF35B8F53E8001F82
:109A500021F4005143E80012002AF7D1BFF35B8FD5
:109A6000104B1D6865B155F8047C143D37B1B4F84E
:109A70009230B4F8902031462046B8476D69F1E73E
:109A8000094DDFF82880454501D3BDE8F0812F69F5
:109A900037B1B4F89230B4F8902031462046B84738
:109AA0001835F0E7042F00202490040024900400CF
:109AB0002DE9F041074608460D460CF037F80646FA
:109AC00018B900263046BDE8F081144B1C6884B1FB
:109AD00054F8083C143C0BB96469F8E72946384649
:109AE00098470028EDD028460CF020F80028F3D144
:109AF000E7E70B4CDFF82C804445E3D2E3680BB971
:109B00001834F9E72946384698470028D9D028461E
:109B10000CF00CF80028F3D1D3E700BF042F00208D
:109B2000249004002490040038B505460C460E48E5
:109B30000121FFF779FBB0B1057223680367A388A1
:109B4000A0F87430A37980F8763001238370074B36
:109B5000C0F8A830064BC0F8AC30064BC0F8B030A7
:109B6000054BC0F88C3038BD601D0020E99F030014
:109B7000ED5C0400E15C04001800280070B50546A7
:109B80000A480E460CF0E9F8044620B18378012B10
:109B900004D0FFF7F7FB0024204670BD324629466B
:109BA0000CF017F90028F7D12046F2E7601D0020DD
:109BB000F0B589B000AF0D46FFF7E0FF044610B3E3
:109BC00029463846FDF74AF8A37A082B96BF0F4A74
:109BD0000F4B52F823306D468AB06A460D49CDE9E5
:109BE00007730D4B09930D4BCDE9051442F8103F57
:109BF0000B4800234FF44251FAF73AFD2046AD4698
:109C0000FFF7C0FB01202437BD46F0BDB09604002D
:109C100069AE040041AF0400010302040500000224
:109C200054900400F8B505460E480E4617460CF051
:109C300094F8044620B18378012B03D0FFF7A2FBF0
:109C400000240DE036B1324629460CF0C2F808B9BE
:109C50002046F3E7A37ABB42FAD1237AAB42F7D18D
:109C60002046F8BD601D002070B58B78012B92B0A6
:109C700006460C4642D191F8703007AD032B37D819
:109C8000DFE803F0023032341E492846F9F7B6FA0D
:109C9000059594F87130049394F87230039394F816
:109CA0007330029394F87430019394F875300093F4
:109CB00094F87630144A1E210AA809F0E7F80AAB96
:109CC000324610AD1C4603CCAC42106051602346B6
:109CD00002F10802F6D120681060A3889380304614
:109CE00012B070BD0949D0E70949CEE70949CCE770
:109CF000094A0A21284609F0C9F8C9E700238DF866
:109D00002830DCE720A3040042A3040027A30400BA
:109D10002EA3040038A30400E7B2040038B50446BB
:109D200008460D460BF002FF48B3164B93F8D830A7
:109D3000990707D4E37883B129462046BDE8384027
:109D400000F0BABA94F899309A07F3D5BFF35B8F55
:109D50006368BFF35B8F5B04ECD4294620460CF0AC
:109D600058F858B92B88A4F88C306B88A4F88E303A
:109D7000AB88A4F89430EB88A4F8963038BD6FF027
:109D80001500FBE750010020F7B510F8363C0446FB
:109D9000A0F140060BBB30460CF08EF83A4B1D6824
:109DA0004DB155F8103C143D1BB114F8371C30462A
:109DB00098476D69F4E7354D354FBD4205D33046C0
:109DC00003B0BDE8F040FFF7DDBA6B681BB114F8D3
:109DD000371C304698471835EFE710F83E3C012B0A
:109DE00031D1BFF35B8FA0F13C0555E8003F23F470
:109DF000005245E800210029F7D1BFF35B8F990499
:109E000029D5E36C00936946636D01933046FFF7F3
:109E100085FF0346C8B9BFF35B8F55E8003F23F4C5
:109E2000805345E80032002AF7D1BFF35B8FBFF3C0
:109E30005B8F55E8003F43F4006345E80032002A99
:109E4000F7D1BFF35B8F03B0F0BD124A1248022175
:109E50000AF069F9EBE7114A4FF4281369463046D6
:109E6000CDE90023FFF75AFF034650B9BFF35B8FDC
:109E700055E8003F43F4805345E80032002AD4D02F
:109E8000F6E7074AE2E700BF042F00202490040011
:109E9000249004007AAF04005490040018002800B5
:109EA0009FAF040010B50E480EF04CFA0D490C4857
:109EB0000EF050FA0C490A480EF04CFA0B490848CB
:109EC0000EF048FA0CF030FC02F0C0F8044628B955
:109ED0000CF031FE044608B90CF097F8204610BD8E
:109EE000F0080020E02E0020EC2E0020F82E0020AC
:109EF0000346024A024801210AF015B952B0040093
:109F00007C90040080B500AF88B06A46074BCDE96D
:109F10000530032342F8103F054800234FF4C25197
:109F2000FAF7A6FB6FF00B00BD4680BD7AB00400C7
:109F30007C90040008B5064A136823B905485060B0
:109F40000A60184608BDFFF7DDFF6FF00B00F9E768
:109F50000C2F0020FC96040070B5044652EA030062
:109F600008D0FBF709FC074D074ED5F8885030584C
:109F7000854201D10022134620460431BDE87040DD
:109F8000FFF76ABB982700200800000073B505465C
:109F900018462B680BB39B7A072B1ED1002A0E7A2A
:109FA0000CBF012302239E4209DD0D4A0D48009695
:109FB00001210AF0C2F86FF0150002B070BDCB7A33
:109FC000072BF8D9C8618A6105F130000EF0C2F99B
:109FD00028460BF048FF0020EFE76FF07F00ECE72A
:109FE000A1B004007C9004002DE9F84FD0F8B440F3
:109FF00000AF8846914644B1403C236B63B920686A
:10A00000B4300BF04FFF246CF5E7FDF713FD00268D
:10A010003046BD46BDE8F88F04F1300A50460EF0D8
:10A02000AEF905460028F0D00BF019FD80B16C4662
:10A0300088B06A462A4BCDE90535032342F8103F24
:10A04000284800234FF4C251FAF712FBA546DEE779
:10A0500028460AF0F3F9656C06469DB9A38C058A7B
:10A06000403B9BB23F2B03D8238D9D4228BF1D460A
:10A07000042106F10C000AF046FA0580A38C438007
:10A0800004356564454520D8B6F810B0AB4506D117
:10A0900000220023504605F007FFFBF7F9FDA38CD3
:10A0A000A3F140023F2A07D8AB4514BF00220E4A55
:10A0B000B26118BF1346F3612068B4300BF0F2FEB2
:10A0C000236B13B120460BF0CEFE636CC9F8003051
:10A0D000984534BFA3EB08010021616498E700BFF5
:10A0E000C1B004007C900400BB5F0400F7B5284DAC
:10A0F000284F04460026BD4201D303B0F0BD298895
:10A1000020460BF050FF6B68019001A9204698474C
:10A11000002838DB019B2A889A829A8403F1100276
:10A12000BFF35B8F52E8001F42E800600028F9D1BE
:10A13000BFF35B8F1E645E649E60A16B03F1080237
:10A1400019BBC4E90D221C60DE6003F130000EF083
:10A15000F9F8019843681B6803B19847019BBFF366
:10A160005B8F103353E8001F41F0010143E80012F8
:10A17000002AF7D1BFF35B8F01984368DB6913B105
:10A1800000F1100198470835B5E70A60A263DAE7E5
:10A190000C9004002490040073B50D46064604217B
:10A1A00005F10C000AF0C8F92B8A42889A4204464D
:10A1B00007D000921C4A1D48012109F0BEFF02B0E1
:10A1C00070BD43783BB91A4A1848012102B0BDE876
:10A1D000704009F09FBF0378012BF0D0132B06D1FC
:10A1E000022AECD0022300931346124AE3E7124AF4
:10A1F0000E48022109F097FF61783568022201209C
:10A200000BF0B7FE04460028D9D002210C300AF02A
:10A2100052F90023037043702146284602B0BDE87E
:10A2200070400BF0D7BE00BFD9B004007C90040092
:10A23000FAB004001BB1040046B1040008B50B8A53
:10A24000032B06D8044A0548012109F063FF0020CA
:10A2500008BDFFF7A1FFFAE76EB104007C9004008F
:10A2600038B50B8A032B05460C4609D80F4A10480F
:10A27000012109F04FFF2046BDE83840FBF708BD3B
:10A28000042104F10C000AF057F9418828460BF02C
:10A29000B2FE30B9074A06480B46022109F043FFD7
:10A2A000E9E7436821465B699847E4E78CB104001D
:10A2B0007C900400A9B1040070B5144A13780133EE
:10A2C0000C4613F0FF010CBF01230B46137006462A
:10A2D00008BF1946082212200BF04BFE054688B134
:10A2E00008210C300AF0E7F8228802806288428058
:10A2F000A2888280E288C28029463046BDE870404C
:10A300000BF068BE6FF00B0070BD00BF1738002067
:10A3100023281FD81A2804D8431E182B0ED906202C
:10A320007047A0F11B03082B1ED8DFE803F0051DC2
:10A330001B231D19251D0500032070470F4A01230B
:10A3400083401A40C2B90E4A1A40002A0CBF0620A8
:10A350000120704700F07F03522B05D10020704789
:10A36000012070470520704710F0400F14BF0020F7
:10A37000062070470420704702207047AAAA8A026C
:10A38000545545012DE9F74F064608460C46FBF7A4
:10A39000DFFB2E4F18234343FA18054691680191BD
:10A3A000E168BFF35B8FF06CBFF35B8FC0070AD42B
:10A3B000274A284801210BF04BFE6FF0150948464B
:10A3C00003B0BDE8F08FE068007810710022FA5009
:10A3D0000B78D22B0FD13368214618680CF0A8FBFC
:10A3E000814640B11C4A1B4801210BF031FE20463A
:10A3F000FBF74EFCE3E7182303FB0573D4F80C804E
:10A40000D4F814B0B4F810A09E6000231A46214678
:10A41000301DFFF7BBFD81460028D0D010F1690F39
:10A4200004D10E4A0B4801210BF012FE6269019B18
:10A43000A4F810A0A8EB0B0812FA88F2E260182228
:10A4400055437A1947F805909360B8E75C2F0020D0
:10A45000E5B1040044900400FFB1040012B204000E
:10A4600008B5EFF31181402383F31288BFF36F8F98
:10A47000002303600F4B5A68C2B9C3E9000081F39F
:10A480001188BFF36F8F0C4805F026FF031E0CDA0E
:10A490000A4A0B48012109F046FE002383F3118884
:10A4A000BFF36F8F0323184602DF08BD10605860AA
:10A4B000E5E700BF542F00203805002035B2040026
:10A4C00044900400011F01480DF055BEC007002054
:10A4D000024A034801210BF0BBBD00BF5EB204007D
:10A4E0004490040010B500F148030446BFF35B8FAD
:10A4F00053E8001F41F0010143E80012002AF7D1A0
:10A50000BFF35B8F201F0BF077FE04F1640004495A
:10A510000EF00EF82068BDE8104001F05DBD00BFF0
:10A52000EDB4030073B50E46438D418B8B4202F1AF
:10A53000010228BF0B469A42054609D91E480092DF
:10A5400002211E4A09F0F9FD0024204602B070BD28
:10A550003046FFF7DDFE6FF01403034113F00103F3
:10A5600010D0FBF709F9164B1958164BD3F8883061
:10A5700099421ED0144B1B685A1A18BF4FF0FF3275
:10A58000134601E04FF4702210480021FFF7E4FC6D
:10A5900004460028D9D0FBF7DBFA0D4B182202FB4A
:10A5A0000033012104F10C009D6009F084FF067066
:10A5B000CBE70022E4E700BF449004007BB2040034
:10A5C0000800000098270020A42F00202C0900205C
:10A5D0005C2F0020F0B51D4603680E46003987B099
:10A5E000044618BF0121186817460CF061FA40B9FB
:10A5F00004F14C000BF068FE002846D0002007B0A4
:10A60000F0BD002D43D01822002168460EF052FA0A
:10A610006FB1002213212046FFF784FF019030B96B
:10A620001C481D4A01210BF013FD1120E7E72368A8
:10A630001A4A1B6800930023ADF812300C9B039359
:10A64000BDF83430ADF8103001238DF814302946B0
:10A650006B4628468DF808600BF012FE9DF814300A
:10A6600063B1002FCAD00198FBF712FB9DF814309C
:10A670002A46314620460BF036FEBFE701990029F5
:10A68000BCD020460BF04EFDB8E71220B7E7012002
:10A69000B5E700BF44900400A0B20400B36004001A
:10A6A0002DE9F3410B8A04460D4643B9294A2A484D
:10A6B00001210BF0CDFC002002B0BDE8F08107685D
:10A6C000012105F10C0009F037FFBB7A072B064684
:10A6D000F1D154F8043C002BEDD003781F4F043C1B
:10A6E000002217F8320098424FEAC20807EBC20175
:10A6F00014D12A8A4878904226D91748009301211C
:10A700001346174A09F019FD04234744BA78012A71
:10A71000D1D1002BCFD03178002211E001320C2AA8
:10A72000DFD1104A0C48022109F0FDFC31780846BF
:10A73000FFF7EEFD2122C24012F00102BBD1062339
:10A7400020460BF0D0FDB6E74B68204629469847D7
:10A750000346DAE7B9B204004490040024970400E9
:10A76000EEB20400D4B20400F8B54FF470220746EC
:10A77000002311480D4609F032FE044638B90F4A4D
:10A780000F482B46012109F0CEFC2046F8BD00F110
:10A790000C060921304609F083FE2046FBF7D8F964
:10A7A000084B182202FB0033012130469F6009F05C
:10A7B00082FE0570E9E700BF2C09002052B00400BA
:10A7C000449004005C2F00202DE9F0410E8A043EE5
:10A7D000F6B2022E04468CB0084601D0102E64D189
:10A7E00004210C3009F0A8FE0DF1080805884788FF
:10A7F000011D324640460BF0A2F8002857D0A5B301
:10A8000000268FB3AF4230D34FF4205301A9404606
:10A810008DF80460ADF806300BF064F848BB1422E4
:10A82000002107A80EF046F911212046FFF79CFFF2
:10A830000990002837D001210C30CDE9074809F0F4
:10A840003AFE00230A90394603701A4A0B932846B1
:10A8500007AB0BF015FDDDE909131B78FBB90846C2
:10A86000FBF716FA0A2301E03D4601232A46102190
:10A870000EE042F6010307A940468DF81C60ADF8D2
:10A880001E300BF02FF80028C9D010232A46194695
:10A8900020460BF028FD00200CB0BDE8F0812046DA
:10A8A0000BF040FCF7E71120F6E70420F4E70E2058
:10A8B000F2E700BF0DAE03002DE9FF410368044637
:10A8C0000D46186801210CF0F3F840B904F14C0072
:10A8D0000BF0FAFCA0BB122004B0BDE8F0811022FE
:10A8E000002168460EF0E6F821212046FFF73CFFE4
:10A8F000029038B3009405F10C074FF001082B8A41
:10A90000012B04D8029920460BF00CFC18E03846C5
:10A9100009F022FE6B460C4A8DF80C800146064673
:10A920000BF0AEFC9DF80C30002BE8D00298FBF742
:10A93000AFF99DF80C303246202120460BF0D3FCB5
:10A940000020C9E71120C7E7396504002DE9FF4160
:10A95000036804460D46186801210CF0A9F840B9B7
:10A9600004F14C000BF0B0FCA0BB122004B0BDE819
:10A97000F0811022002168460EF09CF80F2120463D
:10A98000FFF7F2FE029038B3009405F10C074FF088
:10A9900001082B8A012B04D8029920460BF0C2FB38
:10A9A00018E0384609F0D8FD6B460C4A8DF80C804B
:10A9B000014606460BF064FC9DF80C30002BE8D0F5
:10A9C0000298FBF765F99DF80C3032460E212046BF
:10A9D0000BF089FC0020C9E71120C7E7BD65040022
:10A9E000F0B51D46036885B004460E46186801217F
:10A9F00017460CF05DF838B904F14C000BF064FC1C
:10AA000050BB122005B0F0BD65B31022002168468E
:10AA10000EF050F839462046FFF7A6FE029018B314
:10AA2000BDF82830ADF8043001238DF80C302946EC
:10AA30006B460E4A009428460BF022FC9DF80C3021
:10AA400002995BB10846FBF723F99DF80C302A46C2
:10AA5000314620460BF047FC0020D3E720460BF0A0
:10AA600061FBF9E70120CDE71120CBE7BD650400CC
:10AA70002DE9F0410E8A043EF6B2022E04468CB057
:10AA8000084601D0102E76D104210C3009F054FD77
:10AA90000DF1040805884788011D324640460AF03A
:10AAA0004EFF002869D085B377B3BD422DD86068CA
:10AAB00001210BF0FDFF064678BB8DF8000042F641
:10AAC000020369464046ADF802300AF00BFF20B39E
:10AAD00042F6030306A940468DF81860ADF81A3017
:10AAE0000AF000FFC8B1012D03D14FF6FF739F425A
:10AAF00013D004F14C000BF0E7FB002814BF00203A
:10AB000012200CB0BDE8F0813D4601232A46082101
:10AB100020460BF0E8FB0020F3E7182200210DEBA4
:10AB200002000DF0C7FF09212046FFF71DFE089027
:10AB3000F8B101210C30CDE9064809F0BCFC002336
:10AB4000099003700A238DF82C30394606AB0C4A65
:10AB500028460BF095FB9DF82C3008992BB1084640
:10AB6000FBF796F89DF82C30D0E720460BF0DAFA88
:10AB7000D1E71120C5E70420C3E70E20C1E700BFDD
:10AB8000C5AE03002DE9F0430F4687B00446062109
:10AB900007F10C0009F0D0FC0588EDB1B0F8028097
:10ABA000B8F1000F17D0454516D8002382888DF8DC
:10ABB00000308DF8043001A94FF420536846D7F8CF
:10ABC0000C90ADF80220ADF806300AF08BFE064678
:10ABD00060B10A2301E0454601232A4606212046AA
:10ABE0000BF081FB002007B0BDE8F0830146142282
:10ABF00001A83F7C0DF05EFF07212046FFF7B4FD62
:10AC00000290D8B10A238DF81530414601AB0C4AA9
:10AC100001942846CDE903698DF814700BF030FBE0
:10AC20009DF8153002992BB10846FBF731F89DF8D5
:10AC30001530D2E720460BF075FAD3E71120D2E7A2
:10AC4000B1AC03007FB5CB681D8804468DB15E882A
:10AC500076B1B5420DD81022002168460DF02AFFCA
:10AC600005212046FFF780FD019058B9112007E02B
:10AC7000354601232A46042120460BF034FB0020F0
:10AC800004B070BD6B463146084A009428460BF06C
:10AC9000F7FADDE9011323B90846FAF7F9FF0A23A9
:10ACA000E8E720460BF03EFAE9E700BF4161040007
:10ACB0002DE9F04391B0D2F8008006460F460025FA
:10ACC00042F601030068D8F804908DF82C500BA9C7
:10ACD0001446ADF82E300AF005FE00286DD04FF472
:10ACE000205330688DF82C500BA9ADF82E300AF0A7
:10ACF000F9FD38B1A3681BB15A88BA4200D25F800F
:10AD0000012010E0616808460BF08AF9B8F82A20A3
:10AD1000B8F81A309A4294BFC0EB0200C0EB0300AF
:10AD2000032803D8002011B0BDE8F083084609F0DD
:10AD300089FB6168054608460BF072F96B8A2A8A1E
:10AD4000A3EB020C6B69EA68D21AACEB0203B8F809
:10AD50002AC0B8F81A20944594BFC0EB0C00C0EB91
:10AD60000200834228BF03466BB9887AFAF7E8FEEF
:10AD70000022002309F033FB05460028D2D001460B
:10AD8000606809F070FB00230093D6F80480314618
:10AD9000102302AA4846C047061E0EDB227CE0684C
:10ADA000964227D001460BA80AF0C9FD40B9237C82
:10ADB000134A1448022109F0B6F90023A3609FE763
:10ADC000F2B202A906A80AF0BAFD10B90E4A33463B
:10ADD000EFE706A90BA80AF085FD0028EDD10023B6
:10ADE0006374042105F10C0009F065FBA060078085
:10ADF000A36884E7324602A90DF064FEEDE700BFC8
:10AE00000DB30400449004002CB304002DE9FF416D
:10AE100005460E464FF000084FF4205300681768AF
:10AE20008DF8088002A91446ADF80A300AF05AFDE0
:10AE3000A0B142F6010328688DF80C8003A9ADF893
:10AE40000E300AF04FFD48B123691BB15A88B24257
:10AE500000D25E80012004B0BDE8F08161682868FE
:10AE60000AF040FD10B100232361F3E7E368A06816
:10AE70001A786AB1B7F81AC0798D038A8C4594BFE5
:10AE8000C3EB0C03C3EB0103934201DA0020E2E7BA
:10AE900004210C3009F00FFB2061068023695E80DD
:10AEA000074B00930194A2680023294638460BF013
:10AEB000BAFA0028EADB2069003818BF0120CAE787
:10AEC000616204002DE9F34717680546894600686A
:10AED0005168D7F804A014460AF004FD8046002803
:10AEE0004BD19522294650460BF08FFD0646207522
:10AEF00040B1E3681B780BB184F81480002002B0E5
:10AF0000BDE8F087294650460BF0D5FD10B908235F
:10AF10002375F3E7A068267509F094FA02210C3036
:10AF200009F0C9FA164B2061A0F800900093019433
:10AF3000A2683346294638460BF075FA002807DA2E
:10AF400010F1FF0F26BF4042C0B20E202075D5E79A
:10AF50002369002BD2D0A0680BF062F87B8D7A8B2E
:10AF60009A4294BFC0EB0200C0EB0300E3681B7879
:10AF7000984294BF00200120C1E70120BFE700BF35
:10AF8000316004002DE9F04182B000AF04468846EC
:10AF90003E4800220023394604F0CCFD0546B0B1FE
:10AFA0006D4688B06A463A4BCDE90534032342F832
:10AFB000103F384800234FF4C251F9F759FBAD4612
:10AFC0006FF00B0630460837BD46BDE8F081FAF752
:10AFD000D3FB314B1A58314B38681A60294624226A
:10AFE0000DF068FD3B682E481C603C687D60C4E93C
:10AFF0000155C4E9075500220023391D04F09AFDCC
:10B00000064688B123686C4688B06A462549CDE972
:10B010000513032342F8103F1E482B464FF4C4513A
:10B02000F9F726FBA546CBE70146A02278680DF08C
:10B0300041FD78681C4B836054300DF083F97B68C8
:10B04000BFF35B8F4C3353E8002F43E800610029C6
:10B05000F9D1BFF35B8F7B681C60E3697D681BB926
:10B0600004F10C000DF06EF9E269C5F89820226A2F
:10B0700005F19803E36102B923627B6817225A85C0
:10B080005A830433C8F800309CE700BFA4070020AF
:10B090004BB304004490040008000000A42F0020DB
:10B0A000C007002070B304001005002008B5837AA3
:10B0B000072B06D00C4A02210C480AF0C9FF0020D9
:10B0C00008BD04210AF097FF10B9094A0121F3E7EE
:10B0D000BFF35B8F836CBFF35B8FDB0701D4054A43
:10B0E000F4E750F8040CEBE795B304004490040037
:10B0F000A3B30400E5B104002DE9F04F85B000AF23
:10B10000B860EFF31188402383F31288BFF36F8F89
:10B110005B4D28460AF07AFF2E68044688F31188B2
:10B12000BFF36F8F00285FD0FAF712FD5549182240
:10B1300002FB00F3C81851F803A00369FB6000216B
:10B14000D0E9025890F80490B0F806B00DF0B2FCC7
:10B15000A07AFAF7F5FC6169034659B1627AD00723
:10B1600006D4DA697B6012682046926890477B6853
:10B1700000226261214618460DF0F7F8B9F1000F80
:10B180000DD065B12B6853B11B6843B1BAF1000F04
:10B190002ED03D4A3D485346012108F0C4FF1EB35E
:10B1A000B96800200DF093F900281DDA6C468AB0CA
:10B1B0006A46374B0593374BCDE906304FF40073A1
:10B1C000ADF82030344B42F8103F304800234FF4A4
:10B1D0001151F9F74DFA0023A54683F31188BFF307
:10B1E0006F8F0323184602DF1437BD46BDE8F08F8A
:10B1F000281D0BF013FA4846FFF78AF80528CED829
:10B2000001A353F820F000BF51B2030021B20300A4
:10B210009FB1030051B203009FB1030021B20300AC
:10B22000BFF35B8FEB6CBFF35B8FDA0705D41B4A70
:10B23000164801210AF00CFFB1E72B6D002BAED0B0
:10B240004FF47022002305F1680005F0E9F8A6E745
:10B250002B68D3F80090BFF35B8FEB6CBFF35B8F71
:10B26000DB07E4D5B8F1000F99D0002403E0F968BA
:10B270004846C0470134A3B29B45F8D88FE700BFCA
:10B28000542F00205C2F0020BEB304004490040023
:10B29000DDB3040003BC040004000001E5B10400B8
:10B2A000F8B50F461646FFF701FFB0B1C469204656
:10B2B0001CB150F8984904B1983C731C194638B138
:10B2C000428B458DAA4228BF2A469A4207D264B9CA
:10B2D0000A4A0B48022108F026FF0020F8BD32463A
:10B2E0003946BDE8F840FFF71DB9D4F8985005B1CC
:10B2F000983D20460B462C46E2E700BFF8B3040019
:10B300004490040007B50B4602460021FAF734FAD0
:10B3100001910E4909580E480068884204D00D4832
:10B32000D0F88800884201D10022134601A90A48BA
:10B3300004F000FC014638B9019810220DF0BAFB68
:10B34000019803B05DF804FB0020FAE70800000054
:10B35000A42F002098270020DC07002010B5044609
:10B36000806818B1FAF794FC0023A36021460248D4
:10B37000BDE810400CF0FFBEDC0700202DE9F743CC
:10B38000044668300F4690461E460DF0DDF8206DED
:10B3900050B9154A154802210AF05AFE204603B05A
:10B3A000BDE8F04300F08AB8114B98424FF000031B
:10B3B00017D045684360206DD0F80C90FFF7CEFFA2
:10B3C0000023206823650BF05EF93DB12068CDF8BD
:10B3D0000090006843463A463146A84703B0BDE8AE
:10B3E000F0831D46ECE700BF13B404004490040052
:10B3F000A82F0020F7B550F8044C0546002C59D072
:10B4000000F1940104F11C000AF045FF2E1F05F124
:10B41000500700220023384604F046FD024678BB60
:10B42000EB6C2BB101466FF067033046FFF7A6FFC8
:10B43000002345F8043C05F14803BFF35B8F53E854
:10B44000001F21F0010143E80012002AF7D1BFF3E9
:10B450005B8FE36973BB04F10C06002200233046C6
:10B4600004F022FD78B9666886B913482660214643
:10B470000CF081FE286803B0BDE8F04000F0DCBDB0
:10B48000FAF706FCC5E7FAF703FCE6E7A2683368BB
:10B490006360964208BFA36077683FB1F36800938A
:10B4A000002320681A466FF06701B8473046FFF75F
:10B4B00055FFD8E703B0F0BDA407002010B504463F
:10B4C0000430FFF797FF606813210AF062FC03461F
:10B4D00030B1044A0448BDE81040012108F023BE01
:10B4E00010BD00BF2AB4040044900400F0B5044627
:10B4F00089B054F8683D00AF19683846FEF7B4FBD0
:10B500006E4688B06A460B4BCDE905374FF40073A1
:10B51000ADF81C30084B42F8103F00234FF4E251C5
:10B520000648F9F7A5F82046B546FFF7C7FF2437C8
:10B53000BD46F0BD48B4040003000001449004007F
:10B54000F8B51D460F461646FAF702FB044C1823C1
:10B5500003FB0040C0E903760123C3800575F8BDF5
:10B560005C2F002010B5074C2378834208D10722B6
:10B57000601C0DF0A7FA00280CBF2046002010BD6B
:10B580000020FCE7823700202DE9F04180460F467D
:10B5900016461D46FFF7E6FF0446A8B91449FFF713
:10B5A000E1FF044630B9134A1348BDE8F0410121D8
:10B5B00008F0B0BD034603F8018B3A68C0F80120DB
:10B5C000BA889A80BA799A7123892BB962892AB983
:10B5D00026816581BDE8F0819E4204D36289AA423A
:10B5E000F8D29E42F5D263892681AB42F2D2F0E7CF
:10B5F000AFBB04007BB40400649004000C48BFF3AC
:10B600005B8F50E8003F23F0020340E80032002A3D
:10B61000F7D1BFF35B8FBFF35B8F0368BFF35B8F23
:10B62000DB0704D500220023303804F0F9BE704750
:10B63000801E00202DE9F041254B164682689A4273
:10B64000074602D1C46863892BBB0120BDE8F081A5
:10B6500006F17008307A41460AF08AFA88B91D4B23
:10B660009C4202D130460BF0FFF81B4B1A68C4F81D
:10B6700001209A889B79AB710023AA8023702381D3
:10B680001EE0336FC4F80130B8F80430AB8098F88E
:10B690000630AB7114E0238993B12546304615F886
:10B6A000011B2A460AF095FB0028D1D120782946B3
:10B6B000FEF764FA20B1857AFDF764FE072DC4D049
:10B6C000E36800216181002BBFD038469847BCE772
:10B6D00009B7030050050020AFBB040010B54B1C98
:10B6E0000C4630B109781A460AF073FB40B1204687
:10B6F00010BD0449072218460DF0E4F90028F6D0E1
:10B700000020F5E7AFBB04002DE9F8431E46BDF865
:10B710002030D1F80C8081460F46002B50D1731E8B
:10B72000012B50D8012E41460CBF15781588FFF724
:10B73000D5FF0446F0B915B93046BDE8F883414657
:10B74000FFF7CCFF044638B92048214A022108F00F
:10B75000E1FC6FF01000F0E7D9F87030C0F801306C
:10B76000B9F87430A0F8053099F87630C37199F8BB
:10B7700008300370D8F81030B3B92581B8F80A3012
:10B78000AB4203D0414638460BF042F8002DD3D1EE
:10B79000104B25701A68C4F801209A889B79A4F888
:10B7A0000520E3712581C7E72A4639464846984770
:10B7B0000028C2DB01380128DFD96FF00D00BCE79B
:10B7C0006FF00600B9E76FF00C00B6E76490040074
:10B7D0009AB40400AFBB040010B4194ABFF35B8FE6
:10B7E00052E8003F43F0010142E800100028F7D181
:10B7F000BFF35B8FDB0721D4BFF35B8F52E8003FC1
:10B8000043F0020142E800100028F7D1BFF35B8F3C
:10B8100013F0020307D10B480B4902880B4CA142DD
:10B8200006D303B102800A490A4810BC0CF080BE5E
:10B830004B681A4492B208310123F0E710BC7047FC
:10B84000D02F00208E370020249004003C9004006C
:10B85000A1BC0300501E00202DE9F041034648B171
:10B86000008A38B91249DFF84CE001244FF0140C7B
:10B87000714501D3BDE8F081D1E90076BB4204D324
:10B880000CFB0672143A93420ED93444A2B208312A
:10B890001446EDE70CFB0578434507D001356219E6
:10B8A000AE4292B2F6D1F2E70025F8E71046E1E7A2
:10B8B000249004003C9004002DE9F74FBDF830506F
:10B8C000009199464FF6FF73002D08BF1D46244B8B
:10B8D0001B888342074690463CD203B0BDE8F08FF8
:10B8E00073682344BB4232D29CB208361D4B9E4241
:10B8F000F6D3F2E789580193404609F0F3FF019B24
:10B9000090B101340AF1010AA4B273685345ECD92D
:10B91000009B9C42E1D8BC42F3D331680BFB0AF296
:10B920008B18B8F1000FE5D1B9F1000F0BD1013D33
:10B93000ADB218460E9A0D9B21469847002DCCD0EB
:10B940000028DED1C9E7DA689145DAD1EFE74FF098
:10B95000000ADAE7044E01244FF0140BC6E700BFDB
:10B960008E3700203C9004002490040007B500238B
:10B970000193FFF771FF411C89B20846034A01ABEE
:10B980000BF038F8019803B05DF804FBD5670400AC
:10B990002DE9F04387B0837A072B02AF80460C462F
:10B9A000154640F0A68000233B73206842F603034F
:10B9B00007F10C01FB8109F095FF0646002834D100
:10B9C000D4F80490B9F1000F05D14C4A4C4801213C
:10B9D00008F0A0FB8DE00123009007F1080221464A
:10B9E000C847031E11DA6D4688B002AA4549D361E3
:10B9F0000423C2E9051442F8103F414833464FF48E
:10BA00000151F8F735FEAD4673E0012B05D03E4AF3
:10BA10003B48012108F087FB6BE03B7A13F0300FC5
:10BA200067D02046FFF7A2FF0446002320683B733F
:10BA300007F10C0142F60213FB8109F053FF18B124
:10BA40002046FFF793FF0446002642F602192068BD
:10BA50003E703946A7F8029009F044FF18BB002356
:10BA600020683B7307F10C0142F60213FB8109F0D9
:10BA700039FF064600283CD1D4F80490B9F1000FF4
:10BA8000A3D00090022307F10C0221464046C8478C
:10BA9000031EA8DB022BBAD1BB8905EA03000038DC
:10BAA00018BF012026E020683E7142F60303391DCD
:10BAB000FB8009F017FF0028D1D020683E724FF4B8
:10BAC000205307F108017B8109F00CFF0028C6D044
:10BAD00020683E7342F6010307F10C01FB8109F077
:10BAE00001FF0028BBD02046FFF740FF0446002896
:10BAF000ADD100201437BD46BDE8F083B4B40400D6
:10BB000064900400C8B40400EEB404002DE9F843C6
:10BB100089465168B1F8128018F094080746154616
:10BB20003CD10222FFF734FF00283AD04FF47020B6
:10BB30000021AE8AFFF7E6FB0236044660B11A4BDD
:10BB40004360C56032461D213846FFF7A9FB064613
:10BB500038B92046FFF702FC6FF00B052846BDE818
:10BB6000F883012342464146FFF7EAFCA98A06F121
:10BB70000C00023108F09FFC20F8029BAA8A296978
:10BB80000CF071FFA660214638460AF006FE054615
:10BB90000028E3D02046FFF7E1FBDFE74FF0FF3559
:10BBA000DCE76FF01505D9E7DB67040070B50446E4
:10BBB0008AB00D46374BBFF35B8F1B68BFF35B8FBB
:10BBC0005A0761D510B1837A072B60D16E6805964C
:10BBD0003046FFF741FE2A68ADF8180032B305A9D8
:10BBE00002912D4901910121002300914FF6FF712F
:10BBF0000593FFF761FE059E1EB96FF001000AB0C4
:10BC000070BD6E60002330688DF8103004A942F6D4
:10BC10000303ADF8123009F065FE70B90598C368EA
:10BC20009B799B0605D46FF01500E8E70028E9D161
:10BC3000E3E70AF090FEADF81800BDF818003CB13B
:10BC400001230146AB752A462046FFF75FFFD6E782
:10BC50006FF07F0307930223ADF8203042F6021302
:10BC6000ADF8123005ABAC7502930C4B0193012378
:10BC7000009304AA23464FF6FF7109958DF81040F2
:10BC8000FFF71AFE0798BAE76FF00A00B7E76FF000
:10BC90007F00B4E72402002009680400EDBE030021
:10BCA00013B550F8082C01920346A0F1200100F1D1
:10BCB0003004BFF35B8F54E8002F22F0010244E808
:10BCC00000200028F7D1BFF35B8F114A43F81C2CEA
:10BCD000104A43F8182C01AA002043F8102C042223
:10BCE00023F8080C23F8060C23F80C2CFFF75EFF52
:10BCF00058B9BFF35B8F54E8003F43F0020344E8B8
:10BD00000032002AF7D1BFF35B8F02B010BD00BF35
:10BD1000C0970400FDB50300F8B5304B8168994227
:10BD200000AF044621D1C66815683389EBB13246AD
:10BD3000284612F8011B0AF04CF8B0B14FF4957286
:10BD4000214628460AF061FE032811D16D4688B0CD
:10BD50006A46234BCDE9053442F8100F21480023F1
:10BD60004FF4C451F8F784FCAD460120BD46F8BD40
:10BD7000314620460AF04CFD1B4B9E42F5D1287AF5
:10BD800005F17001FFF7EEFB04460028EDD00389B2
:10BD900013B94389002BE8D02846FDF751FC134B1B
:10BDA000228923F8202003EB8003628910495A80FE
:10BDB000182202FB00110F4A4A600B610E4A8A608A
:10BDC000042328468B82FFF7F1FE0028CDD00B4AD2
:10BDD0000448012108F09EF9C7E700BF09B7030036
:10BDE00007B5040064900400500500207E37002051
:10BDF000B82F0020C0970400416804001BB5040060
:10BE000070B504468AB00D46354BBFF35B8F1B6897
:10BE1000BFF35B8F5A075DD510B1837A072B5CD1D6
:10BE20006E6805963046FFF717FD2A68ADF81800D2
:10BE300032B305A902912B49019101210023009100
:10BE40004FF6FF710593FFF737FD059E1EB96FF0A2
:10BE500001000AB070BD6E60002330688DF81030AC
:10BE600004A942F60303ADF8123009F03BFD70B9A6
:10BE70000598C3689B79DB0605D46FF01500E8E7E9
:10BE80000028E9D1E3E70AF066FDADF81800BDF837
:10BE900018002CB101462A4620460AF0D4FDD8E706
:10BEA00042F60212ADF8122005AA6FF07F0302924B
:10BEB0000D4A07930123CDE90032ADF8203004AAE2
:10BEC00023464FF6FF7109958DF81040FFF7F4FCFB
:10BED0000798BEE76FF00A00BBE76FF07F00B8E796
:10BEE0002402002009680400EDBE0300F8B5364BBB
:10BEF000154682689A42044601D00120F8BDC76801
:10BF0000324B9F4246D03A89AB899A42F5D13946A5
:10BF100011F8010BFDF732FE06460028EDD0837ABA
:10BF2000072B05D0FDF72EFAE7E7FDF72BFAEAE736
:10BF30007B6923B12146984708B93046F2E7648A05
:10BF400014F09404F9D1AB89022B16D13C8914F07A
:10BF500002040AD02A69A9883046FFF7D7FD0446B3
:10BF600018B92A69937D013393753046FDF70AFAB3
:10BF7000002CAC60C1DA0020C0E7012BF5D13C8970
:10BF800014F00104F1D02A69A98830460AF05BFD5B
:10BF90000446EAE70E4E0F49072230460CF092FDA8
:10BFA0000028B0D016F8010C07223146FDF73AFE02
:10BFB0000028BAD12B6916F8010C1A69314653884A
:10BFC0001288FFF7E1FA9EE709B703005005002049
:10BFD00083370020AFBB040007B5064A00906B46CC
:10BFE00001204FF6FF718DF804000AF003FD03B045
:10BFF0005DF804FB19BD03002DE9F0410D4B1B68F2
:10C0000006460F46904623B153F8044904B1043C58
:10C010000BB9BDE8F0811B681BB14246394630467A
:10C0200098472CB1656805B1043D23462C46EFE7DF
:10C030002546FAE7D42F00200346034A4FF6FF7146
:10C0400001200AF0D7BC00BF35B603007FB54FF41E
:10C050002052ADF8162004AA02920B4A00230120B8
:10C06000CDE900324FF6FF7105AA04938DF8143024
:10C07000FFF722FC049B012B14BF6FF0150000207A
:10C0800007B05DF804FB00BFBF6A040080B500AFD5
:10C0900088B06A46074BCDE90530032342F8103FCC
:10C0A000054800234FF4C251F8F7E2FA6FF00B0095
:10C0B000BD4680BD40B504009490040008B5064A12
:10C0C000136823B9054850600A60184608BDFFF799
:10C0D000DDFF6FF00B00F9E7DC2F0020E89704008C
:10C0E000F8B5036900AF0C4603F1A005BFF35B8F01
:10C0F000D3F8A030BFF35B8FC3F38003994218D10C
:10C10000184A194B6E4688B0002918BF13466A4674
:10C110001649CDE905134FF40073ADF81C30144BEC
:10C1200042F8103F134800234FF4E451F8F7A0FA07
:10C13000B546BFF35B8F5CB155E8003F43F00403A5
:10C1400045E80032002AF7D1BFF35B8FBD46F8BD4A
:10C1500055E8003F23F0040345E80032002AF3D0FD
:10C16000F6E700BFA9B604006CB5040073B504007F
:10C1700003000001249104002DE9F0470546D0F8A2
:10C1800008A0894690461F460AF035FD0446C0B116
:10C19000067DF30709D5037E1648174A012107F0EB
:10C1A000C2FF6FF07700BDE8F0873B464246494644
:10C1B0000AF0DBFC40B9237E104A0E48012107F04B
:10C1C000B2FF6FF01200EEE79DF8203084F819807E
:10C1D00026F00606678323772675DAF8183021469D
:10C1E00028469847227DB0FA80F35B0963F300028A
:10C1F0002275D8E72491040085B504009FB504009A
:10C2000070B5054686680AF0F6FC0446D0B1037D99
:10C21000DB0708D4037E0D480D4A012107F083FF98
:10C220006FF0770070BD0146F3692846984738B132
:10C23000237D03F00103227D63F300022275F1E701
:10C240000346F8E76FF01200ECE700BF249104000A
:10C25000C1B50400F8B587680546FB6B0C469847E6
:10C2600028690AF0B6FCD0B1214628460AF0C3FC82
:10C270000646B8B1037D9B0705D0037E0B4A0C48E8
:10C28000032107F050FF346824B1BB6831462846CB
:10C290009847044628463B6C98472046F8BD4FF027
:10C2A000FF34F7E76FF01204F4E700BFDCB50400D9
:10C2B000249104002DE9F341D0F808801746D8F8FE
:10C2C0003C3005460E4698470C480022002339466C
:10C2D000F9F760FC044670B9094A0A4800963B46E3
:10C2E000012107F02AFF2846D8F840309847204619
:10C2F00002B0BDE8F0810676F5E700BF040A002031
:10C30000FDB504002491040010F0080F0B4B42B25D
:10C310000CD100F00F00002A4FF0140202FB003392
:10C32000B4BFD3F80806D3F808077047002AB4BF93
:10C33000D3F8A806D3F8A807704700BF00700240E2
:10C34000F8B50246EFF31181402383F31288BFF35F
:10C350006F8F00F008050AF06AFF01248440570639
:10C360006FEA04061BD0D5B9174F3B6823FA00F0DB
:10C37000C00714D533403B6053B2DB4322F080004A
:10C38000DB0F00F2DA301B0103EB40030F48C0F86B
:10C390000038D0F8043843F00203C0F804380C48E1
:10C3A00003683340036035B90A480368120654BF76
:10C3B000334023430360054BC3F86C4481F3118879
:10C3C000BFF36F8FF8BD00BF7C30002000700240CB
:10C3D0008030002084300020EFF31180402383F36D
:10C3E0001288BFF36F8F0A4BD3F8001C032261B988
:10C3F00049F27531C3F8001CC3F8142DC3F8001CB2
:10C4000080F31188BFF36F8F7047C3F8142DF7E7DF
:10C4100000E00640EFF31180402383F31288BFF35E
:10C420006F8F0A4BD3F8001C61B949F27532C3F81B
:10C43000002CC3F8141DC3F8002C80F31188BFF33F
:10C440006F8F70470022C3F8142DF6E700E0064016
:10C4500070B502460AF0EBFEEFF31185402383F33B
:10C460001288BFF36F8F531E0124062B04FA00F4C9
:10C470000FD80E4E0E4B31681B680B43C34013F0B0
:10C48000010306D10B4802F59472214340F8223093
:10C490003160094A136823431360084B8022C3F8B4
:10C4A000042185F31188BFF36F8F70BD7C300020AD
:10C4B00084300020007002408030002000E100E065
:10C4C000F8B50306044623D410F0080720D100F085
:10C4D0000F02920002F1804202F51C32D2F844347D
:10C4E000B3B1EFF31186402383F31288BFF36F8F4C
:10C4F0000AF09DFE084DC2F8A074012303FA00F172
:10C500002B6823EA01032B6086F31188BFF36F8F3A
:10C51000024BC3F81845F8BD84300020007002407B
:10C5200010B591F91800154B0A7E0028B4BFD3F856
:10C530001045D3F8144502F00F0201239340234223
:10C540000DD10E4A0028B5BFD2F81005D2F8140557
:10C5500003430343B4BFC2F81035C2F814350B7E51
:10C560001A0709D4054AC2F80C3543F48073C2F89F
:10C570000C35087EFFF7A4FF002010BD00700240BC
:10C580000B7E064A13F07F0F0BBF012343F4807329
:10C590005365C2F818350020704700BF0070024094
:10C5A00070B506460D460AF026FB04460AF02CFB41
:10C5B00028BB20460AF04BFB08B3802D16D1437EE2
:10C5C0009A0744BF0E4A15705B070FD50D4B1B78B9
:10C5D00013B90D4B01221A6520460AF034FB0022E4
:10C5E00001463046BDE870400AF04ABB2846FFF7D6
:10C5F0002FFF20460121BDE870400AF009BB70BD45
:10C600001A3800201F3800200070024070B506461E
:10C610000C460AF0F0FA05460AF0F6FA20BB284666
:10C620000AF015FB0146F8B1ACB9437ED8071BD41C
:10C630009A0704D50D4B1C700D4B0122DA644B7E1A
:10C640005B0708D50B4B1B7873B130460022BDE861
:10C6500070400AF015BB2046FFF7FAFE284601217C
:10C66000BDE870400AF0D4BA70BD00BF1A3800208F
:10C67000007002402038002008B5054A0548032113
:10C680000AF0DDFD0BF0A5FC03F01CF8002008BD4E
:10C690002BB604002C91040010B54468206801F00A
:10C6A000C5F8104B1860104B1B782BB10F4B0022B4
:10C6B000186811460AF0D8FA002201212720F8F75D
:10C6C00055FF201D02F0CCFF04F1080003F006F82E
:10C6D0000BF078FC064A074803210AF0B0FD002061
:10C6E00010BD00BF343000201C38002088300020EE
:10C6F00034B604002C910400012810B503461AD06A
:10C7000002280AD000BB144B0246014618680AF002
:10C71000ABFA124B01221A700CE0114B114C0022A3
:10C720001A70114BC4F800332720F8F7EFFE0123ED
:10C73000C4F8043510BD084B0022014618680AF001
:10C7400093FA064B0022E6E7084A0948BDE8104084
:10C75000012107F0E8BC00BF883000201C38002011
:10C760001B38002000700240FDFFDF0140B60400CE
:10C770002C910400014601480CF063B9E408002044
:10C7800008B5054B1970054B1B7813B10420FFF752
:10C79000F1FF002008BD00BF1D3800201E3800201A
:10C7A00010B50469087E0D4A0AF041FD012303FA21
:10C7B00000F013680343136004F0A4F84020FFF76F
:10C7C000D9FF4FF0FF324FF0FF3304F184010448EA
:10C7D00003F066FE04F0AAF8002010BD78300020B7
:10C7E000000900202DE9F043064689B007694D4A4B
:10C7F0004D4803210AF023FD4C4B1E6007F18400D5
:10C800000BF018FD00220023CDE9062300246FF071
:10C810000703CDE90334CDE90144454B4549009672
:10C820004FF40072444803F0B7FEDFF8108144492A
:10C8300041480BF0AFFED8F81020424B134043F4B0
:10C84000820343F04003C8F81030C14688F818400E
:10C85000414630460AF0E1F93B4B3C4A054678B187
:10C860003B4A314801210AF0EAFC284609B0BDE8FC
:10C87000F083016919401143016108F12008E5E7DF
:10C880000134092C10D009EB4410082C817C41F0B4
:10C8900040018174EDD1D9F810112E4808402E497D
:10C8A0000143C9F81011E8E72C4C2D4B22691340C5
:10C8B00043F4041343F0400323618046A14668F02B
:10C8C0007F012176304621460AF0A7F91E4B1F4A08
:10C8D00005460028C4D108F10108B8F1090F17D0A6
:10C8E00009EB4810B8F1080F817C41F020018174F8
:10C8F00008D1D9F810111748084017490143C9F861
:10C90000101103E001691940114301612034D6E799
:10C9100097F8803023F0720343F0720387F8803079
:10C92000A3E700BF57B604002C9104008830002014
:10C930000DCA030000480020881E0020AC310020F2
:10C940005FB604000000BEFF0000F9FF40000600D3
:10C9500068B604000000F7FFFF0108008C300020DB
:10C960000000DEFF10B50C46204611460AF071F9B2
:10C97000207E0AF05CFC014603480AF062FC0120BC
:10C98000FFF7F8FE002010BDD032002008B5064A9F
:10C990000B7EC2F80C3543F48073C2F80C35087E68
:10C9A000FFF78EFD002008BD0070024010B50C7E20
:10C9B0004FF0FF324FF0FF33114803F0DBFA20460F
:10C9C000FFF7BEFC04F00F02012393400D4A14F060
:10C9D000800F14BFD2F81015D2F814156FEA0303B4
:10C9E00015BF0B400B40C2F81035C2F8143504488F
:10C9F00003F08CFA044B8022C3F80421002010BD00
:10CA0000B40800200070024000E100E02DE9F04F82
:10CA1000BF4D85B004464FF0FF384FF0FF3900227C
:10CA2000CDE900894FF0FF31BA480CF011F8B94850
:10CA30004FF0FF310CF008F80746380733D5B64AF7
:10CA4000B64803210AF0FBFBB54842464B4603F0CB
:10CA500091FAEFF31182402383F31288BFF36F8FB3
:10CA6000B04B1B787BB1D5F8003413F400730AD1B6
:10CA70000121C5F82C15D5F82C15D5F80014890519
:10CA800048BFC5F82C3582F31188BFF36F8FA448D7
:10CA900003F03CFA01212046FFF722FB002203218C
:10CAA00020460AF0E1F8FE060DD59F4A9B48032177
:10CAB0000AF0C5FB00212046FFF712FB00220221ED
:10CAC00020460AF0D1F8B8060DD5984A93480321BC
:10CAD0000AF0B5FB00212046FFF702FB00220221ED
:10CAE00020460AF0C1F8B90761D4FA0710D5BFF3A0
:10CAF0005B8F8F4B002253E8008F43E80021002911
:10CB0000F9D1BFF35B8F0126B8F1000F40F0C08070
:10CB1000790734D5874B4FF0000C83F800C0D5F867
:10CB20008004C0B28DF80800D5F88414C9B28DF81D
:10CB30000910D5F88834D5F88C2443EA02239BB237
:10CB4000ADF80A30D5F89024D5F8946442EA06226C
:10CB5000ADF80C20D5F89824D5F89C6442EA06225A
:10CB600092B2754EADF80E20002840F0AA8005293B
:10CB700040F0A78001213170002A00F0AE807B06D2
:10CB80007FF549AF206984304FF0FF324FF0FF331B
:10CB900003F0C8F8694E3168002940F0DD8068482C
:10CBA00003F044FC2069843003F02EF933E7654B31
:10CBB000BFF35B8F002253E8008F43E80021002978
:10CBC000F9D1BFF35B8F4FF0010AB8F1000F8CD0A1
:10CBD00098FAA8F3B3FA83F30F2B1E46C6BFA3F14E
:10CBE0001006F6B246F080060AFA03F328EA0308B4
:10CBF0003306314620462FD509F0FDFF83460AF063
:10CC000022F8814650B9504A44483346012107F082
:10CC10008AFA31462046FFF7C3FCD6E70021584682
:10CC200009F0F6FF0022494620460AF029F8802E36
:10CC3000EFD1404B002183F800A02046C5F850A05A
:10CC400009F0D9FF09F0FFFF01460028E1D00022DA
:10CC500020460AF015F8DCE709F0CDFF834609F01D
:10CC6000F2FF814650B9394A2C483346012107F07A
:10CC70005AFA31462046FFF7C9FCA6E7584600217C
:10CC800009F0C6FF00224946204609F0F9FFF0E707
:10CC900098FAA8F3B3FA83F30F2B1946C6BFA3F192
:10CCA0001001C9B241F0800106FA03F30A0628EA2E
:10CCB0000308204602D5FFF773FC25E7FFF7A6FC23
:10CCC00022E7234A86F800C0D5F8703412789A42D9
:10CCD0000AD1204B00221A7014E003F07F03ADF854
:10CCE0000A30ADF80C20F4E71A4A012313703370B0
:10CCF0004FF4A063ADF80830D5F87034ADF80A30C1
:10CD0000CDF80CC002A9204609F0E1FF37E700BFCB
:10CD100000700240E408002084B604002C91040056
:10CD2000B40800201B3800209BB60400B1B60400F4
:10CD3000D0320020203800201F380020783000201A
:10CD400000090020CC320020C9B60400E2B604007D
:10CD50001D3800201E38002091FAA1F7B7FA87F796
:10CD60000F2F3946C6BFA7F11001C9B241F08001AB
:10CD7000204609F040FF804690F818904FF0FF32AF
:10CD80004FF0FF33134803F0F5F84846FFF7D8FAA1
:10CD9000104803F0BBF8104B8022C3F80421414631
:10CDA000204609F085FF0021404609F031FFBFF31E
:10CDB0005B8F0123BB40094ADB4352E8000F184058
:10CDC00042E800010029F8D1BFF35B8F32681340BD
:10CDD0003360E0E6B408002000E100E0CC3200203F
:10CDE0004FF08053D3F83031082B02BF024B0022A2
:10CDF000C3F81C2C704700BF007002402DE9F041C1
:10CE000005464FF0FF324FF0FF33414803F0B2F8D0
:10CE1000404B8022C3F884212720F8F799FBA8B162
:10CE20003D4F3E4B3C681B686FF30F041C434FF0B3
:10CE30000108002C37D13A4E40F2FF133B60272007
:10CE4000C6F80445F8F770FBC6F80043354A137876
:10CE50008BB1334B0021C3F808110121C3F8002620
:10CE6000C3F804165960D3F808110029FBD000213B
:10CE7000C3F8081111702A4B0024C3F80045FFF7CE
:10CE8000AFFF234803F042F821462846FFF7B8F9E0
:10CE9000F0B1254A254801210AF0D1F96FF00405C7
:10CEA0002846BDE8F08194FAA4F6B6FA86F60F2E6D
:10CEB0003346C6BFA6F11003D8B243F08000030783
:10CEC00001D4FFF73DFA08FA06F624EA0604B0E7B3
:10CED00028468021FFF794F905460028D9D1144B44
:10CEE00014491E68304606F0A6FF10F1780F04467C
:10CEF00003D1304606F07BFF0446002CD0DA0E4A00
:10CF00000A482346012107F00EF92546C8E700BF6D
:10CF1000B408002000E100E08430002080300020D0
:10CF20000070024018380020FFB604002C91040065
:10CF3000343000202430002022B704002DE9F04FC7
:10CF4000AD4BDFF8B8A2D3F85421AD4F87B00AB388
:10CF50000022C3F85421D3F8042391021AD5D3F840
:10CF6000C034002B14BF4FF001224FF48072A54B48
:10CF70009B683BB99AF800000AF059F901238340F5
:10CF800022EA03023B6813439F4A3B60136823F085
:10CF900001231360984BD3F8604134B10022C3F8E9
:10CFA0006021D3F86C44C3F86C44D3F828214AB10B
:10CFB0000022C3F82821954B18780AF038F901238C
:10CFC00083401C439AF800509AF900802A0700F128
:10CFD0000B81B8F1000FB4BF8D4B8E4B05F00F02E3
:10CFE000920013441A684AB300221A602846FFF7D9
:10CFF0008BF9894B1A7800F0010050401870FFF748
:10D00000EFFE864B28461A680AF011F9C240D30792
:10D01000064600F12381B8F1000F80F20F81882DC0
:10D0200000F00C81784A01231168B3400B43136070
:10D0300081238AF80030734802F068FF8CB13B68A6
:10D04000714ADFF8DC9124F001210B433B60136847
:10D0500023EA01031360A4B24FF00108002C40F052
:10D060000381654BD3F800217AB10024C3F8004155
:10D070006C4B1C706C4A6D4803210AF0E0F8684B59
:10D0800022461868042109F0EFFD5B4BD3F85821C4
:10D090002AB30022C3F85821D3F80044C3F800444F
:10D0A000E00505D55F4B012208201A70FFF762FBEF
:10D0B000A10505D55B4B002210201A70FFF75AFB23
:10D0C00062050CD5574B1A784AB100221A704A4BA8
:10D0D0000122C3F8082520209A65FFF74BFB464B39
:10D0E000DFF838B1D3F85C31F3B1464B9B681BB91C
:10D0F0009AF800305B0617D03F4B0022C3F85C2142
:10D10000DBF80030404A23F00113CBF800303B68D5
:10D1100023F4803343F001033B601368042023F0C1
:10D1200001131360FFF726FBDBF800403B681C404F
:10D1300000F03381304BD3F82C95B9F1000F40F05B
:10D140002C8130480022002302F014FF002840F018
:10D15000248114F001230CBF94FAA4F393FAA3F3EF
:10D16000B3FA83F30293029B9DF808400F2BC8BFCC
:10D17000103C2B4BCCBFE4B244F08004186821462D
:10D1800009F039FD039009F062FD63B2049304F0E5
:10D190000803059363B2002B064680F29C80039B34
:10D1A000058A5B8BD0F80C80C3F30A039D4240F2E2
:10D1B0008C801D46002608F06043B3F1005F06D066
:10D1C00041461B48DFF868802A460BF04CFC002ED5
:10D1D00000F0B380029B01229A40DBF8003023EA82
:10D1E0000203CBF80030A8E0124B134A33EA2803BD
:10D1F00028BF1346F6E600BF007002401938002031
:10D2000084300020B40800207C3000201A38002030
:10D210000871024030710240183800208030002030
:10D22000883000201B38002039B704002C910400FE
:10D2300038300020507102402C7102406348314662
:10D2400009F0FFFF0220FFF795FAB8F1000FFFF693
:10D25000E9AE013D062D7FF6E5AEE9E6002DF4D1FD
:10D260005B4B0122DA64E3E694FAA4F5B5FA85F59E
:10D2700008FA05F345F080052946D9F8000024EAAC
:10D28000030409F0B8FC09F0E2FC06462846FFF763
:10D290003BF8014606F10C0007F046F9338A002BF3
:10D2A0007FF4DCAE304609F0D6FC18B1304609F008
:10D2B000D6FCD3E6284609F0BAFF0146434809F0F8
:10D2C000C0FF0220FFF756FAC8E609F0C4FC80F060
:10D2D0000106F6B26FE704F008023D4B002A5FD06A
:10D2E000D3F8C03413F4803F08BF9946328AF368FC
:10D2F000758A03EB0208AD1A72699B1AED1A4D4547
:10D3000053D2344A344800954B46012106F015FFAC
:10D31000294606F10C0007F0CEF8039B5B8BC3F3A4
:10D320000A034B457FF456AFF2687169738A521A4B
:10D330009B1A328A93423FF44DAF4FF08053012144
:10D34000D3F83031082B02BF214B8222C3F81C2CAA
:10D35000029B3A688AF8004001FA03F322EA0302CA
:10D360003A6004F008021A4B0ABB049A04F00F0456
:10D37000002A4FF0140202FB0432A9BF0A3403EB67
:10D380008403C2F80087C2F80457AFBF43F82410E3
:10D39000C2F80086C2F80456596007B0BDE8F08FA5
:10D3A00004F5947253F82290A0E74D46B0E7049A32
:10D3B000002AB5BFC3F8A086C3F8A087C3F8A45657
:10D3C000C3F8A457B4BF59629964E6E7CC32002091
:10D3D000007002403FB704002C91040010B5EFF339
:10D3E0001184402383F31288BFF36F8F164B1B7891
:10D3F00003F0FF02CBB11549D1F82C3513B300234C
:10D40000C1F82C354FF08053D3F83031082B0CD1B4
:10D410000F4BD3F8000CC02188B949F27530C3F81E
:10D42000000CC3F8141CC3F8000C84F31188BFF37C
:10D430006F8F002A0CBF6FF00A00002010BDC3F8E8
:10D44000141CF2E71A46F0E71B3800200070024077
:10D4500000E0064073B500220092114640230446C6
:10D46000FEF78AFE024648B1604A6148012109F090
:10D47000E6FE6FF00404204602B070BD0090402329
:10D4800020468021FEF778FE04460028ECD1594959
:10D49000594B4860C860012618688E6006F05CFC35
:10D4A000051E07DA554A52482B46314606F03BFE28
:10D4B0002C46E0E7EFF31185402383F31288BFF396
:10D4C0006F8F4F4B4FF40062C3F8002409F0A1FEA8
:10D4D00008B1FEF781FF4FF08053D3F83031082BAD
:10D4E00018D1EFF31180402383F31288BFF36F8FBD
:10D4F000444BD3F8001CC022002970D149F2753189
:10D50000C3F8001CC3F8142CC3F8001C80F3118866
:10D51000BFF36F8F3A4B0122C3F80025D3F80024E4
:10D520001205FBD54FF40062C3F800244FF080537E
:10D53000D3F83031082B17D1EFF31180402383F358
:10D540001288BFF36F8F2F4BD3F8001C002949D1ED
:10D5500049F27532C3F8002CC3F8141CC3F8002C30
:10D5600080F31188BFF36F8F09F053FE30B1FEF7DF
:10D5700051FF09F04EFE08B1FEF72EFF4FF0805329
:10D58000D3F83031082B1E4B0AD140F2E372C3F8B6
:10D5900000284022C3F80428BFF36F8FBFF34F8FDA
:10D5A0008022C3F81C250122C3F83025164B40F217
:10D5B000FF121A60154B00211960154B1960154BAD
:10D5C0001970FFF70DFC144B197009F022FE08B119
:10D5D000FEF720FF85F31188BFF36F8F4BE7C3F889
:10D5E000142C93E70022C3F8142CB9E75EB70400AB
:10D5F0002C910400243000203430002080B7040037
:10D600000070024000E0064084300020803000209E
:10D610007C300020183800201A380020084B70B5E4
:10D62000C31A0D4607499B10044659430648402239
:10D6300009F04DFE2B4601462046BDE870401847D4
:10D64000E8320020B76DDBB6C08C040073B50C4C1B
:10D650000C4A4023041B00930D460B460A49A410B4
:10D6600061430646094809F05EFE014628B130468E
:10D670002B4602B0BDE87040184702B070BD00BF35
:10D68000E832002093730400B76DDBB6C08C040051
:10D690000022F8B5012105461046F7F767FF10484C
:10D6A00001F060FD0446B8B90AF05DF92F690D4933
:10D6B000384606F03EFB031E09DB01263E642D6959
:10D6C000084905F11C0006F034FB031E02DA1C4673
:10D6D0002046F8BDEE64FBE76FF00404F8E700BFF6
:10D6E00011D803007C9804001FB500220123CDE966
:10D6F00002236C46074A6B46CDE9004409F042FE1E
:10D7000028B94FF480420023684602F033FC04B08D
:10D7100010BD00BFA573040010B5EFF311844023C2
:10D7200083F31288BFF36F8F074A136823F0020157
:10D73000DB07116002D401200AF00FF984F311888D
:10D74000BFF36F8F10BD00BF3833002030B4104BD3
:10D750000C2202FB003301460020D3E90E529863ED
:10D76000EFF31180402484F31288BFF36F8F1C6C99
:10D7700004F0C00444F002041C6480F31188BFF379
:10D780006F8F1DB12B46034830BC184730BC704723
:10D79000E8320020C08C040010B4EFF31180402266
:10D7A00082F31288BFF36F8F17490B6843F00204AE
:10D7B00013F001030C601AD04FF08043D3F80C141F
:10D7C000D3F80C3413F0010311D0EFF3118182F37D
:10D7D0001288BFF36F8F0D4A136C03F0C00343F040
:10D7E0000203136481F31188BFF36F8F012380F369
:10D7F0001188BFF36F8F1BB110BC0020FFF7A6BFCD
:10D8000010BC012001F09EBC38330020E83200201B
:10D8100010B1012804D07047034B1B6C5B0701D18A
:10D82000FFF794BF704700BFE8320020024AC3B23E
:10D830001C2000FB03207047E83200202DE9F04156
:10D840003849BFF35B8F8046012251E8003F41E831
:10D8500000200028F9D1BFF35B8F33B93249334838
:10D860004B60CB608A6006F077FA08F1FF33012B3A
:10D870004BD8B8F1010F07D14FF08043D3F81C34D7
:10D8800003F00303012B40D00AF07EFE054658B199
:10D89000EFF31186402383F31288BFF36F8F0125C6
:10D8A000234F4FF080441EE0224B1B78002BEFD01B
:10D8B0004FF080430222C3F808230646F0E735B351
:10D8C000304606F05CFDD4F8183563B9D4F804216D
:10D8D0004AB1C4F80431D4F804310123C4F818352E
:10D8E000C7F88031A360D4F81824D4F81834D203D0
:10D8F000E5D503F00303012B02D0B8F1010FDED10F
:10D9000055B186F31188BFF36F8FBDE8F081002118
:10D9100021200AF000FFD6E74FF080430222C3F82F
:10D920000423F2E7E4320020D43200200433002044
:10D9300000E100E0D438002008B507480AF073FB86
:10D9400038B10648F8F7C2F80448F6F7DBFA0020C9
:10D9500008BD6FF01200FBE7148D040061D90300CD
:10D960000A2838B5074D044604D1AB680D215B6821
:10D9700028469847AB6803485B68E1B29847204661
:10D9800038BD00BF148D0400EFF31182402383F3F0
:10D990001288BFF36F8F0A4BD3F8001161B10021D9
:10D9A000D3F80805C3F80011D3F80031C0B282F3F0
:10D9B0001188BFF36F8F70476FF00A00F7E700BF61
:10D9C00000D00040F0B503468478C678EFF3118E9E
:10D9D000402080F31288BFF36F8F1D7893F801C049
:10D9E000641B3440A24288BFA2B2AF183740284619
:10D9F0001F708EF31188BFF36F8F8F188F4218D16D
:10DA000065450CD1EFF31181402080F31288BFF3FC
:10DA10006F8F1878587081F31188BFF36F8F1B795F
:10DA2000A41AA34228BF074B90B224BF01221A6058
:10DA3000F0BD03EB000E01309EF805E001F801EBAC
:10DA40003040DBE700D00040DB432DE9F04713F026
:10DA500001050F46144604D02448FFF7B3FFBDE884
:10DA6000F087B2B3EFF31186402383F31288BFF33C
:10DA70006F8F0D20F7F76CFD80460D20F7F754FDF2
:10DA800086F31188BFF36F8FDFF864A0194ECAF8D0
:10DA90000051DAF800314FF400590123CAF8003080
:10DAA0002546C6F88091DAF80031A3B1FFF76CFF84
:10DAB000031EA4BF05F1FF35ADB2C6F88091A8BF23
:10DAC0007B55002DEFD1B8F1000F02D00D20F7F7F4
:10DAD0001DFD2046C3E7EFF31180402383F3128836
:10DAE000BFF36F8F06F04BFCDDE700BF5C33002017
:10DAF00000D0004000E100E070B50D4614460CB9BE
:10DB0000204670BD4FF0FF334FF0FF320C4802F05B
:10DB100031FA224629460B48FFF754FF06460848CB
:10DB200002F0F4F93EB94FF0FF324FF0FF330648F0
:10DB300002F020FAE6E7A41BA4B23544DFE700BFF9
:10DB40003C330020713300204C33002038B50122D3
:10DB5000114617480AF017FC154D0122002105F166
:10DB600010000AF010FC40F207432B874FF070635F
:10DB70002B620C2385F8243000240E4B85F83540A9
:10DB8000EC86D3F8042522F00102C3F80425012114
:10DB9000C3F80041D3F80021C3F8041322461960EA
:10DBA0000D20F7F7E3FC0D20F7F7B0FC204638BD59
:10DBB0003C33002000D0004010B5FFF7E5FE002800
:10DBC00020DB174B93F8222093F8214093F8231081
:10DBD000141B31EA0404C0B20DD193F8372093F836
:10DBE000364093F83810141B31EA04040BD10D4B66
:10DBF00001225A600EE09C180132114084F8250081
:10DC000083F8221010BD9C180132114084F83A00AC
:10DC100083F837100448BDE8104002F077B900BF20
:10DC20003C33002000D000404C3300202DE9F0436D
:10DC3000476840F20636D0063B7C87B002EA06060B
:10DC400054BFC2F3401C4FF0030C01F01F05B6F5A2
:10DC5000837F144645EA43158DF803C044D00DD8A0
:10DC6000062E16D005D8A6B1022E3FD06FF01500B3
:10DC700037E0B6F5807FF9D101260AE040F20222B2
:10DC8000964235D0B6F5407F34D0B6F5007FEDD161
:10DC90000226220330D57A6801238B40C2F808356A
:10DCA000B868A0BB05F01F036D092DD0012D77D1F9
:10DCB0003E4A02EB8302C4F30043D2F8001783F01C
:10DCC0000103C4F3404444EA430421F4E16144EA1B
:10DCD0008C0421F0070144EA06230B43C2F8003705
:10DCE000002007B0BDE8F0830726D2E70426D0E77E
:10DCF0000526CEE70326CCE7630341BF01237A68FC
:10DD00008B40C2F80C35CBE74FF0A042D1E70DF1C4
:10DD1000020229460AF0C0F814F4403F80460CD1B4
:10DD2000B86829460AF0EDF8B8F1000FD8D19DF88F
:10DD30000210B86801F09CFBD2E74FF0000901AB7C
:10DD4000CDE90199CDE90439CDF80C90B86803AA62
:10DD5000294609F076FF4845C2DB14F4003314D09D
:10DD6000C4F300449DF803308DF80E3084F00104B4
:10DD70008DF80C608DF80D40B8684B4603AA294613
:10DD80000AF012F80028CFDAAAE7CDE904330DF142
:10DD900003030393B86803AA294609F052FFF1E789
:10DDA00003F5E07350F82330FFDE00BF000300509E
:10DDB000420970B5034602D0012A17D070BD0D4E3E
:10DDC000326951680029F9D003F01F0301250C685E
:10DDD0009D400029F2D08A682A4002D04B68304624
:10DDE00098472CB1236821461C46F2E7024EE7E72C
:10DDF0002346F8E7F88C0400DC8C040038B545684D
:10DE0000A86890B10AF077F8014670B9A8680AF0DE
:10DE100056F8044658B902460649A8680AF039F887
:10DE2000224605210620F7F7A1FB002038BD6FF040
:10DE30000400FBE7B1DD0300F0B544681646A068B6
:10DE4000227C01F01F0587B045EA421500286DD0FD
:10DE5000B6F5001F04D129460AF0A6F8002056E0C6
:10DE60006268607CC2F8240501AA0020B6F5800F24
:10DE70000190506037D1B3F1007F14BF0523042314
:10DE80008DF804300023CDE904230393E36823FADB
:10DE900001F111F001010DF103073AD1B6F1A07FB4
:10DEA00037D105F01F036A0903F5E07326D0012A74
:10DEB0003FD1214A52F82330DB072AD4A0683A46E2
:10DEC000294609F0E9FF16301BD00297A06803AA83
:10DED000294609F0B6FE002819DBA0680122294670
:10DEE0000AF011F8BAE7B3F1C06F05D0B3F1007FC3
:10DEF00014BF01230223C3E70323C1E74FF0A0426D
:10DF0000D8E7A068394601F0B9FA0028DDDA07B091
:10DF1000F0BDA0683A46294609F0BEFF0028D5D1D9
:10DF20009DF80310A06801F0A3FACFE76FF0850019
:10DF3000EDE751F82330FFDE00030050036803F0E3
:10DF40001F025B09026004D0012B034818BF0020A8
:10DF500070474FF0A0407047000300502DE9F04F8C
:10DF600000EB8109614985B01546834640F2FF1AEE
:10DF7000D94503D1002005B0BDE8F08FDBF80020C3
:10DF8000C2F3C72818F00808C2F3C320C2F308047C
:10DF900040F0A680564B120E1E5C544508BF4FF051
:10DFA000FF34222A00F29F80DFE802F0122226339B
:10DFB000292F339D9D9D9D36409D9D9D9D9D9D9DA1
:10DFC0009D9D437E81849D9D9D878B8E919497001E
:10DFD000C5F80C45621C64D003A80394FFF7AEFF9C
:10DFE000039A012707FA02F2C0F80825384636E0FE
:10DFF000C5F81445002715E0C5F80845EAE7C5F857
:10E0000008450027601C1FD14BE0C5F80C450127CF
:10E01000F8E7C5F81045EDE7C5F80845002EE9D149
:10E0200000270626631C3CD0002018E0C5F80C45EC
:10E03000F4E7C5F86045BBF80220671C02F0010256
:10E040002FD0002AC8D1012703A80394FFF776FF39
:10E05000039A8446012000FA02F2CCF80C25DBF882
:10E060000020019202F4004CBCF1000F08BF804672
:10E0700003A818BF01270394FFF760FF039C019AD0
:10E0800000EB8400C2F3412CD0F80047320242EA90
:10E090008C0242EA08020C40224342EA4702C0F8DE
:10E0A00000270BF1040B63E7C5F86445C3E7C5F827
:10E0B0006845C0E7C5F86C45BDE7C5F824450127AC
:10E0C000B0E7C5F8284585E7C5F83045F7E7C5F856
:10E0D0003445F4E7C5F83845F1E7C5F83C4579E73C
:10E0E0006FF0150047E76FF0850044E7F0F8FCFF9C
:10E0F0001FBC04002DE9F041044647680D460AF0B4
:10E1000043FA88B14FF04008EFF31186314688F3A7
:10E110001288BFF36F8F606809F0A7FA50BB86F3CF
:10E120001188BFF36F8FEFE71F4B1B78002BE9D0EF
:10E130004FF040086426606809F097FA70B9012032
:10E1400009F024FC013EF6D1002121200AF0E3FA77
:10E15000F0E786F31188BFF36F8FF5E7EFF31186D1
:10E16000314688F31288BFF36F8F606809F07DFA3B
:10E170000028EED0BB691D706368BA691B68002077
:10E18000C3F844250122C3F84825C3F82001D3F879
:10E190002041C3F85801D3F858019A6081F31188DF
:10E1A000BFF36F8FBDE8F081D43800202DE9F04136
:10E1B0000022054601210220F7F7D8F90220F7F7DF
:10E1C000A5F96C680121E06809F0A3FA6B681A6888
:10E1D0002369C2F82435617D237D0B43A17D0B4368
:10E1E000C2F86C356F68D7E9004313F0010318D00B
:10E1F000D5F8108004F10C0108F10C0204F59070C0
:10E2000009F001FC061E07DA224A2348012105F025
:10E2100081FF3046BDE8F08198F80C0001F09AF8D3
:10E2200001230822C4F80025BA69C4F84425012155
:10E230000022C4F84825A1606BB9D4F82031002B26
:10E24000FBD0C4F82021D4F820310123E3604FF43F
:10E250008073C4F80433D4F85831002BFBD000216C
:10E26000C4F800156D682C68E86809F052FA0823B4
:10E27000C4F800352A7A52B9EB69C4F83435012361
:10E28000C4F83835C4F81021D4F8102123600026D2
:10E29000BFE700BF23B804001C91040070B5012340
:10E2A00083400F4ABFF35B8FDC4352E8001F01EA53
:10E2B000040542E80056002EF7D1BFF35B8F4FF400
:10E2C000803282400748C0F80823BFF35F8FBFF356
:10E2D0006F8F03EA0100003818BF012070BD00BF36
:10E2E0009C3300200010014070B41249D1E9003481
:10E2F000D01AC31844F1000422F07F46C1E900346B
:10E30000A6F50013B3F5400F09D20B4B1B681A0A90
:10E310001B069C19094B42F10005C3E90045EFF3C8
:10E320001181402383F31288BFF36F8F70BC02F01A
:10E33000A1BD00BF201F0020A0330020281F002007
:10E3400011B3BFF35B8F0123104A834052E800CF23
:10E350004CEA030C42E800C10029F7D1BFF35B8F00
:10E360000B4A4FF480338340C2F80433094BBFF3A8
:10E370005B8F1B68BFF35B8FC340DB0742BF064B5D
:10E380004FF40032C3F80021704700BF9C330020D7
:10E39000001001409833002000E100E00D4B1868A8
:10E3A000010A0006BFF35F8F0B4BD3F80435181832
:10E3B00041F10001B3F5801F0AD2084BD3E90023D5
:10E3C000904271EB030303D210F1807041F1000120
:10E3D000704700BFA033002000100140281F00201C
:10E3E0002DE9F04F85B016461F469DF840A0044623
:10E3F000FFF754FF0190FFF7D1FFB04271EB070325
:10E400005ED23E4B301A67EB0101984271F1000178
:10E4100009D36FF0150520460199FFF791FF2846B3
:10E4200005B0BDE8F08F364B03EB0413D3E90223AC
:10E430009F4208BF964254D032494FF4803804F1CD
:10E44000500508FA04F8AD00C1F848832046ADB283
:10E4500009F0B7F926F07F4B05F1804504F5A87364
:10E4600005F58835DC464FF003090293029A2CF03B
:10E470007F4341F82230C1F84483D1F80435224A61
:10E480006FF00200C01A604420F07F40904228D90B
:10E49000286868B1D1F804350393A3EB0B0020F092
:10E4A0007F40B0F5000F1CD9204609F08AF9039B84
:10E4B000BAF1000FADD109EB030C09F10109D5E761
:10E4C000BAF1000FA5D10123104ABFF35B8FA3401F
:10E4D00052E8000F184342E800010029F8D1BFF3C9
:10E4E0005B8F07490E98230101EB0412C8500F9B64
:10E4F0005360C2E9026700258DE700BF010080007C
:10E50000101F002000100140FDFF7F009833002005
:10E510007FB51C4C1C4BC4F80833C4F848331B4B64
:10E5200000254FF0FF304FF0FF31C4F80855C3E924
:10E5300002014FF48033C4F80433154B02264FF424
:10E5400000320121C4F804631120C3F880212A4657
:10E55000F7F70CF81120F6F7D9FF0E4A0123A36054
:10E56000236013600C4B0D4A0093CDE90155002345
:10E570002846FFF735FF3046FFF760F9284604B01C
:10E5800070BD00BF0010014003000F00101F0020ED
:10E5900000E100E09C330020E9E20300FFFF7F0080
:10E5A0002DE9F7432B4CD4F8043399070BD5D4F855
:10E5B000043143B1284A0023C4F80431D4F80431AB
:10E5C000136801331360D4F80433DA0323D5BFF39F
:10E5D0005B8F224B53E8002F22F0010143E800102B
:10E5E0000028F7D1BFF35B8FD30702D4D4F84031B2
:10E5F0008BB10025C4F84051D4F84031FFF7CEFE6E
:10E60000EFF3108272B6164BD3E90267B042B941FC
:10E6100004D282F3108803B0BDE8F0834FF0FF38D6
:10E620004FF0FF39C3E90289D3E900101D604FF4B0
:10E630008033C4F84833C4F84051D4F8403182F3F1
:10E6400010880029E7D0009032463B46284688478C
:10E65000E1E700BF00100140A03300209833002004
:10E66000101F002030B5431C124C85B005D08442E9
:10E67000A8BF0446012CB8BF0124FFF78FFE0E4B44
:10E680000C4DD3E90013401AB0F5000F10D2221838
:10E69000AA4228BF2A4652184FF0000007490091AD
:10E6A000CDE9010043F10003FFF79AFE05B030BD4C
:10E6B0002A46F0E7FFFF7F00201F0020E9E2030069
:10E6C00008B5FFF76BFE024B1B68C01A08BD00BF00
:10E6D000201F002002460B46014801F023BB00BF6B
:10E6E0003C080020014801F08FBB00BF3C0800201F
:10E6F0000149024809F0EBBEA8330020E0250020C4
:10E70000094B93F84730042B02D1810709D4704795
:10E71000022B02D1020704D47047082B03D18306D1
:10E7200001D5FFF7E5BF70474338002010B403461A
:10E730000A46034881680C681946234610BC1847EE
:10E740004C8D0400B0B584B000AF3B1D00247C604C
:10E750000A22BC60C7F80B403960014618460AF02F
:10E76000C1F96D468AB0396803466A460D4807917B
:10E77000CDE905034FF40073ADF820300A4B42F8A1
:10E78000103F0A4823464FF41151F5F771FFAD468B
:10E7900084F31188BFF36F8F0323184602DF10370D
:10E7A000BD46B0BD60B80400040000018C900400B8
:10E7B000F0B589B0064600AF34480D46344909F03B
:10E7C0006AFE07F10C00F1F7AAFE6C4688B06A46B3
:10E7D000304B0593304B06934FF40073ADF81C306B
:10E7E0002E4B42F8103F2E492E4807F10C03F5F747
:10E7F0003FFFA5462C4809F016FC50B92B4A294882
:10E80000012105F087FC6FF0120420462437BD4635
:10E81000F0BD274B7B60381DE9F778F9034638B126
:10E82000244A2048012105F07EFC6FF01504ECE736
:10E830004FF0FF304FF0FF31FFF74CFF0446002848
:10E84000E3D11D491D48E8F7ADFD044610B1FFF7BF
:10E8500049FFDAE741F64C5307F10800BB60EAF7DD
:10E86000A3F920B1FFF73EFF6FF08504CDE7012348
:10E8700038463B70F2F7F3FC0028F3D1FFF732FF84
:10E8800033690F481D60F8F7BDFABEE7A8330020D2
:10E8900087780400C7A7040085B8040003000001BE
:10E8A000C01C40018C9004004C8D0400ACB80400E6
:10E8B0002DE70300CCB80400301F00208DE90300D1
:10E8C00001E7030030B52E4887B0E8F7EFFC0446B7
:10E8D000002850D1E8F7A4FD0125E8F7ADFDF1F7D8
:10E8E00020FEF1F720FE03AA022120468DF80C50ED
:10E8F000E8F70AFD00283DDB082303AA072120468C
:10E90000ADF80C30E8F700FD002833DB4FF01B13A7
:10E91000039303AA40F2032303212046ADF81030ED
:10E92000E8F7F2FC002825DB03AA042120468DF835
:10E930000C50E8F7E9FC00281CDB1F2303AA062182
:10E940002046ADF80C30E8F7DFFC002812DB40F27F
:10E95000AC63984212D90B4A009029460A4805F048
:10E96000ECFB84F31188BFF36F8F0423184602DF9A
:10E970006FF00B000446204607B030BD2046F9E793
:10E9800045E70300F0B804008C90040073B53F4CD9
:10E9900094F847302BB394F84730042B54D12078A7
:10E9A0003E2831D1A678B31E5E425E4163780233C1
:10E9B000472B2BD9472200923548364A012105F0D2
:10E9C000BCFB354A32486FF00B03012105F0ABFB6D
:10E9D000002383F31188BFF36F8F0423184602DFEF
:10E9E0001DE04FF0FF304FF0FF31FFF773FE48B9E5
:10E9F00004F14701204600F0D1FA0546FFF772FE08
:10EA0000002DC8D002B070BD0026CFE70022002341
:10EA10003146F8F705FA054648B9002EF2D0002332
:10EA200084F8473002B0BDE87040FFF761BE6278FD
:10EA30000232164905F10C0005F043FD174B18484A
:10EA40001B6829469847EAE7022B0DD100220023D4
:10EA50000820F8F7BFF905460028D3D063880433AF
:10EA6000472BA7D81A46E4E7082B09D10023002238
:10EA70002020F8F7AFF9638805460028EFD1C1E7F9
:10EA8000084A0348012105F04EFBC8E7433800203F
:10EA90008C90040013B904006DB90400A433002065
:10EAA000848D040034B904002DE9F341A44D2C7881
:10EAB0000746002C40F06B8204238DF80730A14BF1
:10EAC0000688D3F80080B8F1000F15D1B6F5105FB5
:10EAD0004FEA96230BD2002B00F04C82013B072B10
:10EAE00062D8DFE803F026614D95616161DD3F2B5F
:10EAF00000F085810120C0E10DF106030DF1070250
:10EB0000691CC0470128E1D09DF8063013B90128DF
:10EB100040F033820F236B700423AB700123E87045
:10EB20002B71A5F8056001232B70002002B0BDE811
:10EB3000F081384640F2064230F9033B934219D047
:10EB400040F21D42934218D0012042F219039E4226
:10EB500000F2FD8142F20C039E4200F2F18140F28C
:10EB6000064440F21D43A64218BF9E4214BF012432
:10EB7000002430E0E9F7DEFDE7E7E9F739FEE4E7F6
:10EB8000384640F6634230F9033B934234D00EDC02
:10EB900040F60342934223D040F62D42934222D0C6
:10EBA00040F60142934213D00120044613E040F6A0
:10EBB0007B42934223D040F67C429342F4D19DF8AD
:10EBC0000730614902338DF80730F2F7E5FA01E0CA
:10EBD000E8F770FC012484F001048DF8064093E707
:10EBE000F1F794FCF6E79DF80730574903338DF8A9
:10EBF0000730F2F766F9EDE7E8F76EFCEAE79DF813
:10EC00000730514904338DF80730F2F7B7FAE1E7DE
:10EC10003B88A3F58053013B082BC5D801A252F8CD
:10EC200023F000BF49EC03005BEC03006FEC030032
:10EC3000A9EB0300A9EB0300A9EB0300A9EB030078
:10EC4000A9EB03008FEC03009DF807303E48083322
:10EC50008DF80730F2F723F9BCE79DF807303A4802
:10EC600040338DF8073008F010FE0020B2E79DF821
:10EC7000073008338DF80730334B00221A605A6092
:10EC8000EB7A23F0600343F06003EB72EDE79DF84D
:10EC900007302D4806338DF80730F2F747F999E72A
:10ECA000384642F2320130F8033B1AB28A4222DC83
:10ECB000B2F5005F23DDA3F50053013B312B1ED8D5
:10ECC000DFE803F01F2C351D44471D4A4D501D1D24
:10ECD0001D1D1D1D1D1D1D1D1D53565F1D68717AB7
:10ECE0001D1D1D1D1D1D1D1D1D1D1D1D1D1D1D1D54
:10ECF0001D1D1D858E9142F24B039A4276D0012054
:10ED000001E0E8F7F3FB42F264039E423FF463AF95
:10ED100042F264039E4200F2B08016E79DF807308D
:10ED2000094803338DF80730E9F7FAFCEBE79DF863
:10ED30000730054808338DF80730F2F7ADF9E2E700
:10ED40008B380020B833002092380020F2F70AF9FF
:10ED5000D9E7E9F729FED6E7F2F7CBF9D3E7F2F7DF
:10ED6000A3F9D0E7E9F77AFECDE7F2F785F9CAE72C
:10ED70009DF80730874910338DF80730F2F7CDF84A
:10ED8000C1E79DF80730834808338DF80730F2F764
:10ED900092F8B8E79DF807307E4902338DF80730C6
:10EDA000F2F7CCF9AFE79DF807307A4902338DF8D6
:10EDB0000730F2F7D4F9A6E79DF8073008338DF84D
:10EDC00007308F23EB71C023EB7200209BE79DF887
:10EDD0000730704904338DF80730F2F7D0F892E726
:10EDE000E9F7DAFC8FE7F2F710F98CE79DF80730C6
:10EDF000684802338DF80730F2F77EF883E738462B
:10EE00004FF60C5230F8033B934222D84FF6025291
:10EE1000934212D803F2FF3292B20A2A3FF66AAE48
:10EE2000A3F57C43013B0A2B7DD8DFE803F01E34B9
:10EE30007C7C7C5B7C7C49525E00A3F57D43033B7C
:10EE4000092B70D8DFE803F05A6F5D6F6F6F606F4A
:10EE50006F634FF6145293425CD04FF616529342B2
:10EE60007FF448AEE9F7A8FE07E09DF8073049486F
:10EE70000C338DF80730F1F758FB42F285039E42C0
:10EE800072D842F267039E424FD842F26604341BA6
:10EE900018BF01249FE69DF8073040338DF80730F6
:10EEA0003C4B00201880EB7923F0230343F023032D
:10EEB000EB712B7A23F0070343F007032B72DCE797
:10EEC0009DF80730334817338DF80730F1F747FBCB
:10EED000D3E79DF807302F4820338DF80730F1F73E
:10EEE00062FBCAE7F1F739FBC7E79DF8073029480D
:10EEF00001338DF80730F1F773FBBEE7F2F7AFF996
:10EF0000BBE7E9F751FEB8E7F1F780FBB5E7F2F7A9
:10EF10008FF9B2E79DF807301E4904338DF80730AA
:10EF2000F1F778FBA9E70120F2E6A6F50153283BAB
:10EF3000194C9BB2DC4004F0010484F001044AE661
:10EF4000A6F500530D3B9BB241F24124F2E742F299
:10EF500032039E423FF43FAEA6F50154033C012C20
:10EF600094BF0024012436E626F008044FF602532D
:10EF7000E41A8DE7012420462DE69DF80730AB709A
:10EF80000E2201236A70EB70AE80A871CBE54FF0C2
:10EF9000FF30CBE5923800202F80402038B5094C57
:10EFA00023780D461BB9BDE83840F1F714BCA278B0
:10EFB000611C023209F057FD0020042320702B70E1
:10EFC00038BD00BF8B38002070B505460E46084C92
:10EFD000204609F028F838B1A368B2B22946204685
:10EFE0001B68BDE8704018476FF0120070BD00BF8D
:10EFF0004C8D040037B53223ADF80430124A00239B
:10F000000125192168468DF80630ADF800508DF8BD
:10F010000230F0F775FE044698B908F0CAF980B2DC
:10F02000EEF7C4FE2A4621460820F6F79FFA2A4644
:10F0300021460B20F6F79AFA2A4621462846F6F78B
:10F0400095FA204603B030BD5DF003000149024847
:10F0500009F03DBABC330020E0250020B0B584B0F3
:10F0600000AF3B1D00247C600A22BC60C7F80B4047
:10F0700039600146184609F035FD6D468AB0396899
:10F0800003466A460D480791CDE905034FF4007326
:10F09000ADF820300A4B42F8103F0A4823464FF49F
:10F0A0001151F5F7E5FAAD4684F31188BFF36F8F80
:10F0B0000323184602DF1037BD46B0BDC5B90400B2
:10F0C00004000001CC90040013B500240C490D4845
:10F0D00000946FF009034FF4806201F003F90A49CC
:10F0E000084809F057FA0949094809F0D4F92246B5
:10F0F00004211920F6F73AFA204602B010BD00BFED
:10F10000404A0020E0250020D9B90400DD78040041
:10F11000BC3300200346024A0248022105F003B82E
:10F12000EDB90400F490040010B9024B1B681847B5
:10F13000FFF7F0BFCC330020014B01201B681847BC
:10F14000CC33002028B1012807D104490020EEF774
:10F1500055BD034B01201B681847704729F1030078
:10F16000CC330020014B186000207047CC330020C6
:10F17000024AD2F80034002BFBD0704700E0014077
:10F1800010B54FF08053D3F83021082A4ED14FF0FC
:10F1900080420021C2F80C11C2F81011C2F83815D3
:10F1A00002F54042D3F80414C2F82015D3F808142D
:10F1B000C2F82415D3F80C14C2F82815D3F810148B
:10F1C000C2F82C15D3F81414C2F83015D3F818145B
:10F1D000C2F83415D3F81C14C2F84015D3F8201423
:10F1E000C2F84415D3F82414C2F84815D3F82814EB
:10F1F000C2F84C15D3F82C14C2F85015D3F83014BB
:10F20000C2F85415D3F83414C2F86015D3F8381482
:10F21000C2F86415D3F83C14C2F86815D3F840144A
:10F22000C2F86C15D3F84434C2F8703508F09EFB70
:10F2300018B1374B374AC3F88C2608F097FB18B142
:10F24000354BFB22C3F8182508F090FB58B14FF05E
:10F2500080424FF08051D2F8E43ED1F8581261F369
:10F260000303C2F8E43E08F081FB20B12B4B4FF4BE
:10F270000072C3F840264FF08053D3F83031082B8A
:10F2800017D14FF08043D3F80024D20744BF6FF06A
:10F290000102C3F800244FF08053D3F83431042B1B
:10F2A00081BF4FF01023D3F808224FF08043C3F8FA
:10F2B00058254FF01023D3F80022002A03DBD3F89F
:10F2C0000432002B22DA164901234FF01020C1F836
:10F2D00004351224FFF74CFFC0F80042FFF748FF47
:10F2E000C0F80442FFF744FF0023C1F80435FFF7DC
:10F2F0003FFFBFF34F8F0B490B4BCA6802F4E0622C
:10F300001343CB60BFF34F8F00BFFDE710BD00BFBD
:10F31000005000404881030000F00040009002408F
:10F3200000E0014000ED00E00400FA05014B186028
:10F33000704700BFD033002010B5054B1868144645
:10F3400008F026FB0028A4BF2070002010BD00BFDD
:10F35000D0330020024A01238340C2F804357047AD
:10F3600000F00140036803F01F025B09026004D053
:10F37000012B034818BF002070474FF0A040704792
:10F3800000030050034A430900F01F00D35C1844F7
:10F39000C0B2704727BC0400024611F0010030B52E
:10F3A00015D18B07C1F3400022D51249D1F82005B1
:10F3B00050604FF08052C1F82005D2F83021082A61
:10F3C00008BFD1F82025003818BF012010E04FF009
:10F3D000A0444FF08055D4F820351360C4F8203590
:10F3E000D5F83051082D08BFD4F82045002BD8D0CF
:10F3F00030BD00BF00030050F7B504460846FFF7D4
:10F40000C1FF04EB40060D46B38ADB072AD5204630
:10F4100008F0F5FB2946204608F061FB50B1204674
:10F4200008F073FB276807EB80000023C0F8103555
:10F43000C0F810352946204608F090FB0021B18223
:10F4400001A80195FFF78EFF019B00EB8300074B9E
:10F45000D0F80027134043F00203C0F800370846F5
:10F4600003B0F0BD6FF01500FAE700BFF0F8FCFF45
:10F47000014808F0ABBA00BF4406002010B50448AC
:10F480000C4608F085FA0028A4BF2070002010BDAB
:10F49000440600202DE9F04F074689B057F8049B39
:10F4A000D9F80413C9B28346082241F00041484606
:10F4B00008F07DFB051E2FDA0023032106A8CDE905
:10F4C0000633FFF769FF634B01930DF118084FF006
:10F4D000000A019A604912F8013B0192DA0803F030
:10F4E00007038A5C22FA03F3DB071CD40AF1010349
:10F4F000022B08F104084FF0010AEAD14FF0004155
:10F500000022484608F053FB032106A8FFF744FFFA
:10F510000028D8D125F000450124002D40F084803A
:10F5200009B0BDE8F08F4D4B53440293D8F800600A
:10F53000002EDBD0029B96FAA6F61C78B6FA86F669
:10F5400046EA44142046FFF71DFF0BEB4000F2088B
:10F55000818A18F802000594C1F382030393009393
:10F5600006F00706012303FA06F620EA060008F86B
:10F57000020005A8FFF7F6FE059A039B02F5E0726C
:10F5800011F0100F50F82260C6F3014633D0009AF4
:10F590003846214608F0C3FA05A80594FFF7E2FEB5
:10F5A000059B03F5E073F6B250F82330C3F3014333
:10F5B0009E4207D10021204608F082FA31462046BB
:10F5C00008F07EFA05A80594FFF7CCFE059B012202
:10F5D00002FA03F3C0F820354FF08053D3F83031EE
:10F5E000082B01BFD0F82035D0F82035D0F82035D1
:10F5F000D0F820359AE7022E14BF022103212046BD
:10F60000039308F05DFA039B032B03D0022E07D16E
:10F61000012BD7D1009A2146384608F080FAD1E76D
:10F62000032ECFD1022BF4E795FAA5F3B3FA83F3B7
:10F6300004FA03F225EA020503F5A2720BEB430379
:10F6400059F82220B3F87C10C2F30142384608F082
:10F6500066FA62E737BC04001C99040037BC04005A
:10F6600010B5174C23783BBB0278C2F340039207D6
:10F670000FD54FF08053D3F83021082A08D1D3F8A2
:10F680003431022B02BF4FF080430122C3F83826E9
:10F6900001234FF08042C2F88035037803F0010364
:10F6A000C2F878350020F5F753FF08B9F5F72EFFBB
:10F6B00001232370002010BD6FF07700FBE700BF2F
:10F6C000D33800204FF080434FF46072C3F8082312
:10F6D000014B00221A607047D433002008B5FFF7B1
:10F6E000F1FF03680BB1014A136008BDD433002059
:10F6F00010B54FF08043D3F80443620707D54FF4A9
:10F70000847008F053FC10B11E4B1B689847A30689
:10F7100008D54FF48A7008F049FC18B11A4B002044
:10F720001B689847600608D54FF48C7008F03EFCC3
:10F7300018B1154B01201B689847210608D54FF4D6
:10F740008E7008F033FC18B1104B00201B689847EE
:10F75000E20508D54FF4907008F028FC18B10B4B67
:10F7600001201B689847A3050AD54FF4927008F052
:10F770001DFC28B1054BBDE810401B68022018474E
:10F7800010BD00BFDC330020D8330020D43300206C
:10F7900010B50446F4F79EFE0348044A012104F024
:10F7A000B9FC204608F04AFCFC90040019BA040099
:10F7B0002DE9F843044600AF0D46EFF311884023CE
:10F7C00083F31288BFF36F8F04282A4A98BF2A4B0D
:10F7D0009668117C94BF53F82030284BE9468AB0D4
:10F7E0006A462748CDE9073140F20133ADF82430AD
:10F7F000244BCDE9050442F8103F234800234FF481
:10F800003151F4F735FFCD4645B1EB69C3F3080339
:10F8100023B11E4A1C48012104F07CFC2EB1304665
:10F8200008F0BBFE08B1037803B91948E9468AB06D
:10F830006A46184B0790CDE9053640F20133ADF822
:10F840002030154B42F8103F00230F484FF4115160
:10F85000F4F70EFF2946CD462046FFF799FF88F3BF
:10F860001188BFF36F8F3046F5F722FFBD46BDE824
:10F87000F88300BFE03300202099040028BA040078
:10F8800036BA040005000001FC9004005EBA0400D2
:10F8900088A704007FBA04000400000138B50A4BB1
:10F8A00053F82040013053F82050A54200D838BD0D
:10F8B000606830B1037EDB0701D408F09CFB08349C
:10F8C000F3E723689847FAE73499040070B52A4BA8
:10F8D0002A4C2B4D86B0012203201A70FFF7DEFF61
:10F8E00009F0C0F80420FFF7D9FF2646AE4204F124
:10F8F00030040FD301F006F8204CAC4226D301F0BF
:10F9000015F8F3F715FE1F4A938923F0010393813D
:10F9100006B070BD54F80C3C059354F8103C0493A9
:10F9200054F8143C039354F8183C029354F81C3CCC
:10F93000019354F8203C009354E90A2354E90C0144
:10F9400000F0DEFD54F8303C5E65CEE7D4E90A23D2
:10F95000B3F1FF3F08BFB2F1FF3F05D052EA030108
:10F96000206803D108F0F0FE3034C6E706491830AD
:10F9700001F0F0F9F8E700BFD43800203C8F040014
:10F980003C8F0400102700207786040070B5164EC7
:10F99000164D1749882386B003FB00660122002319
:10F9A000CDE904230F22CDE902320193142303FB96
:10F9B000005504464FF4C07000FB04110D4B009538
:10F9C0004FF4A072304600F09BFD337C0A4AEE6093
:10F9D00023F0040333744FF4046304FB0333134430
:10F9E0002C746B6006B070BD88260020E0330020C8
:10F9F000C0560020E7810400804E00207FB5002023
:10FA0000FFF74CFF294B83F30888294C636943F4C3
:10FA100000736361E02384F8223000252023E3771C
:10FA200025766576A57684F82050636A43F4E02352
:10FA3000636284F82350F5F7D3FCF5F723FE4FF00B
:10FA4000FF33A362E362F5F753FFF5F79BFEF4F78C
:10FA50009BFC1848184C00F0CBFD0120FFF71EFF5F
:10FA60000220FFF71BFF00F08BFF144B14495C6171
:10FA7000144B059301234FF40062CDE90353CDE904
:10FA80000155114B0095204600F03AFD237C0646B7
:10FA900023F004032046237408F0B9FD2846FFF73D
:10FAA00075FF094A31462046F5F7CEFDC0560020C5
:10FAB00000ED00E04028002010270020E033002067
:10FAC00040580020E1BA0400CDF8030038B5064CD8
:10FAD000064DAC4201D3002038BDD4E901122046C6
:10FAE00008F0F6FA1434F4E714080020280800207F
:10FAF00030B585B0DDE90845034B0293CDE90045FB
:10FB000008F0A4FA05B030BD4D35040038B5074CF7
:10FB1000074DAC4201D3002038BD204608F0FCFA66
:10FB200008B91C34F5E76FF01500F5E7A4070020CD
:10FB30001408002073B50C46EFF31181402585F3BE
:10FB40001288BFF36F8FC5685DB125602B68C360F5
:10FB5000836901338361002081F31188BFF36F8FC4
:10FB600011E052EA030603D125606FF00B00F3E7C2
:10FB7000CDE900230246083000F022FE18B9034BFD
:10FB80009B685B69236002B070BD00BFE03300205A
:10FB9000F7B50D4604469DF82010EFF3118740207D
:10FBA00080F31288BFF36F8F266AE068864240D2E6
:10FBB0002668B4421AD0CEB1304608F01FFB06F1D9
:10FBC000180008F04FFE54F8082F706929460025E8
:10FBD00008F049FF3046C6F8805008F018FD20466E
:10FBE000394608F06EFD284603B0F0BDA268A9B101
:10FBF000E069294608F037FFE369A26813446269A7
:10FC0000E361934201D12369E361236A01332362F3
:10FC1000002087F31188BFF36F8FE5E7A0692369A0
:10FC2000984208BF6069801AA061294608F01BFF4E
:10FC3000EBE752EA03010BD00749896804F1080099
:10FC40004D61CDE900233946224600F0B9FDCBE7EE
:10FC50006FF02200DDE700BFE0330020F7B5044677
:10FC60000846EFF31186402181F31288BFF36F8FAE
:10FC7000216A00293BD0A268A16908F0F4FEA369BB
:10FC8000A268256813446269A361934204BF236993
:10FC9000A361236AAC4203F1FF33236236D02846C6
:10FCA000002D34D008F0AAFA05F1180008F0DAFDAA
:10FCB0006969A268E06908F0D6FEE369A2681344A6
:10FCC0006269E361934204BF2369E361236A002709
:10FCD000013323622846C5F8807008F098FC04F1CF
:10FCE0000800314608F0EDFC384603B0F0BD52EA9A
:10FCF000030111D00A4989684861CDE900233146E2
:10FD0000224604F1080000F05BFDEEE7002086F3D8
:10FD10001188BFF36F8FE8E76FF02200F7E700BFAD
:10FD2000E03300202DE9F341044617461E46EFF369
:10FD30001188402383F31288BFF36F8F304BC26862
:10FD40009B6872B18068984217D057EA060216D1B4
:10FD500088F31188BFF36F8F6FF00F0002B0BDE81A
:10FD6000F08193F90E1021610132C4E9023288F367
:10FD70001188BFF36F8F0020F0E72169F3E793F953
:10FD80000E1090F90E30994230DA9942A8BF194608
:10FD900008F048FA0546CDE900761A482246414661
:10FDA00000F00EFD0028E6D0EFF31186402383F328
:10FDB0001288BFF36F8FA068D0B1236821699C427D
:10FDC0000AD04BB193F90E309942A8BF19466FF093
:10FDD0007F039942B8BF194608F024FA40B1094898
:10FDE000314608F06EFC6FF00A00B7E70025D2E755
:10FDF000002DF4D186F31188BFF36F8FF3E700BFB6
:10FE0000E0330020D5380020F8B583680546002B84
:10FE100040D0234A926893423FD1C368012B03D953
:10FE2000013BC3600020F8BDEFF31187402383F34B
:10FE30001288BFF36F8F0169806808F0F3F92C68AE
:10FE4000A54207D10023C5E9023387F31188BFF328
:10FE50006F8FE7E7002CF5D0D4E9003213605A60C9
:10FE6000237C002623F002032374C4E90066A66005
:10FE700004F1180008F0F6FCAC6094F90E302B6128
:10FE80002046C4F8806008F0C2FB0648394608F0F6
:10FE900018FCC7E76FF01500C5E74FF0FF30C2E769
:10FEA000E0330020D538002037B51146EFF3118537
:10FEB000402282F31288BFF36F8F04689CB12368DD
:10FEC000426823F003039442036008BF43600121AA
:10FED000204608F02BFA044685F31188BFF36F8F94
:10FEE000204603B030BD51EA0302F5D000F108020C
:10FEF000CDE900131046294600F062FC0028EFD13E
:10FF0000014B9B685C69EBE7E033002070B5EFF3D1
:10FF10001186402383F31288BFF36F8F0468A042D9
:10FF20001BD0D4B1D4E9003213605A60237C002581
:10FF300023F002032374C4E90055A56004F11800FE
:10FF400008F090FC2046C4F8805008F060FB314671
:10FF50000748BDE8704008F0B4BBD0E902329A42CD
:10FF600018BF0133836086F31188BFF36F8F70BDB4
:10FF7000D538002013B5EFF31181402484F31288A3
:10FF8000BFF36F8F846844B1013C846081F31188B2
:10FF9000BFF36F8F002002B010BD52EA030406D1F8
:10FFA00081F31188BFF36F8F6FF00F00F3E7CDE996
:10FFB00000230246014800F003FCECE7D53800209E
:10FFC00070B50546EFF31186402383F31288BFF323
:10FFD0006F8F00232C68A54219D0C4B1D4E9003238
:10FFE00013605A60227C002322F00202C4E900332D
:10FFF0002274A36004F1180008F034FC6FF00A03C7
:020000024000BC
:10000000C4F88030204608F002FB0123E2E700221A
:10001000AA6023B986F31188BFF36F8F70BD314694
:100020000248BDE8704008F04CBB00BFD538002046
:1000300007B5074B0093074907484FF0FF334FF4CC
:10004000006200F04FF9002003B05DF804FB00BF30
:100050004C99040080600020982700202DE9FF4182
:10006000544E04464027EFF3118887F31288BFF3FC
:100070006F8FD4F88C50F5B9022104F1A40008F078
:100080008EF9002870D004F19C0500220121284639
:1000900008F07AFB0028F8D1002302934FF0FF32DA
:1000A0004FF0FF33CDE90023414604F1940242486A
:1000B00000F090FDD7E7D4F890202B68C4F88C307E
:1000C000954208BFC4F89030D4F8A43043F002033E
:1000D000C4F8A430EB6823F0040343F00103EB60A1
:1000E0006B6888F31188BFF36F8F28469847EFF34A
:1000F000118887F31288BFF36F8FEB68D80623F05F
:1001000001023ED4EA60EB689A0717D5306823F005
:100110000203EB6090B10368002178B14268954218
:100120003DD10368002934D172683360904200D118
:100130007360002340F8083BFFF7E8FED4F8A430D2
:1001400023F00203C4F8A430DB0530D4D4F88C309B
:10015000003B18BF012388F31188BFF36F8F002B7A
:1001600081D000F015FC7EE7D4F8A430D90693D5F1
:10017000C4F8A40088F31188BFF36F8F04B0BDE802
:10018000F08123F01103EB6005F11000FFF7BEFED4
:10019000B9E70B607368984208BF7160C9E7014610
:1001A0001BB11A6818461346B7E71A46FAE7002348
:1001B000D1E700BF00340020D5380020F8B5C3686F
:1001C0009A0704460E46C3F3400542D45F0742D463
:1001D0000B680BB983680B60E368D80744BFA3685A
:1001E000336037684CBF0225012557B31B4B9A6813
:1001F000D7F888309A421ED108F0C6F980F0010085
:10020000C0B2D7F8A430D907C3F380021CD5F2B12D
:10021000F8B100232360D7F8903073B9C7E92344BD
:10022000384608F0D7F8E36843F00403E360336826
:10023000A3602846F8BD0020E3E71C60C7F89040A3
:10024000EEE76FF0150506E06FF0120503E01B07FF
:10025000DFD56FF00F0500233360EAE7E0330020BD
:10026000F8B5C36803F00503002B06460C4614BF1F
:10027000012700271CD085680122002104F110000D
:1002800008F081F81349204608F005F9E36843F0C7
:100290001003E360F3685B0712D5336823606BB922
:1002A000D5F8903033B9C5E92344284608F092F8D0
:1002B0003846F8BD1C60C5F89040F6E73460F4E7B6
:1002C000D5F88C302360D5F89030C5F88C40002BE1
:1002D000EBD1F0E7B58304000146014808F0F7B818
:1002E00098270020F0B589B004460020C4E9230017
:1002F0000E9D04F19400C4E9250004F19C00C4E9BA
:10030000270055B32879002840F2011008BF0120CA
:10031000C4F8A40000204FF0FF364FF0FF37CDE9BE
:100320000330CDE90100CDE906670D4B009420466E
:1003300000F032F955B1296811B1204608F02AF9C8
:100340006B791BB1A38943F00103A381204608F018
:10035000FBF9C4F8884009B0F0BD0120D8E700BF20
:100360005D00040037B501900846EFF31184402189
:1003700081F31288BFF36F8FC16811F01E0F16D181
:1003800053EA020508D101A9FFF718FF84F3118889
:10039000BFF36F8F03B030BD41F00801C160019918
:1003A00081620449103000F0D5FC0120EEE7002006
:1003B000ECE700BF4984040001460148FFF7D2BFC3
:1003C00098270020F7B50C46019016461D46EFF31E
:1003D0001187402383F31288BFF36F8F084607F01D
:1003E000EAFF55EA060309D101A92046FFF7E6FE18
:1003F00087F31188BFF36F8F03B0F0BDE36807493F
:1004000043F00803E360019BA36232462B4604F1EC
:10041000100000F09FFC0120EAE700BF49840400BF
:1004200001460148FFF7CEBF982700202DE9F04193
:100430000546EFF31187402383F31288BFF36F8FD4
:100440000468A0421CD0DCB1204608F090F804F10A
:10045000180008F007FA0026B046C4F8808020464D
:1004600008F0D5F82C68A54206F1010610D07CB141
:10047000204608F07CF804F1180008F0F3F9ECE7E6
:1004800087F31188BFF36F8F00263046BDE8F081F7
:100490000248394608F015F9F7E700BFD5380020C3
:1004A0002DE9F3411C4652EA040307460D46164661
:1004B00008D10846FFF7A8FC6FF00A04204602B0F6
:1004C000BDE8F081EFF31188402383F31288BFF376
:1004D0006F8F0846FFF798FCCDE9006407483A465D
:1004E000414600F06DF904460028E7D14FF0FF3295
:1004F0004FF0FF332846FFF715FCDFE7D538002023
:100500002DE9F043073285B022F007020E461F4660
:100510001099818100F158037F32C0E916330446F7
:10052000002322F03F020421836001743F2A0F98C8
:10053000A073C4E90633E37306F14009A2F1400851
:1005400005D883F31188BFF36F8F084602DFB51813
:1005500029462046F4F7F8FC07300E9B20F00700F0
:100560002067C4E91A9802930D9B01932D1A0C9BE6
:1005700000932A463B4631462046F5F733F80023E0
:100580006365044B9B6803B15B6F6367284605B0E6
:10059000BDE8F083E0330020F0B587B00025059575
:1005A000109D04950F9D03950E9D0295DDE9127631
:1005B0000D9D01950C9D00950446FFF7A1FFB6F136
:1005C000FF3F08BFB7F1FF3F05D056EA070305D14B
:1005D000204608F0B9F8204607B0F0BD3A46334649
:1005E00004F11800014900F0B5FBF4E77786040038
:1005F0000123037483810023C0E91A334367014B4D
:1006000098607047E03300200A4A93686FF00A014F
:10061000C3F880100849D8674B6843F080534B609B
:10062000002383F31188BFF36F8F9368D3F88000A2
:10063000704700BFE033002000ED00E070B590F996
:100640001020037C002A2FDBD9062DD11A4C63F031
:100650007F032246037452F8183FE169934207D1A1
:10066000C0E900210860E0610FE09942F8D01B6802
:10067000002BF5D093F90E6090F90E50AE42F4DDE8
:100680005968C0E9003108605860A569954200D0FA
:1006900005B9E568A3681A7CD20606D1DA897F2AF3
:1006A00003D9AA690AB9636170BDAB4202D028467A
:1006B00000F0D2FA6561F7E7E033002038B590F931
:1006C0001020037C002A014604DA03F07F03037440
:1006D00007F065FF0D4D2A46AB6852F8184F94425B
:1006E00000D004B9EC688B4207D01A7CD20604D142
:1006F000DA897F2A01D9A2692AB1A34202D0204611
:1007000000F0AAFA23466B6138BD00BFE033002039
:10071000B3F1FF3F08BFB2F1FF3F03D002491830E9
:1007200000F018BB704700BF77860400034648B945
:10073000EFF3058232B9064A51699268914201D0BD
:10074000FFF762BF83F31188BFF36F8F704700BF5D
:10075000E033002038B5184CA168E0690B6881428D
:1007600014BF1A46002249680B605960A368E1690A
:100770002AB9124AC3E900210B60E3610AE092F949
:100780000E5093F90E00854212DD5168C3E9002135
:100790000B605360A569094B9D4200D005B9E5681F
:1007A000A3689D4202D0284600F056FA656138BD24
:1007B0008A42DED01268DBE7E0330020F833002005
:1007C000F8B50E4B0C4611460D4A98681060DDE9ED
:1007D0000667EFF31182402282F31288BFF36F8F16
:1007E0009D68284607F0EDFE284632463B46FFF757
:1007F0008FFF2046BDE8F840FFF706BFE03300203A
:1008000008340020F8B50446EFF31187402383F342
:100810001288BFF36F8F037C03F01F02002A0CBF06
:100820000126002649B235D103F07F03037407F097
:10083000B6FE294D037C817363F07F032A4603745F
:1008400052F8183FE869934207D1C4E900200460D8
:10085000EC610DE09842F8D01B68002BF5D093F9BD
:100860000EC08C45F6DD5968C4E900310C605C604F
:10087000AC69944200D004B9EC68AB689C4202D0E9
:10088000204600F0E9F96C6187F31188BFF36F8FA0
:100890003046F8BD9B071CD5856807F080FE817344
:1008A0002B689D4209D16B68C4E900531C606C60E1
:1008B000EAE76A689A42F6D01B68002BF3D093F9F6
:1008C0000E208A42F5DD5A68C4E9003214605C608B
:1008D000DAE78173D8E700BFE0330020034648B968
:1008E000EFF3058232B9064A51699268914201D00C
:1008F000FFF78ABE83F31188BFF36F8F704700BF85
:10090000E0330020EFF31181402383F31288BFF31B
:100910006F8F054B9A68D37B013BD37381F31188AA
:10092000BFF36F8F704700BFE033002070B5EFF367
:100930001186402383F31288BFF36F8F0F4DAB688E
:10094000DA7B0132DA732A4652F8184F944200D00B
:1009500004B9EC681A7CD20604D1DA897F2A01D95D
:10096000A2692AB19C4202D0204600F075F92346C4
:100970006B613046BDE87040FFF7D8BEE033002021
:10098000024B03F11802C3E906227047E03300204E
:1009900070B5EFF31186402383F31288BFF36F8F96
:1009A0001A4CA168E0690B68814214BF1A46002204
:1009B00049680B605960A368E1692AB9144AC3E920
:1009C00000210B60E3610AE092F90E5093F90E00EA
:1009D000854216DD5168C3E900210B605360A569AB
:1009E0000B4B9D4200D005B9E568A3689D4202D03B
:1009F000284600F031F965613046BDE87040FFF7E8
:100A000003BE8A42DAD01268D7E700BFE033002085
:100A1000F8330020F8B550EA010306460C4603D12E
:100A2000FFF7B6FF0020F8BDEFF31187402383F3F3
:100A30001288BFF36F8F124D124BA8681860FFF732
:100A40003DFEA868104923463246183000F082F96E
:100A5000AA68137C43F00403137404463846FFF776
:100A6000D3FDAB68D3E90A23B3F1004F08BF002AD6
:100A7000D8D107F02CFF201A20EAE070D3E700BF9E
:100A8000E03300200834002077860400014B98688A
:100A9000704700BFE03300202DE9F8430446878902
:100AA000EFF31186402383F31288BFF36F8F037C2B
:100AB000190705D586F31188BFF36F8FBDE8F8835A
:100AC000D90943F008026FD10274A36813B120461C
:100AD00007F06DFD04F1180007F0C4FEA56D04F1E8
:100AE0005808A84511D04FF0000975B1284607F005
:100AF0005EFD05F1180007F0B5FEC5F880902846A8
:100B0000FFF79CFDA56DA845EFD1DFF8BC80D8F8B4
:100B100008309C4250D1EFF30589B9F1000918BFA4
:100B20004FF00109D8F81850284A954200D00DB965
:100B3000D8F80C50AB4202D0284600F08DF8204681
:100B4000C8F8145003F004FCB9F1000F02D020489B
:100B5000FFF74EFDD8F808309C4230D1EFF3058303
:100B60006BBBA289D20711D586F31188BFF36F8FB3
:100B700083F31188BFF36F8F0423184602DFEFF36E
:100B80001186402383F31288BFF36F8F3046FFF73F
:100B90003BFDFB0792D5002383F31188BFF36F8FD2
:100BA0000423184602DF89E703F07F0343F00803BC
:100BB000037407F0F4FC88E74FF00009B2E786F30E
:100BC0001188BFF36F8FE4E7E0330020F833002093
:100BD00040280020D3B5DDE90667089CCDE9006711
:100BE000FFF7EEFD1CB1034B9B685B69236002B00D
:100BF000D0BD00BFE0330020027C12F01F0203468C
:100C000010D10A4988420DD00949086868B1D989CC
:100C10007F2909D893F90E20064B1B689A42B8BF6A
:100C2000002070470020704710467047882600203B
:100C3000480600200C340020044BC01A044BC0109E
:100C40005843044B01221A54704700BFC8280020A3
:100C5000ABAAAAAAD538002070B50C4B0C4D1E7C4F
:100C6000FFF7CAFF182303FB06550446284607F082
:100C7000F9FD084B00229A553CB1621E28460649F0
:100C8000BDE87040D31700F065B870BDE0330020B8
:100C9000C8280020D5380020390C040038B5EFF3FF
:100CA0001185402383F31288BFF36F8F0F4B104AD7
:100CB0009C681068A04206D1FFF7CEFF85F311882B
:100CC000BFF36F8F38BD00211B7C1160094AD35CD4
:100CD000002BF3D02046FFF78FFF0028EED0237CB7
:100CE000DB0601D1FFF736FD2046E5E7E0330020C3
:100CF00008340020D5380020024B1868984208BFFD
:100D0000002070474C060020034B1B680BB9FDF711
:100D1000D7BC0020704700BF1034002030B570B140
:100D20000B4B5B6898420AD0036843B1D3E90421B6
:100D3000D0E90445121941EB0501C3E90421D0E9CA
:100D4000003213605A600023C0E9003330BD00BF99
:100D50004C060020B3F1FF3F08BFB2F1FF3F2DE981
:100D6000F84F0446994615461F467AD08160EFF346
:100D70001188402383F31288BFF36F8FB9F1000FFE
:100D8000DFF8E4A020DBFFF7BFFFDAE90027013539
:100D900049F100092D1849EBE073C4E90453AD187B
:100DA000064643EB07074FF00109FFF7A5FFDFF801
:100DB000BCE0DEF804A00346EBB9C4E900EACAF8D7
:100DC0000040CEF8044028E0DAE900126FF0010399
:100DD0005B1A4FF0FF3161EB02025B1B62EB090211
:100DE000012B72F10001BCBF01230022C0E90432D3
:100DF0004FF00009D9E7D3E9041CD4E904208A4262
:100E000070EB0C0B24DA891A5A686CEB0000C3E90A
:100E10000410C4E9003214605C60FFF76DFF844287
:100E20000ED1134B1B685BB9B9F1000F02D1FFF76C
:100E30006BFF0646304607F0FEFC0021FDF712FC72
:100E400088F31188BFF36F8F28463946BDE8F88FC5
:100E5000521A60EB0C005345C4E90420ADD01B6866
:100E6000AAE700252F46EFE7E02800204C060020E7
:100E7000103400202DE9F047DFF8A890DFF8A880B3
:100E8000C9F800000246FFF737FF0D46002600278D
:100E9000D8E900134FEAE27E50B1D0E9044CA242F7
:100EA0007EEB0C0A1BDAA41A6CEB0E06C0E90446B2
:100EB00052184FF0000443EB0E032046C8E900230C
:100EC000C9F8004007F0B7FC2146FDF7CBFB85F3DE
:100ED0001188BFF36F8FBDE8F047FFF7DFBE6118E1
:100EE00043EBE473C0E90467C8E90013FFF716FF9A
:100EF00001224FF00043C0E9042385F31188BFF3BA
:100F00006F8F83689847EFF31185402383F312882E
:100F1000BFF36F8FD9F80020121BC9F80020FFF72C
:100F2000EBFEB5E710340020E028002010B5EFF309
:100F30001184402383F31288BFF36F8FFFF7E4FE21
:100F4000054A0346D2E90001181841EBE37184F326
:100F50001188BFF36F8F10BDE0280020F8B504465C
:100F6000EFF31187402383F31288BFF36F8FD0E92B
:100F70000423B3F1004F08BF012A04D087F311887E
:100F8000BFF36F8FF8BDD0E90A566A1C46F1000323
:100F9000022A73F1000334D3013D46F1FF36002EDF
:100FA000BCBF00252E4607F096FC013041F1000140
:100FB000401946EB0101012871F1000148DB07F0FF
:100FC0008AFC013041F100016FF00203401946EB49
:100FD000010183426FF000438B413EDB07F07BFC55
:100FE000013041F100016FF00102401946EB0103AD
:100FF000121A4FF0FF3161EB03031A492046FFF745
:10100000A9FE236B01332363236A63B187F311883D
:10101000BFF36F8F20469847EFF31187402383F388
:101020001288BFF36F8F54F8185FA542A6D0002D29
:10103000A4D0284607F0FAFA0023C5F8803087F3D9
:101040001188BFF36F8F2846BDE8F84007F0DFBA7C
:101050006FF001024FF0FF33CFE700224FF0004363
:10106000CBE700BF5D0F04002DE9F04105461C46AB
:1010700090461F46EFF31186402383F31288BFF397
:101080006F8FB4F1FF3F08BFB2F1FF3F05D186F388
:101090001188BFF36F8FBDE8F081002C09DB012AB6
:1010A00074F10003BCBF0122002412F1FF3844F1A7
:1010B000FF37284607F0D6FBDDE906010023C5E926
:1010C0000A012B6342463B4628460249FFF742FE8F
:1010D000DDE700BF5D0F040070B50546EFF3118436
:1010E000402686F31288BFF36F8F07F0BBFB20B159
:1010F00084F31188BFF36F8F70BD6B6A63B184F3A3
:101100001188BFF36F8F6B6A28469847EFF31184FD
:1011100086F31288BFF36F8F05F1180007F0BBFA52
:101120000028E5D007F073FA21460248BDE8704078
:1011300007F0C7BAD638002073B50446EFF311861E
:10114000402383F31288BFF36F8F8368594003EA0B
:1011500002050A405340009300226B460849019261
:1011600007F035FBDDE9003223EA020304F10C004D
:10117000A360314607F0A5FA284602B070BD00BF53
:10118000058A0400F8B507460C46164607F0FCF938
:1011900008B10020F8BD0D4B9B685D6F002DF8D0A5
:1011A000221DF6D2EFF31184402383F31288BFF39C
:1011B0006F8F47F004012846B04784F31188BFF3CE
:1011C0006F8F0028E5D040F8045BE3E7E0330020B0
:1011D0000146024A0020FFF7D5BF00BF4735040093
:1011E00010B50C4C236813B10B4B1B682BB900F0E6
:1011F0002FFF30B9084B01221A6001232360002021
:1012000010BD0138062801D9044810BD044B53F81D
:10121000200010BD1834002014340020FE8FFFFF82
:1012200058990400BFF34F8F0549064BCA6802F472
:10123000E0621343CB60BFF34F8F00BFFDE700BFF9
:1012400000ED00E00400FA0510B4094B09490A4C0E
:101250004FF0FE32C3F800244968C3F80424C3F8F1
:101260000824C3F80C240023C4F8003510BC084738
:1012700000B002505406002000A00250D0E9001235
:10128000014BC3E9001270475406002070B58CB0C2
:10129000144606460D4603AA202104A800F0B6F91C
:1012A000002835D1039B202B32D11A484FF0FF3153
:1012B00000F082FF40BB002000F0AEFF00BB0094B6
:1012C0002B46202206F1100004A900F091FC0446F0
:1012D000012000F0A1FF78B90E4800F075FF38B981
:1012E000B4B9202104A800F045FF20460CB070BD21
:1012F0000948FFF7A9FFF3E70848FFF7A5FFEBE769
:101300000648FFF7A1FFDAE70348FFF79DFFD2E7A2
:10131000034CEAE7E0060020749904008C9904006D
:10132000FE8FFFFFF0B50F468FB01546044600282C
:1013300059D03E4B02689A4264D00DB1002969D061
:1013400026464FF4A071304600F014FF05AA202174
:1013500006A800F05BF900285FD1059B202B5CD12B
:1013600033484FF0FF3100F027FF70BB002000F042
:1013700053FF30BB00230295CDE90037202206A998
:1013800006F1100000F0D8FA0546012000F044FFF5
:1013900098B9274800F018FF58B9002D41D12021F5
:1013A00006A800F0E7FE214B33609CB128460FB041
:1013B000F0BD2048FFF748FFEFE71F48FFF744FF65
:1013C000E7E71D48FFF740FFD4E71A48FFF73CFF67
:1013D000CCE70025194800F0F7FE0028E6D01548B4
:1013E000FFF732FFE2E715484FF0FF3100F0E4FE6F
:1013F00060B9134B0D4A1B689342EAD005B197B10F
:101400000F4E9EE7002528460FB0F0BD0948FFF7B4
:101410001BFFEEE76FF4E045C8E7202106A800F0C7
:10142000A9FE084DC1E76FF4E045D3E7A5BCC95A52
:10143000E0060020749904008C990400CC0600207A
:101440001C340020FE8FFFFF2DE9F04F83B0002BEE
:1014500000F0C7801D4600230446884617462B60CF
:101460008AB1002900F0BD80002800F085805E4B25
:1014700002689A4244D1B7F5806F0AD95B4E304674
:1014800003B0BDE8F08F002876D0574B02689A422F
:1014900036D1A146D9F838311BB1D9F83020934262
:1014A00035D953484FF0FF3100F086FE00287CD13B
:1014B000002000F0B1FE002873D1002309F1100ACA
:1014C0004FEAC70B009342465946504600F098FA3F
:1014D0000646012000F0A0FE00285ED1444800F03E
:1014E00073FE002855D11F2E1AD076B92F6044B94B
:1014F000404800F069FE20B13F48FFF7A5FE00E03C
:101500003E4E304603B0BDE8F08F3D4EEFE700227F
:1015100011464846FFF7BAFE06460028C1D0E6E766
:10152000002248461146FFF7B1FE06460028DED1EC
:101530002F484FF0FF3100F03FFE00284DD1002032
:1015400000F06AFE002844D1002342465946504626
:10155000009300F055FA0646012000F05DFE0028D9
:1015600033D1234800F030FE0028BED02248FFF7D8
:101570006BFE002EBAD0C8E71E484FF0FF3100F0D6
:101580001BFED8B91F4B1A68174B9A4211D01B4E3D
:10159000AEE71948FFF758FEA5E71B48FFF754FED2
:1015A0009CE71948FFF750FE87E71348FFF74CFE0A
:1015B0007EE7B7F5806F05D90C4E99E70E48FFF727
:1015C00043FEDFE7DFF83C9064E70F48FFF73CFE9F
:1015D000C7E70D48FFF738FEB6E70748FFF734FEC8
:1015E000ADE76FF4E0468CE7A5BCC95ADE8FFFFF7C
:1015F000E0060020CC06002074990400E88FFFFF6D
:10160000FE8FFFFF1C3400208C9904002DE9F04769
:10161000DFF8A0A00D4680464FF0FF31DAF8000059
:10162000914600F0C9FDB0BB002000F0F5FD70BB95
:10163000CDB1214F002603E000F09AFD2D1B13D001
:10164000182D4FF0180138462C4628BF182400F0FA
:1016500025FB0346224608EB060039462644002BAC
:10166000EAD0164C03E02E46C9F800600024124868
:10167000182100F07FFD012000F0CEFDA8B9DAF8B6
:10168000000000F0A1FD50B92046BDE8F0870C48ED
:10169000FFF7DAFDCCE70B48FFF7D6FDC4E70948B2
:1016A000FFF7D2FD2046BDE8F0870548FFF7CCFDE7
:1016B000E5E700BFD00600205C350020FE8FFFFF6D
:1016C0008C9904007499040010B5044650B1636805
:1016D00013F0685F05D0064A934202D000232360CE
:1016E000626010BD034B04485B689847EFE700BF9A
:1016F0002C5F5CA954060020AC990400C8B1436873
:101700000D4A934213D013F0685F0ED0012350E8C6
:10171000002F194640E8001C9CF0000FF7D1012A69
:10172000F5D0BFF35F8F002070470448704704482E
:1017300070476FF4E04070472C5F5CA9E98FFFFFB2
:10174000EA8FFFFF80B14368094A93420AD013F041
:10175000685F05D0BFF35F8F0023036018467047B2
:1017600004487047044870476FF4E040704700BF7A
:101770002C5F5CA9E98FFFFFEA8FFFFF10B50446DD
:1017800020B1044B63600022226010BD0248FFF7C5
:101790005BFDF6E73A00003AD499040010B5D0E9B1
:1017A0000023194C6360D0E90230C4E902302260A2
:1017B000164BD1F800C0C3F800C0D1F804C0C3F87C
:1017C00004C01348D1F808C0C3F808C0D1F80CC051
:1017D0000969C3F80CC01961436813F0685F04D04D
:1017E0000C490023C0E9003190470B48436813F0CF
:1017F000685F07D0074923680022C0E90021BDE8DF
:101800001040184710BD00BF700600205C06002085
:10181000900600202C5F5CA988060020F0B585B0FA
:101820000446C07FA37F94F81DC094F813E0451CC4
:1018300003EB15230CEB132CA377237FE07E84F8B6
:101840001DC003EB1C2300EB13202377A37E94F829
:1018500019C0E07603EB10230CEB132CA376237E48
:10186000E07D84F819C003EB1C2300EB13202376E2
:10187000A37D94F815C0E07503EB10230CEB132C3B
:10188000A375237D84F815C003EB1C2394F812C0C4
:1018900023750EEB132E637CE5770CEB1E2C03EB0C
:1018A0001C2384F812C094F810C084F813E020467A
:1018B0000CEB132C637400F810CF10234FF0000CC6
:1018C000CDE900C004AF02930E461546234662469A
:1018D0006046022100F01EFE10B10437BD46F0BD87
:1018E0002021204600F0ACFE0028F6D129463046E3
:1018F00000F0A8FE0028F0D11F2D14D8C5F1270351
:1019000023F007036E46ADEB030DC5F1200504ACD3
:1019100001462A46204607F0CDF82946204600F029
:1019200091FE38B9B5460021084600F0C7FE0437DD
:10193000BD46F0BDB546D0E7F0B589B005460F9C71
:10194000109E002C47D02022684607F08CF866B322
:10195000731E022B51D926F00300214620446A460B
:1019600051F8043B1768814283EA070342F8043BBD
:10197000F6D1B30719D026F003031DF80310E25C7B
:101980004A400DF803205A1C96420ED91DF8020059
:10199000A15C023341409E420DF8021005D91DF8AA
:1019A0000310E25C4A400DF803202422002128465F
:1019B00007F080F8202269462846FFF72FFF0446EB
:1019C00010B901232B6200240821684600F01CFB9B
:1019D000204609B0F0BD0F462422214607F06AF8E0
:1019E000202239462846FFF719FF04460028EFD188
:1019F000012320462B6209B0F0BD0023BDE700BFE4
:101A00002DE9F0439046026ABDB01D4601324FF009
:101A10000003CDE90433CDE90633CDE90833CDE940
:101A20000A3370D004460E46002D6AD0449A2946E7
:101A3000FFF7F4FE002861D1E27FA17F637F501C95
:101A400001EB1021227FA17703EB112302EB13227C
:101A50006377E37E227703EB1223A27EE37602EB29
:101A60001322637EA27603EB1223227E637602EBBF
:101A70001322E37D227603EB1223A27DE37502EBB2
:101A80001322637DA27503EB1223227D637502EBA3
:101A90001322E37C227503EB1223A27CE37402EB96
:101AA0001322637CA27403EB1223227C637402EB87
:101AB000132323740022102304F11007E07702217E
:101AC000CDE9017310460092234600F023FDA8B92A
:101AD0004046F10800F0B4FD80B95FEA162916D03F
:101AE0004FEA0929804601E0C84510D0202104A80A
:101AF00008F5807800F0A6FD0028F5D03DB0BDE8DF
:101B0000F08304AD98E71F203DB0BDE8F083B145F8
:101B100007D0A6EB0901C90804A800F093FD00282E
:101B2000ECD10CA800F05EFD0021084600F0C6FDD7
:101B30000028E3D1102212A9384606F094FFE17F75
:101B4000A37F627F0139A3EBD1739BB2A2EBD332A7
:101B5000A377237FE17792B2E17E6277A3EBD23362
:101B60009BB2A1EBD3312377A37E627E89B2A3EB34
:101B7000D1339BB2A2EBD332A376237EE17692B22D
:101B8000E17D6276A3EBD2339BB2A1EBD331237616
:101B9000A37D627D89B2A3EBD1339BB2A2EBD3329A
:101BA000A375237DE17592B2E17C6275A3EBD2331C
:101BB0009BB2A27C2375A1EBD33189B2637CE17423
:101BC000A2EBD13292B2A3EBD233A274227C9BB2AD
:101BD0006374A2EBD3332374202229462046FFF7F7
:101BE0001DFE00288AD1236A0133236286E700BFE5
:101BF000F0B589B005460E9E002B43D068461746C7
:101C00001C4606F030FF66B3731E022B44D926F043
:101C100003022244A646EC46DCF800305EF8041BC2
:101C2000594096454CF8041BF6D1B30719D026F05D
:101C300003031DF80310E25C4A400DF803205A1C10
:101C400096420ED91DF80200A15C023341409E422B
:101C50000DF8021005D91DF80310E25C4A400DF89A
:101C600003203A4669462846FFF7D8FD044610B9D6
:101C700001232B6200240821684600F0C5F92046A4
:101C800009B0F0BDFFF7CAFD04460028F7D10123D3
:101C900020462B6209B0F0BD0023CAE72DE9F04FC2
:101CA000C24C8FB0237800AFC7E901012BB92046A1
:101CB00000F066FF204601F0ADF8BD4BBA68A3FB0B
:101CC00002231B094FF0000B3B61C7F814B0B74863
:101CD00000F0BCFF8246002852D1B64C237C002B7A
:101CE00040F0AD804FF08053E946D3F80C2C013220
:101CF00000F07A81D3F80C2CAD4B172AA3FB02130A
:101D00004FEA131640F29980FE604FF000084E46ED
:101D1000C7F800A0A548062207F1200100F0D8FF6F
:101D2000002840F06481A44BD4E90215986807F1BB
:101D3000200C07F1380EDCF800301F22994603E032
:101D4000A8420ED0531C20D04B46D34013F00103C1
:101D500015BF0021013101351D46884202F1FF32D5
:101D6000EED19648C4E902154FF00E0AFFF76CFA5F
:101D7000B54600F0A3FF8D4801F050F80028A6D129
:101D800050463C37BD46BDE8F08F0CF1040CE645EB
:101D9000D1D1894B2068C4E90215D3E9009A07F133
:101DA000200E18224FF0000B41460346C3F5806C0D
:101DB0004FEA5C1C4FEA8C0C944528BF94465FEABE
:101DC0009C0826D0C7E9063EAEF10400656800EB2A
:101DD000880850F804EF4FEA5E0303F05533AEEB8A
:101DE00003034FEA930E0EF0333E03F03333734494
:101DF00003EB131303F00F3303EB032303EB034352
:101E00001B0EC3F1200380451D44E2D1D7E9063EF5
:101E1000656003EBCC03B3F5806FA2EB0C024BD0F3
:101E2000E644002AC2D12360FB6801F1010898450D
:101E3000FFF470AFD7F800A0B54601232374BB6848
:101E4000172B40F2A0807B687A69FA6103EB82016C
:101E5000002398468946D34654480622494600F056
:101E600037FFCC46002840F0C580534BD4E90256DA
:101E70009968FB69A9F1040E9A465EF8040F1F22C7
:101E800003E0B1420ED0531C21D020FA02F313F02C
:101E9000010315BF0025013501361E468D4202F1B2
:101EA000FF32EED14548C7F814A0C4E902564FF0FE
:101EB0000E0AFFF7C9F95CE763684B4580F08A803A
:101EC000534540F28780C4F804B00023A8E709F125
:101ED00014037345C4E90256CFD1374BC7F81490A9
:101EE0005246D3E900EA2368FA6118214046C3F557
:101EF00080684FEA58184FEA8808884528BF884606
:101F00005FEA980926D0ACF104056668C7F818C0E6
:101F100005EB890955F804CF4FEA5C0202F055320F
:101F2000ACEB02024FEA920C0CF0333C02F033327D
:101F3000624402EB121202F00F3202EB022202EBB9
:101F40000242120EC2F1200216444D456660E1D1F4
:101F5000D7F818C003EBC803B3F5806F2360A1EB7B
:101F6000080117D0C4440029C1D1FB69D7F81490E7
:101F70000633FB613B6900F10108984509F1180936
:101F8000FFF46AAFDA4600F099FE50463C37BD4692
:101F9000BDE8F08F6368734512D2534510D9002312
:101FA0000022C4E900230023DCE700BF8C350020B9
:101FB000ABAAAAAAE8280020B8060020F8990400D5
:101FC000FB6910487B614FF00D0AFFF73DF900F007
:101FD00075FED0E64FF480630A4823604FF00D0A87
:101FE000FFF732F9B546C4E64FF404768CE6824634
:101FF000B546BEE6FB697B610546AA4600F05EFE7B
:10200000B9E600BFF8990400890000F047B900BFA5
:102010003AB101EB820251F8043B40F8043B914293
:10202000F9D1704708B500F037F830B900F03EF844
:1020300028B9064AC2F80C0A08BD032008BD00F002
:102040002DF800F06DF8042008BD00BF00B002506C
:1020500030B583B0FFF7E6FF044610B90B4D2B688F
:1020600013B1204603B030BD02460146FFF75AF9CE
:1020700050B9074901AB6822FFF7E6F920B9054BD3
:102080002B60204603B030BD0524EAE79C350020D4
:10209000A03500205AEA5A5A0020704700207047A5
:1020A000014BC3F8040A704700B0025010B5154840
:1020B00000F06EF800B110BD134800F069F8002878
:1020C000F9D1124C204600F063F80028F3D1104BF0
:1020D00010481C6000F05CF80028ECD10E4800F0BD
:1020E00057F80028E7D10D4800F052F801460028C3
:1020F000E1D100F039F8044608B900F06FF8204645
:1021000010BD00BFE0060020DC060020D80600203D
:10211000D0060020D4060020CC060020C8060020EF
:1021200008B50B4800F03EF80A4800F03BF80A48B2
:1021300000F038F8094800F035F8094800F032F8A6
:10214000084800F02FF8BDE8084000F00FB800BFC5
:10215000E0060020DC060020D8060020D40600207F
:10216000CC060020C806002000207047704700BF42
:1021700006F087BC82B0019041B100239C461A460C
:1021800001980133994200F802C0F8D102B07047BB
:1021900008B5034B02681B6810689847002008BD0B
:1021A0007006002008B5034B02685B68106898470A
:1021B000002008BD70060020024B02689B68106872
:1021C000184700BF7006002008B5034B0268DB68A3
:1021D00010689847002008BD7006002070B5094CB3
:1021E000094D2069AB68984718B1084B08485B68EF
:1021F0009847084AEB68206900211160BDE87040EB
:10220000184700BF5C06002070060020540600201E
:10221000049A040008360020F8B51A4D1A4E0446F8
:10222000B26828699047E8B9184F3B684CB1A3B130
:10223000012B19D0013B3B602869F36898470020C7
:10224000F8BD43B9124A0121C2F800151149D1F86D
:102250001029002AFBD101333B60F36828699847B5
:102260000020F8BD0C48F8BD0A4AD2F81039002BFE
:10227000FBD1074A6FF07E40C2F80035FFF710FF30
:102280003B68D7E75C060020700600200836002077
:1022900000A0025000B00250E98FFFFF2DE9F0418D
:1022A0000E4682B0002879D000296FD03E4C0546FA
:1022B000012755E0D4E901E1D4F80CC020684FEAC9
:1022C000CE524B0980EAC05842EA502243EACC631E
:1022D0008EEA02004B404FEA984E4EEA803E83EA77
:1022E00008038CEA5C1283EA0E03424011EB030EF2
:1022F00082EA90424CEB0200082EC4E90232B0465A
:1023000028BF4FF0080815F00303C4E9001CCDE90D
:1023100000E032D1072E3DD8032E2CD9B8F10402AB
:10232000C5F800E018D0042303F108016944012A2C
:1023300011F8081CE9540FD003F109006844591C36
:1023400010F8080C6854032A06D103F10A026A4403
:10235000023312F8082CEA54B6EB0806454415D0AF
:10236000237E002BA6D118212046FFF797FC0028DA
:10237000F9D127769EE74246D6E728464246694687
:1023800006F071FBB6EB08064544E9D1002002B027
:10239000BDE8F081C5F800E06860DDE70029F5D010
:1023A000142002B0BDE8F0810029002031B10138CD
:1023B000002300F8013F01339942FAD1704700BF72
:1023C00070B5504C504D0120C4F8100800F0C4FB0B
:1023D0000023C4F84034C4F84434C4F84834C4F882
:1023E0004C34C4F86034C4F86434C4F86834C4F8B5
:1023F0006C34C4F8BC34D4F8C03423F00103C4F8FE
:10240000C0346B68D4F8C02403F001031343C4F84C
:10241000C0342A68072A05D1D4F8C03423F0010358
:10242000C4F8C034374CD4F8C01421F01C01C4F8EF
:10243000C014D4F8C014930003F01C030B43C4F879
:10244000C034D4F8C03495F89C1023F00203C4F8CB
:10245000C0340029A96B2D4B08BF002300293DD1B2
:10246000D4F8C00420F44050C4F8C00495F83400F7
:10247000D4F8C064C4F8C064A0B91A68C4F80024D1
:102480005A68C4F804249A68C4F80824DB68C4F8BD
:102490000C342A68072A03D11A4B0122C3F87C2482
:1024A000002070BD0328F5D11868194E00F0D6FC45
:1024B000B0B933681B68C4F8003433685B68C4F88B
:1024C000043433689B68C4F808343368DB68C4F8A4
:1024D0000C3400F0D1FC18B92A68DBE7062070BD87
:1024E0003268084B1268C3F8002432685268C3F897
:1024F000042432689268C3F808243268D268C3F8AA
:102500000C2470BD00B002500C360020AC36002008
:10251000C40600202DE9F84F2F4E304DDDF828A0DD
:10252000002483460F4691462146C02230469846F5
:1025300006F0C0FAC5F84044C5F84444C5F848441C
:10254000C5F84C44C5F86044C5F86444C5F868440F
:10255000C5F86C4400F0F8FAC5F8C044204600F015
:10256000FBFAC5F81048C6E9007B86F83490C6F837
:1025700038A0B8F1000F0AD00AF102020123D200FC
:10258000414606F1A00086F89C3006F06CFA102057
:1025900000F0CCFAFFF714FF40B9022F08D0072F44
:1025A00004D01FB10E48FEF74FFE0620BDE8F88F9D
:1025B0000B9A0A4B1268C3F860240B9A5268C3F84E
:1025C00064240B9A9268C3F868240B9AD268C3F803
:1025D0006C24BDE8F88F00BF0C36002000B002501C
:1025E000F899040010B51349C022044606F03BFADE
:1025F000114B1249D3F84024A260D3F84424E2607E
:10260000D3F848242261D3F84C246261D3F86024C3
:10261000A261D3F86424E261D3F868242262D3F87B
:102620006C34636204F13C006022BDE8104006F0A7
:102630001ABA00BF0C36002000B002501C37002030
:1026400000F07ABA70B51B4C2368072B17D0A36A29
:1026500006460D46B3B1012000F07EFAA36A2B4472
:102660000F2BA3621CD9012301222946304600F01A
:10267000BFF9034620B9104B1B6C102B16D000235A
:10268000184670BDE36A002BE5D0012000F032FA55
:102690002368072BDFD1A36A2B440F2BA362E2D858
:1026A0002368012B94BF00230123DDE700F022FA09
:1026B000E5E700BF0C3600201C3700202DE9F04173
:1026C000554CDFF85881564A84B0A36AD8F8405078
:1026D000C2F8BC5400AF06460D46B3B32368072BBF
:1026E0007ED1002000F006FA4D4B0022C3F8BC2436
:1026F00015B1D8F858302B602368072B2FD000264F
:102700000024474D4448C022214606F0D3F9C5F8BD
:102710004044C5F84444C5F84844C5F84C44C5F89D
:102720006044C5F86444C5F86844C5F86C4400F0DA
:102730000BFA2046C5F8C04400F00EFA30461037B8
:10274000C5F81048BD46BDE8F081E36A002BCBD048
:102750002368072B57D0012000F0CCF9C4E7E36AC7
:102760001BB92F4B0122C3F824252D4B256BD3F821
:1027700040243A60D3F844247A600335D3F84824DF
:102780006168BA60AD08EA1DD3F84C04F86022F025
:10279000070301296C46ADEB030D2CD12946684691
:1027A000FFF704FE65B3691E0DF1FF306944002296
:1027B00010F8013F07F1100505EB830556F82330AB
:1027C00055F8105C6B40134314BF0122002288426D
:1027D000EED1ABB11348FEF737FD1226A5468FE7C1
:1027E000012000F0B9F92368002B7FF47AAF0120B3
:1027F00000F080F978E72A4639463046FFF708FCB2
:102800000026A5467CE7012000F0A6F92368072BE7
:102810003FF467AF9FE700BF0C3600201C37002055
:1028200000B00250F8990400F0B56E4B6E4A0124D6
:10283000C3F8204892F85C5092F84870A54286464A
:102840003CD04FF4FE64C3F8044AD3F8084A44F479
:102850007F64C3F8084A002F3BD1002D61D1634B40
:102860001C7C14B11C68844261D993F824401CB1CB
:102870005C69844240F2818093F838401CB19C6AC4
:10288000844240F2918093F84C401CB1DC6B84424E
:1028900040F29180534BC3F828ECC3F82C1C002F56
:1028A00043D080214F4AD2F8003A31EA0303FAD1EB
:1028B0000023C2F8081AC2F82038F0BD4FF476643D
:1028C000C3F8044AD3F8084A44F47F64C3F8084ABA
:1028D0003FB3464BD46C1F7C17B11F68BC4237D244
:1028E00093F8247017B15F69BC424DD293F83870E9
:1028F00017B19F6ABC424FD293F84C7017B1DF6B8F
:10290000BC4260D227460C44D464946D0C44946558
:10291000344CC4F8287DC4F82C1D002D5CD101274F
:102920009EE7C3F8300CC3F8341C4021BAE75D6859
:102930002544854299D9002505EB850503EB8503E0
:10294000556D9A68DE68121B104405FB060EA1E760
:102950005E6807EB060C6445C2D24FF0000C0CEB2E
:102960008C0C03EB8C0CDCF80860DCF80CC0F71B5B
:10297000566D274406FB0C77C5E79D6925448542C3
:102980007FF67AAF0125D7E79E6907EB060C644511
:10299000ACD24FF0010CE2E7DE6A07EB060C6445AF
:1029A000AAD24FF0020CDAE7DD6A254485427FF6B1
:1029B0006AAF0225C0E71D6C2544854288BF032508
:1029C0007FF668AFB8E71E6C07EB060C644538BFAE
:1029D0004FF0030C96D2C2E7C4F8300CC4F8341C94
:1029E0005FE700BF00B002501C370020CC3600204B
:1029F000B0F1005F55D32DE9F84314464218B2F107
:102A0000804F05460F4669D8DFF8E090D9E91012EB
:102A100074B3002B4ED0D9F85030BB4261D3DB1BCE
:102A2000C9F85030002947D1FFB1D9F8401089F8D2
:102A30004840C1BBD9F844307E1EB6FBF3F603FB19
:102A400006F646B1B6F5803F28461CD23146FFF760
:102A5000EBFEBF1B354425483A46294606F003F8ED
:102A6000D9F840303B44C9F840300020BDE8F88335
:102A70000029D9D099F84830F3B14846FFF7D4FE81
:102A8000C9F84040D0E7D9F84440C4F58038414601
:102A9000FFF7CAFEA4F58033F6181F444544D1D190
:102AA000D9E70A2070471148FFF7BEFE0023C9F896
:102AB0004030BFE70029B7D0521ABA4209EB0100F3
:102AC0002946164628BF3E4605F0CDFFD9F84030CE
:102AD00033443544BF1BC9F84030A5E70A20BDE8A0
:102AE000F8830348FEF7B0FB1320BFE71C37002034
:102AF000F899040010B50C4C216C29B128B90A488A
:102B0000FFF792FE0023236410BDC1F1400260185C
:102B1000002105F0CFFF616C03482164FFF784FEBC
:102B200000232364F0E700BF1C370020014B5864EA
:102B3000704700BF1C370020024BC3E9130100207F
:102B4000704700BF1C37002002486022002105F0BA
:102B5000B1BF00BF1C370020074AD2F81039002B44
:102B6000FBD1064B0449C2F800091870D1F810399E
:102B7000002BFBD1704700BF00B00250D6380020B8
:102B800010B44FF08053D3F8102C013222D0D3F878
:102B9000102CFAB9D3F8142C013230D0D3F8142CFD
:102BA0006ABBD3F8182C013237D0D3F8182CA2BB4B
:102BB000D3F81C2C013203D0D3F81C3C002B3ED0A0
:102BC0004FF08053D3F81C2C013234D0D3F81C4C76
:102BD000032108E04FF08053D3F8102C01320AD0C3
:102BE000D3F8104C00210023C0E901340122027007
:102BF000017310BC7047002141F25C24F3E74FF0F1
:102C00008053D3F8142C013203D0D3F8144C012193
:102C1000E9E7012141F66414E5E74FF08053D3F86A
:102C2000182C013203D0D3F8184C0221DBE7022123
:102C300040F6D864D7E7032141F28834D3E702484D
:102C400010BCFEF701BB00BFF899040038B503784B
:102C500053B3184B90F80CC00124D0E90152C3F8CB
:102C6000C441C3F84041C3F8C441C3F83021D3F88C
:102C700030118A42F7D100203F22C3F82C01C3F85B
:102C8000082A1E22C3F800210422C3F8040AC3F84C
:102C90000C21D3F80C214CEA0202C3F80C21C3F832
:102CA0003851C3F82C4138BD0348FEF7CDFA0C204B
:102CB00038BD00BF00B00250F8990400034B00205B
:102CC000C3F82C01C3F8C401704700BF00B0025024
:102CD0002DE9F84F4FF0000C4C4B86460E466446EB
:102CE00001204FF0FF354FF03F094FF01E08042739
:102CF000D3F8042112F00E0F55D0D3F80C21D3F8DD
:102D00003011C3F82C4102F00302032AC3F8BC01BE
:102D1000C3F808516BD0013242F0040AD2B2C3F8B2
:102D20000CA1C3F830118EF80C20CEF80810D3F89F
:102D30000C11D3F83021D3F838A1C3F8C40101F045
:102D4000030BC3F84001C3F8C401C3F83021D3F822
:102D500030118A42F7D1C3F82C41C3F8089AC3F85E
:102D60000081C3F8044AC3F80C71D3F80C214BEA74
:102D70000202C3F80C21C3F838A1C3F82C01D3F820
:102D80000421D1070CF1010C11D4BCF1640FAFD1B7
:102D90001E4B1F480022C3F82C21C3F8C421FEF7A4
:102DA00053FA102021E0D3F80421D207A0D5BCF1BA
:102DB000640FEDD0154B4FF0FF320121C3F8BC1169
:102DC000C3F80821D3F814213260D3F818217260B7
:102DD000D3F81C21B260D3F82021F260D3F824216B
:102DE0003261D3F8283173610020BDE8F88F4A1CA6
:102DF0009DD0491844EB04028D4274EB020238BFA7
:102E00004FF0FF3100224FF0040A88E700B0025073
:102E1000F89904000A234360704700BFC368032B7E
:102E200005D0022B15D80133C36001207047836899
:102E30005A1C10D0DB184FF0000242EB0201914205
:102E40004FF0FF3C0CBF19466146C0E90212012059
:102E500070478368EEE70020704700BF29B9044B34
:102E6000002814BF1846002070470248704700BF72
:102E70000100F7000300F700034B00200122C3F814
:102E8000380AC3F87824704700B002500CB430B54B
:102E90008BB004460D462022002102A805F00AFE50
:102EA00002238DF80A30002D0C4B0393069412DB9D
:102EB00001D06B1E1C440FAA0E99079402A8019220
:102EC00000F00EF815B1069B00221A700BB0BDE899
:102ED000304002B070470024EDE700BFD18B040002
:102EE0002DE9F04F8BB04368009383789C078046B0
:102EF000924640F1F98000250878002800F0F6801D
:102F000025280AD04B1C019301354146009B984768
:102F10000028C0F2E3800199EEE74E788B1C252E45
:102F20000193F1D00027B9463C460A221F2C22D833
:102F3000A6F12003102B20D8DFE803F0141F1F1A7E
:102F40001F1F1F0B1F1F1F121F171F1F090044F0F9
:102F50000104019B13F8016B0193002EE6D13AE0C6
:102F600044F0020444F00404F3E744F00804F0E7FA
:102F700044F01004EDE77F2C24D8A6F13003092B90
:102F800008D860064EBF02FB073702FB093944F040
:102F90002004DEE72A2E0DD161065AF8043B53D4F3
:102FA000002BA7BF44F020049946C3F1000944F068
:102FB0002804CEE72E2E05D1630600F1978044F059
:102FC0004004C6E76C2E2ED028D8682E32D06A2E48
:102FD00037D04C2E35D0002F46F02003B8BF24F058
:102FE0004004A3F16502BCBFA4B20027022A01D9A4
:102FF000612B2BD10AF1070A2AF0070A9C4E0AF12D
:10300000080A0727210760D506EB070B34465C4505
:103010005DD1AE1BA219A9EB070959E1742E98D016
:103020007A2E96D0D7E7260648BF44F4007444F0C1
:1030300080048EE7E00548BF44F4007444F48074D3
:1030400087E744F4207484E71F4682E7A6F1630211
:10305000122A00F2D880DFE812F013004D00D600EB
:10306000D600D600D6004D00D600D600D600D60039
:10307000D600E800D100D600D6001A00D600A00085
:103080005AF8043B8DF81030012704AEBAE75AF81D
:10309000046B784B002E08BF1E4614F0400F14BF7F
:1030A00039464FF0FF31304605F02FFD0746A9E7BE
:1030B000009B41462020984700280FDB013CA74297
:1030C000F6D34D442D1BA1469EE74C46F7E714F876
:1030D000010B009B41469847002898DA98F8023087
:1030E00043F0040388F802304FF0FF3528460BB058
:1030F000BDE8F08F220630D5A3052AD50AF1070ACC
:103100002AF007039A4659685AF8080B24F0100B66
:1031100000291FFA8BFB2FDA404261EB41014BF48F
:10312000806B04AC0A23224605F0FBFC1BF0400F29
:10313000A0EB040200F08E802BF001049742A4B2B1
:1031400040F38F80002E40F08E802BF01104A4B24B
:103150001DE05AF8040BC117D8E7E0055AF8041B24
:1031600001D40846F7E7A2054BBF48B208B241F3C5
:10317000C01141F3C031C9E750EA0103D1D1630660
:10318000CFD5002FCDD124F01104A4B23A463B464E
:1031900040F206410C4262D124E024F01004A4B2B3
:1031A0000A2314F0800243D014F400711FBF0AF107
:1031B000070A2AF007029246516814BF5AF8080B12
:1031C0005AF8040B50EA01023ED124F0160B6206B5
:1031D0001FFA8BFB3CD5002F3AD124F01704A4B280
:1031E0003A463B4621075AD4E10705D5994572DD99
:1031F000A9EB03039F184B469B464AE044F010049A
:1032000010237826CDE7782B04D1C6F1780343F05C
:103210001003C6E7009B4146252098470028FFF68B
:103220005DAF02354146304670E608230026B8E718
:1032300014F480715AF8040BC4D014F400711ABF4E
:10324000C0B2114680B2BDE724F006041FFA84FB29
:1032500004AC68E713465C46E10699D52EB9013304
:10326000C0E71346F8E73B46F6E70233BAE700BF8C
:103270000EBB040007BB0400CDE902324146009BAF
:10328000202098470028FFF629AFDDE902320BF134
:10329000010BD945F0DCEB1A03EB0B055B46E106AD
:1032A00027D5CDE902324146009B302098470028BF
:1032B000FFF614AFDDE902327EB901352F44791BE8
:1032C0008A4229DB144604AE9CBB2A44A9EB0309BD
:1032D0001546914442E017468EE7CDE902320235A9
:1032E00041463046009B98470028DDE90232E5DA86
:1032F000F4E640F206410C42E0D014F0020F14BF95
:103300002B20202014F4806FCDE9023205F1010555
:10331000414618BF2D20E5E7CDE902324146009B2A
:10332000302098470028DDE9023205F10105C6DAB0
:10333000D4E6013CCDE90232305D009B414698471E
:103340000028DDE90232BFDAC8E6009B41462020B2
:103350009847002805F10105FFF6C0AEA9EB05036B
:10336000002BF2DCD7E500BF704700EBC1004088BE
:1033700040087047F8B50346FFF7F7FFB0FA80F052
:10338000C0F11F0003EB800CCA00DCF81060171DB1
:103390000C4606328DB256B9012101FA00F0D96807
:1033A0000143D960CCF81040DD539D52F8BDF100C7
:1033B0000431585AD85303EBC0009E52C5805D5269
:1033C000F4E710B500EBC104E3888B4202F104017D
:1033D0000AD1012303FA02F2C36823EA0203C3609D
:1033E000002340F8213010BDA28840F8213000EBC6
:1033F000C20100EBC300CB808280F4E708B503462E
:10340000FFF7B3FFB0FA80F2C2F11F021846BDE821
:103410000840FFF7D6BF2DE9F843B1FA81F3C3F1B5
:103420001F0200EB82090646D9F810700D4687B9D5
:10343000C3F120034FF0FF349C40F3681C4014D0CC
:1034400094FAA4F2B2FA82F2131D56F823402146F0
:1034500008E03C464FF0030821463046FFF785FF61
:10346000854205D83046FFF7ACFF2046BDE8F8831B
:1034700006EBC404B8F10108E488C9F81040D7D0BD
:10348000BC42E9D1D4E738B50446FFF76EFF0D46DC
:10349000034611462046FFF768FF03449BB204EB46
:1034A000C5055A006A802046FFF75FFF014424F8F3
:1034B000313038BD70B50446FFF757FF0B4604EBBB
:1034C000C305511A9B1A89B203444E009BB204EB08
:1034D000C2006E805D00458024F8321020461146FF
:1034E000FFF743FF014424F8313070BD70B509B9CE
:1034F000002070BD056801F007030B33CC0804EB16
:10350000D304AB689C4228BF1C4621462846FFF7DF
:1035100082FF06460028EBD001462846FFF725FF2C
:10352000A04207D932192846FFF7C4FF11462846A2
:10353000FFF720FF05EBC6021046538843F0010356
:1035400053800430D5E71146FFF7D0BF2DE9F8438B
:1035500014464A4202EA010931EA020203460BD04C
:103560004A46042A4F4628BF0422A1EB09096CB938
:1035700000252846BDE8F883042904D82146BDE883
:10358000F843FFF7B3BF00270422F0E71E68A9EB5A
:10359000020204F0070302F007010B330B44E108B9
:1035A00001EBD20101EBD301B368994228BF194660
:1035B0003046FFF730FF80460028D9D03D1D05EB8F
:1035C000C00509F1FF3335441D44B5FBF9F509FB8E
:1035D00005F5ED1B2C442B1F07349B1B24F007041F
:1035E000A41BB0EBD30F4FEAD3074FEAE40408D291
:1035F00001463A463046FFF75DFF41463046FFF749
:10360000B9FE39463046FFF7B0FE3844844207D24F
:1036100030462246FFF74EFF21463046FFF7AAFE0E
:1036200006EBC706738843F001037380A1E7043AF1
:103630002DE9F843CC1D114424F0070421F00706BE
:10364000A6EB04084FEAD807B7FA87F2C2F12405BF
:10365000AD004FF000090735C2F12002ED0804600B
:103660004946A760C4F80C90920004F1100005F0E0
:1036700021FAAAB2530043F0010363807B1B9BB283
:1036800004EBC5015800A4F80090488024F83520C8
:10369000A6F8029024F8083004EBC70329465A889C
:1036A00042F001025A802046BDE8F843FFF762BEAF
:1036B0002DE9F04706460D46174698462BB398F875
:1036C000004093F80190DB78A40004EB430498F8E1
:1036D00002301C4444444FF0000ACA4509D3D8F8CC
:1036E000042008F1080339463046AC46BDE8F047EF
:1036F000604714F8013B48F823402046EFF786FD69
:10370000013004440AF1010AE7E76FF01500BDE853
:10371000F08730B502460024002012F8013B43B187
:1037200078B18C4207D1702B04D0A3F140053A2D1B
:1037300007D8002030BDA3F140053A2D01D801344F
:10374000EAE7252B08BF80F00100E6E7002070477C
:1037500000F05DBC0FB407B504A951F8040B01914A
:1037600000F055FC03B05DF804EB04B070470FB4F3
:1037700007B504A951F8040B0191FFF7E9FF03B065
:103780005DF804EB04B0704710B50369024613F00E
:10379000080009D11368D4689C4297BF126AE31AE3
:1037A000D31A01200B6010BD00231846FAE713B5A9
:1037B00001A90446FFF7E8FF20B1019BE268013B45
:1037C00013440193206A019BC01A013802B010BD56
:1037D00010B5044650182269236AD20702D5013B6E
:1037E000184010BD984228BFC01AFAE710B5044629
:1037F0000A46C168FFF7ECFF2369E06023F0080385
:10380000236110BD38B50D46C2698B00016843F0D5
:10381000020342F82130044601682A46FFF7D8FF28
:10382000E36861682060984202BF236943F008039F
:1038300023612A462046FFF7CBFF606038BD2DE9A3
:10384000F74FD0F80CB0C669009216F82B2002F0A2
:103850000302022A08BF56F82B209A4606EB8B0378
:103860000F4601934FF00001009B0CBFC2F39D096E
:10387000894619600446CAF80010B9F1000F07D054
:103880004946FFF7B3FFE368A3604FF0010804E087
:1038900001698A0705D44FF00008404603B0BDE82F
:1038A000F08F816906EB8B00884716F82B1011F01A
:1038B00001080546EFD08B071DD51FB139462046BC
:1038C000FFF7A0FF61682A462046FFF781FFD4E991
:1038D00002138B42606007D12A462046FFF778FF2B
:1038E0004FF000080146A0602369216043F00803FF
:1038F000E1602361D1E701462046FFF777FFE168E9
:10390000A1601FB12068E16941F82090EA19CAF866
:10391000002021682046FFF75BFF2269206042F00B
:103920000802226116F82B2022F0010206F82B2053
:10393000DDE900321A60A8E770B504461546FFF7C6
:1039400047FF2368834205D12369216023F00803E0
:10395000236170BDE269AB0043F0020342F82130FD
:10396000204661682A46FFF733FF6060F1E738B50B
:1039700003695B07044606D5456AFFF718FF8542D1
:103980002CBF6562606238BD38B50D4604461C2206
:10399000002105F08FF8EB68A361AB6863612B68C9
:1039A000E3616B682362002262622A6923B1591EB7
:1039B000194208BF42F001022261012204F12800ED
:1039C0000021BDE8384004F0DEBC2DE9F04F9846F8
:1039D000036A87B000258B4204460E469346039542
:1039E0000595AA4638D3EFF31189402383F3128853
:1039F000BFF36F8F059A2AB129462046FFF79CFF37
:103A00000023059304A92046FFF7BEFE0499B142A6
:103A100007462AD32268E36913F8221021F0030134
:103A200003F8221003EB820A216832462046FFF792
:103A3000CFFEE3682060984212D0002789F31188F6
:103A4000BFF36F8F039929B162690AB1204690478D
:103A500000230393002FC6D1504607B0BDE8F08F76
:103A6000236943F008032361E7E718B12046FFF715
:103A7000C9FEE3E75BEA08031CD0019104F084FD72
:103A80000199B8B9B9F1000F14D189F31188BFF3C6
:103A90006F8F5A46434604F12800FCF76BFAEFF3A8
:103AA0001189402383F31288BFF36F8FB0FA80F738
:103AB0007F09C3E705AB03AA20462568FFF7BFFED1
:103AC0000746BBE770B50446836908460D4698472C
:103AD0000246EFF31186402383F31288BFF36F8F02
:103AE0002B7843F001032B7061682046FFF770FECE
:103AF00060602046FFF73BFF86F31188BFF36F8FAE
:103B000070BD2DE9F843044600274026EFF31185E8
:103B100086F31288BFF36F8F2369A268190702D456
:103B20006368934200D2236A9B1A002B42D0E0695B
:103B300010F8221011F0030300EB82093AD0022B97
:103B400004D150F822305FEA930805D1CB0720D486
:103B5000A369484698478046A16842462046FFF739
:103B600037FE0127A06041462046FFF73FFE3B4657
:103B700085F31188BFF36F8F002BC7D137B1B9F12F
:103B8000000F03D104F12800FCF7C0F94846BDE856
:103B9000F88341F0020100F822104846A369D4F8E6
:103BA00008809847414602462046FFF711FE002351
:103BB000A060DDE79946DBE7F8B50446836908466F
:103BC0000D4698470646EFF31187402383F312888A
:103BD000BFF36F8F2B7823F001032B7023699B07B2
:103BE00005D5E268E36903EB82039D421AD12B7885
:103BF00023F002032B70D4E90231994204D13246FA
:103C00002046FFF7E5FDA06031462046FFF7EEFDB8
:103C100087F31188BFF36F8F04F12800BDE8F840E7
:103C2000FCF774B92B6860F39F032B60F0E7EFF3A8
:103C30001181402383F31288BFF36F8F0269836879
:103C4000120702D442689A4200D2026AD31A81F360
:103C50001188BFF36F8F181E18BF012070470368CB
:103C600000220BB9184670478B4210D10B6842B93D
:103C700042680360914200D1436000230B60012041
:103C8000704713604368994208BF4260F5E71A46DF
:103C90001B68E6E7038B13F0070306D10368002BCC
:103CA00018BF032008BF00207047022B05D1408BAE
:103CB000B0FA80F0400980007047012B04D10368FE
:103CC000002B18BF0520EDE70020704710B50C460B
:103CD00000B111B96FF0150010BD081D00F0C6F855
:103CE0000028F9D1A368032BF6D9F3E72DE9F041B9
:103CF0000D4607461946281D90461E4600F0C7F897
:103D0000044638B13346424629463846A446BDE803
:103D1000F0416047BDE8F08110B4EFF31182402418
:103D200084F31288BFF36F8F416110BC0121F0F75B
:103D300009B938B50C46054658B151B10B6843B1C5
:103D40004B6833B11C22002104F0B4FE2C6100202A
:103D500038BD6FF01500FBE7F8B504460E46FFF7D7
:103D6000B5FF051E3BDBEFF31182402383F312887E
:103D7000BFF36F8F638B278B4FF6FF718B4207F07A
:103D800007072ED0062F2FD8DFE807F0182E082EB1
:103D9000180418006FF08505002303E001336383E6
:103DA0000225012382F31188BFF36F8FBBB100237B
:103DB0003A4631462046FFF799FF10E00023336072
:103DC000636823B9C4E9006627B13D46E4E71E6095
:103DD0006660F9E702212046F0F7B4F83D46284630
:103DE000F8BD6FF00A05D7E76FF00405D4E710B50A
:103DF000EFF31182402383F31288BFF36F8F048B9C
:103E000004F00704022C0AD0012C0CBF6FF0040050
:103E10006FF0850082F31188BFF36F8F08E0438B4A
:103E2000013B9BB2438323B92146F0F78BF8204630
:103E300010BD2046EEE738B5A8B1A1B1EFF311856A
:103E4000402282F31288BFF36F8F048BFFF707FFC6
:103E500030B104F0070085F31188BFF36F8F38BDD0
:103E60006FF07700F7E76FF01500F8E7034658B1F9
:103E7000426802F00302012A03D0032A04D1026837
:103E800012B10020986070476FF0150070474268CB
:103E9000816002F00302032A4FF0000203460CBFC8
:103EA000006810465A60704770B50C8806468888CE
:103EB000241A3069A4B2844285B224BF641BA4B220
:103EC0002D1BA8B2984228BF1846336823441360BC
:103ED0000B8803440B8070BD70B4838985880669A4
:103EE000ED1AADB2731B934228BF134670BC0A464D
:103EF000011DFFF7D9BF70B40E460146C58831F8E1
:103F00000A3FEC1AA3B2934228BF1346324670BC54
:103F1000FFF7CABF10B54B880C88E41AA4B29442CC
:103F20000ED31A4492B28B884A800A800069D21A52
:103F300092B2824201D2002010BD03448B80FAE786
:103F40006FF01500F8E72DE9F34106460F461546D8
:103F50004FF000082A4601A93046FFF7BDFF04468E
:103F600040B102463946019804F07DFD2D1BA04466
:103F70002744EFD14246311D3046FFF7CBFF404684
:103F800002B0BDE8F0812DE9F34107460E46154623
:103F90004FF000082A4601A93846FFF7ACFF044657
:103FA00048B12EB102460199304604F05CFD26442A
:103FB0002D1BA044EED1424607F10A013846FFF717
:103FC000A9FF404602B0BDE8F081704703785B0767
:103FD0005FBF03684288C3F34A2303EB12105DBF3F
:103FE000173020F00700800800207047002070473D
:103FF00003F0F3BB0346BFF35B8F53E8000F421C93
:1040000043E800210029F8D1BFF35B8F70471FB54B
:104010000023CDE90201CDE900331A4619461846BE
:10402000F0F7A6FB05B05DF804FB0120F0F752B9EC
:10403000002070474368DA714368196043680122C1
:104040005A71F0F739B970B515460C4669B1D2E925
:1040500001369B1B99420AD813680A4601469819F3
:1040600004F001FDAB682344AB60204670BD6FF0E7
:104070001B00FBE770B50E4615461946044618B9F5
:10408000BDE87040F0F726B933B1C2F34A231030CF
:10409000120D184404F0E7FCC4E900562046BDE8C0
:1040A0007040F0F7C5BA2DE9F3415F1C4FEA87086D
:1040B000064608F1170020F0070080080C46154658
:1040C000F0F78AF90023ADF805308DF807308DF848
:1040D000047068B10346019A43F8102FA8F1040157
:1040E0002A46294452F8045B43F8045F8A42F9D116
:1040F000A20102F4E07242EA482222F07F4222F456
:104100007002002322F03F02314602B0BDE8F041C8
:10411000FFF7B0BF07B50123019201AAFFF7C3FF64
:1041200003B05DF804FB07B5CDE9002302236A461E
:10413000FFF7B9FF03B05DF804FB1FB5CDE901231C
:10414000069B039301AA0323FFF7ADFF05B05DF8BB
:1041500004FBF8B506460D4614461F4604B9F8BDE3
:10416000214628463A46B047241A0544F6E710B5DA
:10417000426881680446D2E900230068FFF7E9FF3E
:10418000636800221A6010BD38B54B681A68CB68A6
:104190009A4205460C4602D10846FFF7E8FF6368DD
:1041A000BFF35B8F53E8002F511C43E80010002839
:1041B000F8D1BFF35B8FA3689D54002038BD0A2857
:1041C00038B504460D4602D10D20FFF7DDFF294624
:1041D0002046FFF7D9FF002038BD2DE9F043054602
:1041E00089B008460E8891F80090D1F808800C46F6
:1041F0001746F0F70FFB011EC6F38216C9F3C2097A
:104200001FDB4846F0F726FA03462146608851F83E
:10421000102B0296C2F34A22002A01EB0204C0F3DB
:104220000B1008BF00210022CDE90507CDE90314DA
:10423000CDE9002241462846F0F718FB09B0BDE859
:10424000F0830023E1E743681B685B680020196185
:10425000704743681B681A685268536070472DE9BD
:10426000F04143681B685A68012111751D68D5E942
:104270000136D3E900482F681CB96B681C60BDE8A3
:10428000F081214630464246B847241A0644F3E7F7
:1042900043681B681868F0F71FBC70B543681D6859
:1042A0006B6818690C46EFF7F1FF214603460F22B1
:1042B0002868BDE870401847F0B587B01F4604462F
:1042C0000D46164601F052FC022302930DF116032F
:1042D0000193BDF83030ADF81600009332463B46EE
:1042E0002946204602F0E6FA07B0F0BD2DE9FF416D
:1042F0001F460D4616460446F3F798FB8046EEF738
:1043000085FFBDF82830009380B2CDE901803B469F
:1043100032462946204602F0CDFA04B0BDE8F081CD
:10432000FEE704F0C7BB04F09EBB01460068F0F74F
:10433000ABBD08B5F0F704FEBDE80840F1F7A8B939
:104340000A460121FFF7E6BE00210120F0F79CBDDF
:104350006FF08500704761B662B680F31188BFF3D5
:104360006F8F704772B6002383F31188BFF36F8F8E
:10437000BFF34F8F30BF62B6BFF36F8F704772B617
:10438000002383F31188BFF36F8FBFF34F8F20BFDC
:1043900080F31188BFF36F8F62B67047202809D968
:1043A000B0F1004F08D80138B0FA80F0C0F11F001A
:1043B00040007047082070473E20704708B5D1E99B
:1043C00004319847002008BD08B5F1F777FB0020BD
:1043D00008BD7047002303824369C3607047C16909
:1043E0008968F1F7D7BBEFF31182402383F312887A
:1043F000BFF36F8F00230B60436833B9C0E900112E
:1044000082F31188BFF36F8F704719604160F7E73F
:1044100010B50346EFF31181402282F31288BFF3F7
:104420006F8F006828B15C6802681A60A04208BFFC
:104430005A6081F31188BFF36F8F10BD027A013289
:1044400002727047034618465B68002BFBD1704729
:10445000426810B52AB10B461C465B68002BFBD1A5
:104460006260416010BD10B5044620B90B7A01337B
:104470000B72084610BD034618465B68002BFBD143
:10448000FFF7E6FF2046F5E710B508B14B6843603B
:104490004C68002308464B60F1F7FAFB204610BD3C
:1044A00083680B440360704703680B6043684B608C
:1044B00083688B6070478388026819448180D018B4
:1044C000704730B484880568A3188380281930BCED
:1044D00004F0C9BA10B5838802685C1C8480D1548A
:1044E000D01810BD30B5838802689D1CD418858013
:1044F000D154090A617030BD83885B1A9BB28380F6
:10450000006818447047034600689A88401A1144AE
:104510001860998070470268531E036083880133D6
:10452000838002F8011C70478288521A03468280F9
:104530000068084418607047034600689A88521A59
:1045400001449A801960704710B503681C780121F6
:10455000FFF7EAFF204610BD10B503681C88022152
:10456000FFF7E2FF204610BD4FF0FF324FF0FF3360
:104570000430FBF7D7BBFBF747BC90F86C00C0F3E7
:1045800041107047F8B504461E460D461746FFF722
:10459000EBFF94F86C309B0715D425B1012D10D09A
:1045A0006FF0150508E0216F0029F9D09DF818304B
:1045B0000F714E718B710025201DFFF7DCFF28461F
:1045C000F8BD616FF0E76FF07705F5E790F86C00E4
:1045D000C0F38000704738B50446FCF793F92046D5
:1045E000FFF7C2FFA06940B96FF01205201DFFF769
:1045F000C2FFFCF79BF9284638BD94F86C30DB0706
:1046000016D403F010FD0028EED02046F2F7CCF9C6
:1046100005460028EAD10146242204F1280004F0CE
:1046200049FA94F86C3043F0010384F86C30DDE70C
:104630006FF07705DAE770B50446FCF763F92046BA
:10464000FFF792FF94F86C30DA0731D5C3F34001DD
:104650009B0730D4A06902F0BFFC0646A06902F0B7
:104660002AFD0546B0B9A36F4BB13146204600F094
:104670008DF90546A8B1A06902F049FD0AE0A069DC
:1046800002F0C1FCA0670028EFD1A06902F03FFD55
:104690006FF00B05201DFFF76EFFFCF747F928466A
:1046A00070BD94F86C3043F0020384F86C30F1E78D
:1046B0004FF0FF35EEE76FF07705EBE70246034674
:1046C00052F8640F90420BD100207047027A8A4260
:1046D000FBD09A6E8242F7D000680028F6D170476E
:1046E0000028F3D1704738B504460D46FFF73CFF6C
:1046F00094F86C30DB0718D42B690BB9EB68BBB1AD
:10470000636E1BB904F16403C4E919332B6893B9D0
:10471000A26E04F16401C5E900121560A5661D468C
:10472000201DFFF728FF284638BD4FF0FF35F7E77B
:104730006FF01505F4E76FF07705F1E710B5044663
:10474000034654F84C0FA0420DD100200DE0447DEB
:104750008C4204D1032909D1047A944205D01C6DFE
:104760008442F2D000680028F1D110BD0F29F5E78E
:104770002DE9F04105460C46061D4FF0FF324FF083
:10478000FF333046FBF7CEFA2F6F002F6DD095F830
:104790006C30DB0769D4EB6C1BB905F14C03C5E940
:1047A00013332368002B63D1637D0F2B09D1237A48
:1047B000012B0CD02B6D05F14C02C4E900231C60C9
:1047C0002C65637D032B0FD04FF0000806E0E168F5
:1047D0002846FFF788FF80460028EBD03046FBF7DD
:1047E00013FB4046BDE8F081EA6C05F14C009042B5
:1047F0001ED1002329E091F815C0BCF1030F10D0A1
:10480000013323724B68C4E900131C604C60637A67
:10481000022B24D0032B25D0012BD5D1237ABB73B7
:10482000D2E791F808C00CF1FF3C6345E8D112686B
:10483000002ADED0517D2B6D03290DD19A42137AC7
:1048400002D011680029D6D1013323722B6DC4E93F
:1048500000031C602C65DAE79342E8D1C9E7237AAC
:10486000FB73B1E7237A3B74AEE74FF0FF38B5E74F
:104870006FF07708B2E70346006800B1187A704716
:104880008388C2888168D21A03685B1AD01A70477D
:104890000346C08808B11878C009704770B50C4647
:1048A000154600F0ECFA40B1406883681B6823B1FC
:1048B0002A462146BDE87040184770BD38B58021B2
:1048C0000446806902F0C2FB054650B1014620460D
:1048D00000F07EFC044610B12846F1F7D9F92046D5
:1048E00038BD6FF00B04FAE738B50446806FFFF768
:1048F000A5FD0546FFF76EFD2046294600F068FC41
:10490000044610B12846F1F7C3F9204638BDF8B582
:104910000446866803690D461746BFF35B8FD3F8DC
:10492000A030BFF35B8F9B070ED5B36A7BB1F36BEF
:104930009847B36A29463A4620469847336C05465D
:10494000204698472846F8BD4FF0FF35FAE76FF04C
:104950008505F7E770B50446866803690D46BFF321
:104960005B8FD3F8A030BFF35B8F9B070BD5F36B46
:104970009847736A294620469847336C0546204677
:104980009847284670BD4FF0FF35FAE710B504464A
:1049900019B9002084F8300010BDFFF7A5FF0028EA
:1049A000F7D0F9E738B590F83030022B0D4604D136
:1049B00000F060F908B1C46804B938BD2B78032B46
:1049C00005D0052B0ED0022B08D02468F4E76068D0
:1049D00083685B69002BF8D09847F6E760688368C6
:1049E0009B69F7E760688368DB69F3E7012270B5CC
:1049F00015460B685BB302F07F04103423FA04F60B
:104A0000F60710D5036823FA04F6F60702D46FF010
:104A1000150070BD05FA04F423EA040303600B6873
:104A200023EA04030B60D340DE070DD5036823FAA5
:104A300002F4E407EBD505FA02F423EA0403036069
:104A40000B6823EA04030B600132102AD1D1002045
:104A5000DFE72DE9F04F8369026F1B6993F880301F
:104A6000C3F34113022B8FB081460ED0032B0ED01F
:104A7000012B0CBF10230823D371D9F854800026D2
:104A8000B8F1000F05D14046AEE02023F4E7402303
:104A9000F2E7D8F80430D8F80C4003930C9604964B
:104AA0007CB9049B039A09339BB293701B0AD370A1
:104AB0001671D8F80C40002C40F0B080D8F8008077
:104AC000DDE7606883681B6B00250D95002B00F007
:104AD000A38029469847002800F09E80C4E903552A
:104AE000A0F1040B35465BF8043F0BB11A7822B9EC
:104AF000B5427CD86FF0150076E05A780B2A08BFD3
:104B00009D70DBF800305A78042A10D1E2680D99C4
:104B10000A43E260DA78002A57D19D7023690122A6
:104B2000AA40134301352361EDB200230D93DBF856
:104B300000707B78052BD6D1D9F8183008936FF028
:104B400012004FF0010A7A793B7943EA0223ADF86B
:104B50002E300C9B069397F90230069A002B5FFAD1
:104B60008AF1BBBF41F080014BB24FFA8AF3079341
:104B7000B9BF21F08003103307935346DA40D207C0
:104B80002AD40D9A059222FA03F3DB0724D4BB79C9
:104B9000FA78089800930DF12E03099102F0F1F8CC
:104BA0000999C8B9079BB970002BBCBF21F08001DF
:104BB000103101238B4006980599BDF82E20BA804C
:104BC00019430343CDE90C318DE76A1E9A700DA994
:104BD0000CA8FFF70BFFA8E70AF1010ABAF1100FC2
:104BE000B1D100283FF47FAF0FB0BDE8F08FE3688C
:104BF0000D9A1343E360606883689B6AD3B198475A
:104C00000028F1D10146606800F000F9049B246897
:104C1000034404932E4643E73546ECE7E368A3607C
:104C200004F10C010CA8FFF7E1FE00287FF462AF4D
:104C3000246840E76FF08500D6E74FF0FF324FF071
:104C4000FF330430FBF76EB8FBF7DEB821B1012962
:104C50000DD000231B68FFDE5430006848B1436864
:104C60005B79934205D000680028F8D170475C302A
:104C7000F3E7704710B590F83030022B044609D1A5
:104C8000FFF77BFC94F8382001462046BDE8104031
:104C9000FFF7DCBF002010BD08B5FFF7D7FF0038D5
:104CA00018BF012008BD2DE9F04104460E46FFF76C
:104CB00064FC94F838308046CBB9002E3BD03246A5
:104CC00041462046FFF7C2FF0746A8B102462046EC
:104CD00000F0D4F9054688B984F83860FC6864B3FC
:104CE000606883681B6A03B198472468F7E7204629
:104CF000FFF7C0FF074620B96FF03C052846BDE826
:104D0000F0810146204600F08FF91022054600216F
:104D100004F13A0003F0CEFE002384F83830FF6837
:104D200017B9002DC9D0E9E7786883685B6A03B1D9
:104D300098473F68F4E784F838600025DEE7F8B567
:104D400004460E4657681546FFF777FF94F86C3017
:104D5000D9074BD4012E4CD0FB799A0605D5A3690F
:104D60001B6993F880309B0743D5002E41D1E36D3A
:104D700053B9626D62B9236F6A685B7C0133DBB241
:104D80005371226F53740EE09D4235D01B68EFE7DC
:104D9000954225D12A68EBB9A36D62659D4200D189
:104DA000A26500232B60A96841B12046FFF7E0FC13
:104DB000064650B9A868FFF75EFDB87100232B6066
:104DC000A36D83B9C4E915550026201DFFF73CFFEC
:104DD0003046F8BD1A60A26D954208BFA365E0E7B2
:104DE00013461268C6E71D60A565EDE76FF00F0674
:104DF000EBE76FF08506E8E76FF01506E5E74FF0A3
:104E0000FF324FF0FF330430FAF78CBF08B58368E8
:104E10001B6B0BB198470346002023B153F8042BBA
:104E20000AB1127802B908BD1044F6E710B51C4665
:104E3000FFF70CFF48B10122C06802FA04F320B169
:104E40000269134201D10068F9E710BD10B50C46A4
:104E5000FFF710FF48B10123C06803FA04F120B145
:104E60000369194201D10068F9E710BDD1F81A00B1
:104E700083681B6903B118476FF08500704770B5F0
:104E800001F07F0311F0800F18BF103301259D4002
:104E900090F83030022B044601D0002070BD90F80D
:104EA0003860FFF76AFB324601462046FFF7CEFE28
:104EB0000028F2D0C0680028EFD083681D42EDD1F1
:104EC0000068F8E738B50C46FFF7D4FE80B1C0683B
:104ED00070B14368DA681AB111790023994201DC94
:104EE0000068F5E71568ED5CA54201D00133F5E7F0
:104EF00038BD2DE9F04105461E460846002A45D139
:104F0000F1F76AFD0446002840D02846FFF777FFF6
:104F100095F86C30DA0730D4676804F11408BFF3F1
:104F20005B8F6369BFF35B8FDB0729D47B680BB1B1
:104F3000AB4225D1324600212846FFF787FE10B349
:104F4000002323600369ABB9C0E90344BFF35B8F5F
:104F500058E8003F43F0010348E80032002AF7D147
:104F6000BFF35B8F00247D60281DFAF74DFF2046BC
:104F7000BDE8F0811C600461E8E76FF00F04F3E71F
:104F80006FF07704F0E76FF03C04EDE76FF0120488
:104F9000EDE72DE9F8434C689DF820900D469846C2
:104FA00006461746FFF7E9FAA3681B6B01461BB9D3
:104FB0006FF01500BDE8F883204698470028F7D029
:104FC000041F0C35002054F8041F09B10B782BB9CD
:104FD000002814BF00206FF03C00EBE74B78042B57
:104FE0000BD1F8B98B784345EDD1CB784B45EAD15D
:104FF0000B79002BDED00120E5E7052BE3D100285B
:10500000E1D0012F07D0022FF5D18978B0692A4667
:1050100000F0C3F803E0B0692A4600F0A2F80028C7
:10502000E9D0C7E70020C5E7F8B5CC6806460CB95B
:10503000204622E004F10C070125E268AAB165F0E0
:105040007F03D9B203F07F031033DA40D2070ED4C6
:10505000E368EB40DB0705D5B0693A46E9B200F0FA
:105060009CF850B90135102DE7D12468DFE7B0690D
:105070003A4600F092F80028EAD0F8BD2DE9F3474F
:105080005768002497F8058005460E46A1463B79EF
:10509000A34203DC002002B0BDE8F0875FFA84FA87
:1050A0003146534642462846FFF7C0FE014650B1FE
:1050B000CDF80090534601222846FFF76AFF0028EA
:1050C000E9D10134E3E76FF03C00E4E72DE9F74371
:1050D00080460D461746FFF7B9FE064628B96FF021
:1050E0000104204603B0BDE8F0830F2DF7D808EB8C
:1050F0000509014699F83A4000972B4600224046A0
:10510000FFF747FF0028EAD100942B4602223146E0
:105110004046FFF73EFF04460028E2D100972B46A9
:10512000012231464046FFF734FF04460028D8D11B
:10513000706883685B6813B13A462946984789F8D6
:105140003A70CEE711F0800F18BF21F0800102689D
:105150004FF0010318BF10318B4022EA03030360B4
:10516000704737B58B7900938B880C461546CA7803
:10517000897801F04CFE70B994F90230A1782A6860
:10518000002BB8BF21F080014FF00103B8BF1031F0
:105190008B4013432B6003B030BDF8B506460D4677
:1051A000174601F05DFE044658B929463846FFF718
:1051B000C9FF29463046F7F74DF8044608B9FBF712
:1051C000E7FB2046F8BD0A468069802101F02ABF2E
:1051D0002DE9F0410B7E0C46590605462ED123B32E
:1051E000FFF7F4F970BB2846D5F87080268AEF8D5A
:1051F000FFF7C3F9F8B1421E534253419B01228A83
:105200009AB1BE42E98D324628BF3A4691420CD946
:10521000B2FBF3F103FB11223AB994F91830002BD9
:10522000BEBF637E43F008036376A8692146BDE8EC
:10523000F04101F08BBE98F80730E0E76FF0150001
:10524000BDE8F0814FF0FF30FAE743689869F7F75F
:1052500031B870B591F918304668002B05460C46F8
:1052600007DBC4F81A50B0692146BDE8704001F070
:105270006DBE3046FFF7AAF90028F2D04FF0FF309C
:1052800070BD806901F0F3BE38B5054680690C46F3
:1052900001F002FE60B914F0800F18BF24F0800402
:1052A0006A6B4FF0010318BF1034A34013436B63C4
:1052B00038BD70B5054680690E4601F017FE0446FC
:1052C00020B9314605F13400FFF73CFF204670BDA0
:1052D0000B0648BF21F08001406B48BF1031C84029
:1052E00000F00100704782B0C3698DF80010019290
:1052F0002BB102AB13E9060002B0F1F7C7BB02B055
:10530000704782B0C3698DF8001001922BB102ABD7
:1053100013E9060002B0F1F7B9BB02B0704770475D
:1053200003695B68D868704743680361037A63B1B7
:10533000012B0CBF022303234375437A5A1E032A11
:1053400005D8DFE802F0050505050123F4E7002391
:105350000375837A062B09D0072B09D0052B0CBFC8
:10536000002303238375837EC37570470123F9E708
:105370000223F7E7036993F8400030B1DA6B9388B2
:10538000918910695B1A9BB2C01A7047036993F840
:1053900038007047036993F8402012B993F8380039
:1053A0007047012070470369C3E907127047BFF3D4
:1053B0005B8F0068BFF35B8F084100F0010070470E
:1053C00003691B69BFF35B8F883353E8001F41F00B
:1053D000020143E80012002AF7D1BFF35B8F704748
:1053E00010B50469606BFEF7CEFD10B1012384F89F
:1053F000393010BD10B50469606B4289C3889A4288
:1054000002D14FF0FF3010BD0122FEF7BCFD002895
:10541000F7D004F17800FAF75FFF0020F3E738B522
:105420000469EFF31185402383F31288BFF36F8F74
:10543000E06BFEF788FD85F31188BFF36F8F10B125
:10544000012384F8413038BD38B5034640681B69F4
:105450005D68AC68A37A84F8223094F82D3084F823
:105460002330696841B1237C33B9FFF781F918B95A
:105470006868FFF700FA2074002038BD01238B40D4
:10548000DB43BFF35B8F50E8002F1A4040E8002158
:105490000029F8D1BFF35B8F704700690221883083
:1054A000FFF7ECBF006903218830FFF7E7BF08B5BD
:1054B0000369186900218830FFF7E0FFBDE8084064
:1054C0000121FFF7DBBF0369186901218830FFF76D
:1054D000D5BF2DE9F04750F8483C00F140045B6827
:1054E000064600212046D3F80090FFF760FF002811
:1054F00050D001212046FFF75AFF0746002849D126
:10550000BFF35B8F54E8003F43F0200244E80021E2
:105510000029F7D1BFF35B8F9B063BD4D9F810303D
:105520005B689B68402293F836104846FFF78DFE73
:10553000054650B920460521FFF7A0FF304621223D
:10554000BDE8F0470023FAF737BF8246428A5AF88F
:105550000C1F56F80C0CFEF716FD8046014650460F
:10556000FEF7A9FFB8F1000F04D008F03F08B8FA21
:1055700088F77F0906F82D7C29464846FFF769FE23
:1055800040B12846F0F784FB20460521BDE8F047EE
:10559000FFF774BFBDE8F087F8B50D4601694768AD
:1055A0000C6949682B7E8968064691F83D102AB33C
:1055B000994204D1042104F18800FFF75FFF3369A9
:1055C0002A7E5B689B6893F836309A4204D10521A5
:1055D00004F18800FFF752FF33692A7E5B689B68FD
:1055E00093F826309A4203D104F18C00FAF7E8FCD4
:1055F00029463846BDE8F840FFF743BE994214D12A
:105600002A8AE968606BFEF79EFC28B1E3691BB14A
:1056100004F12400FAF760FE04F188000421FFF78A
:105620002DFF04F17800FAF757FE33692A7E5B6894
:105630009B6893F836309A4215D1E3691BB104F1A7
:105640002400FAF749FE052104F18800FFF716FF50
:10565000E36B5A89DB889A4205D00022002304F1CB
:105660004800FAF7A9FE33692A7E5B689B6893F8C5
:1056700026309A42BCD104F18C00FAF747FCB7E718
:1056800038B550F8783C5B681D6800F1100302469D
:1056900000211846FFF78BFE002836D0012118465E
:1056A000FFF785FE88BB52F8441C8A8888890969FF
:1056B000121A92B28A1A3F2A27D9BFF35B8F53E896
:1056C000002F42F0100143E800100028F7D1BFF38B
:1056D0005B8FD30619D42B695B689B68402293F8D3
:1056E0003D102846FFF7B1FD044670B1438A402BB8
:1056F00028BF4023438201462846FFF7AAFD20B178
:105700002046BDE83840F0F7C3BA38BD38B550F888
:10571000083C0446002B4FD050F8243C5B6800F155
:1057200064051A6800238382838302212846FFF7D9
:105730003EFEB8B154E9023110699847637D1BB150
:1057400004F15400FAF7C8FD05212846FFF72FFEA3
:1057500098B9637F6BB10022002304F12400FAF7AB
:105760002BFE0AE003212846FFF721FE0028E1D1A5
:10577000E4E714F8093C002BEDD102212846FFF79D
:1057800016FE38B123695A89DB889A4202D0204636
:10579000FAF7A2FD03212846FFF709FE60B1A269CE
:1057A0009388918912695B1A9BB29A4204D0204671
:1057B000BDE83840FAF790BD38BD08B5036903F17C
:1057C000880202211046FFF7F2FD28B1596B488983
:1057D000C988401A18BF012083F8380003211046F9
:1057E000FFF7E5FD40B1DA6B908891891269401AA4
:1057F00080B2801A18BF012083F84000012008BD44
:105800000069BFF35B8F00F1880353E8001F41F08C
:10581000080143E80012002AF7D1BFF35B8FC26B87
:105820009388918912695B1A9BB29A4202D0243004
:10583000FAF752BD704738B50469BFF35B8F04F1C6
:10584000880555E8003F43F0040345E80032002A8C
:10585000F7D1BFF35B8F636B5A89DB889A4203D021
:1058600004F12400FAF738FD04212846FFF79FFDD4
:1058700028B904F17800BDE83840FAF72DBD38BDED
:1058800070B503691C69BFF35B8F04F1880555E8A7
:10589000002F42F0010245E800210029F7D1BFF3B3
:1058A0005B8F02212846FFF782FD10B11846FFF7F3
:1058B000C2FFE36BDA885B899A420AD1032128464A
:1058C000FFF775FD68B104F12400BDE87040FAF7F8
:1058D00003BD04F148000022BDE870400023FAF740
:1058E0006BBD70BD10B50C46017822788A4288B035
:1058F0000ED06946F1F720FA04A92046F1F71CFA08
:1059000010220DEB0201684603F0DCF808B010BD70
:10591000012A06D0022A07D072B940886388C01ACB
:10592000F4E740686368FAE71022611C013008B0B0
:10593000BDE8104003F0C6B86FF01500E6E7042A92
:105940000AD0102A0DD0022A4FF0000315D103709F
:105950000B88438001207047012303700B6843606C
:10596000F8E7022300F8013B01F1100351F8042B82
:1059700040F8042B9942F9D1ECE71846704701230F
:1059800010B50621044600F8013BF9F71DFB18B9D4
:10599000A37963F03F03A37110BD0B6803608B888C
:1059A00083808B798371037823F00203037070473F
:1059B0000078C0F34000704738B50446807AF0F7AD
:1059C000BFF86169054649B1637ADB0704D4C3694E
:1059D0001B6820469B689847002363612146284640
:1059E000BDE8384002F0C1BC2DE9F0410C4601F1A0
:1059F0000C08054600F10C01404617461E46FEF70E
:105A000053FD6269E3682F829B1A13FA87F36B8256
:105A100001236B7239464046FEF786FDE3687360EA
:105A2000628A0023E3607281638234602846BDE8A5
:105A3000F08138B5D1E90032DA600B684A895A82C0
:105A40000C4605460868F0F723F92046102200218D
:105A500003F030F82846BDE83840FFF7ADBF438A71
:105A600023B9C068B0FA80F0400970470020704741
:105A70000F2806D80D280BD8052814BF02200320B4
:105A80007047132804D01A2814BF02200120704741
:105A900001207047FEF73EBBFEF745BB10B503463D
:105AA000BFF35B8F53E8000F40EA010243E8002494
:105AB000002CF7D1BFF35B8F10BD0023EEF7D8BDEC
:105AC000BFF35B8F50E8003F0B4040E80032002AF4
:105AD000F8D1BFF35B8F704710B5F3F77FF86FF421
:105AE000807104461030FFF7EBFF2046BDE8104000
:105AF00000F0F3B8C368DB78012B01D1FFF7ECBFEE
:105B00007047C368DB78012B01D1FFF7E5BF704711
:105B100038B504460D46F1F741FB5F3005D1294603
:105B20002046BDE83840F1F76FBA38BD10B502889D
:105B300043889A4218D8052A16D9B3F5486F13D866
:105B40008488B4F5FA7F0FD2C188A1F10A0292B21B
:105B500040F67640824207D804FB0333B3EB810F53
:105B600034BF0120002010BD0020FCE7002070475A
:105B70000020704770B506460D464FF0FF304FF0DD
:105B8000FF31F1F74FFE044668B103210C30FEF7F8
:105B900092FC0680857021460022BDE8704040F2EC
:105BA0000640F1F7A1BF6FF0680070BDC3681878B8
:105BB00008B1F1F7CFBD1846F2F73EB838B54FF04F
:105BC000FF3105464FF0FF30F1F72CFE044668B177
:105BD00002210C30FEF76FFC2B8803802146002247
:105BE000BDE8384042F21600F1F77EBF6FF0680062
:105BF00038BD70B506460D464FF0FF304FF0FF310F
:105C0000F1F710FE044618B9BDE87040F1F7F2B99B
:105C100003210C30FEF74FFC06808570214642F2CE
:105C20002100BDE87040F1F70DBF08B5072202F072
:105C300049FFB0FA80F0400908BDFEF76BBA0028B2
:105C40000CBF08460020704718B111B10846F2F7A2
:105C500015BD6FF01500704713B5044680B10621DD
:105C60006846F9F7B1F948B99DF80530694603F07F
:105C70003F0320468DF80530FFF7E6FF02B010BD68
:105C80006FF01500FAE7003818BF0120704770B5B3
:105C9000064686B00D464FF0FF304FF0FF31F1F76A
:105CA000C1FD0446B0B10C3095B10121FEF712FCE4
:105CB00006F1100203A9204600950823F1F7A0FD84
:105CC0000022214642F20A00F1F70EFF06B070BD35
:105CD0002946EBE76FF06800F8E7183002F034BCB3
:105CE000D0F8B400003818BF012070470846896911
:105CF0001160C2691A60C27A0021183002F0DABE5F
:105D00002438F3F7F9B9036800220BB91846704735
:105D10008B4210D10B6842B942680360914200D1B6
:105D2000436000230B600120704713604368994271
:105D300008BF4260F5E71A461B68E6E7837A072B3F
:105D400001D1F3F705BA704710B50446006918B1E0
:105D5000EFF79EFF0023236110BD10B500F1C802CC
:105D6000BFF35B8FD0F8C830BFF35B8F7BB1BFF35D
:105D70005B8F591C52E8004F9C4204D142E8001C42
:105D8000BCF1000FF6D1BFF35B8FE7D110BD184611
:105D9000FCE710B5837A023B0446062B16D8DFE8F1
:105DA00003F009041515150B090041720021204666
:105DB000F3F73EFB002010BD0088FFF7DBFE002854
:105DC000F9D1A37A072BF5D10821F0E76FF07F0016
:105DD000F1E738B5037A8B420446154615D100F138
:105DE00070010722284602F06DFE80B1E378072299
:105DF00043B904F17E01284602F064FEB0FA80F057
:105E0000400938BD04F17701F5E70020F9E70120EA
:105E1000F7E7F8B507460D464FF0FF304FF0FF317A
:105E2000F1F700FD0646D0B10E210C30FEF743FB22
:105E30000E220446002102F03DFE3B8823802B8881
:105E400063806B88A380AB88E380EB882381314635
:105E50000022BDE8F84042F21300F1F745BE6FF0B2
:105E60006800F8BD704710B50446FAF74BFD2346AD
:105E700053F8402BD2F8B41061B92164D2F8B810AD
:105E800061B9C2E92D33FAF751FD2068BDE8104031
:105E9000F3F7A4BA8B42F6D00968EDE70B60C2F8BD
:105EA000B830F0E703682BB141681A6802608B4292
:105EB00008BF4260704770472DE9F843446B2CB12E
:105EC00054F8085905B1083D00270CB9BDE8F8831E
:105ED000D4E900682EB3FAF715FDD6F8B43004F112
:105EE0004001002263B1994233D1236C4ABBD6F8FA
:105EF000B820C6F8B430914201D1C6F8B830276452
:105F0000FAF714FD04F13009002200234846F9F79E
:105F1000CBFF064600BBD8F804300BB120469847AB
:105F20002760E3680BB120469847D8F820300BB1C2
:105F300020469847DDB1AB6803B1083B2C461D46AF
:105F4000C3E71360D6F8B830994208BFC6F8B82046
:105F5000D5E71A461B68C5E7B36923B1F169206824
:105F60006FF06D0298473046EFF792FECCE72B4674
:105F7000E4E7F8B50F4600210546164600234FF426
:105F800080320846F3F7E8FF044620B92846F3F7C5
:105F9000AFFF2046F8BD04210C30FEF78CFA0570E7
:105FA00047704680F5E7406B30B1838B8B42A0F1A0
:105FB000080001D08068F7E7704710B54AB989B288
:105FC000FFF7F1FF28B143689B6913B1BDE81040AA
:105FD000184710BD38B50D460521FFF7E4FF002333
:105FE0001A462946F3F7D2FF044610B12846EFF7C8
:105FF0004FFE204638BD406B30B183898B42A0F103
:10600000080001D08068F7E77047704703460068D2
:1060100028B1596802681A60884208BF5A60704700
:106020000346002003B970471A8A5B681044F9E7F9
:1060300010B5D4682378023113B92170012010BD46
:106040008B42FBD0038A023B038200201061F6E7FB
:10605000FEF760B82DE9F04104468868FFF7E0FFDD
:10606000638D628B934228BF134683420D461DD336
:106070002165D1F8088000278F60FAF743FC41467C
:106080002046F4F77FF9064638B1C5F80880276541
:10609000FAF74CFC3046BDE8F081618D638B994284
:1060A00028BF1946284600F005FDF1E76FF0790694
:1060B000F0E773B51446014605464FF49572206823
:1060C00000F0A3FC207530B92068294600F0F5FCEB
:1060D00020B908232375002002B070BD237AB3B124
:1060E000A3F11802534253419B000193638A00932A
:1060F000AE68238AE26820682946B047002808DB9A
:10610000238A98420CD1002323750120E4E702235F
:10611000EBE710F1FF0F03D34042C0B22075DAE77E
:106120000E20FBE738B504460D46F4F72BF930B1E5
:10613000294604F15400BDE8384002F00BB938BDDF
:10614000F8B59368166805460F46144663B950685B
:1061500001210C30FEF7AFF9A0602B681B78002BF3
:1061600014BF022301230370A3681B78012B03D003
:10617000022B1FD000201CE02B681B78002BF9D1CC
:10618000606804210C30FEF796F9E06007802A6809
:10619000E36852885A806168728D738B088A9A42CC
:1061A00094BFC0EB0200C0EB0300042894BF0020A2
:1061B0000120F8BD2B681B78022BDBD1606812210F
:1061C0000C30FEF778F9E06007802B68E268591C14
:1061D0000232113351F8040B42F8040B9942F9D101
:1061E0006168728D738B088A9A4294BFC0EB02007B
:1061F000C0EB03001228D9E770B40668F2695AB3FD
:10620000144654F8983903B1983B002211467CB9E2
:10621000438D408B8B4201D890421FD9824238BFB8
:1062200002469942306838BF194670BCF5F7E4BEA3
:10623000844207D0658D648BA94238BF2946A242AB
:1062400038BF224633B1D3F8985005B1983D1C466B
:106250002B46DCE71D46FAE71146D9E770BC7047CC
:10626000D0680378043113B90170012070478B4264
:10627000FBD091680B8A0020043B0B8210617047B1
:106280001FB5CDE90123002300931A46F5F714FB4F
:1062900005B05DF804FB0368002203B970478B4228
:1062A0000FD10B683AB942680360914200D1436054
:1062B00000230B60704713604368994208BF426037
:1062C000F6E71A461B68E8E7BFF35B8F50E8003F2C
:1062D00043F0080240E800210029F7D1BFF35B8FAB
:1062E000C3F3C00070472DE9F041064690461F46B3
:1062F0000D46B9B104220121F4F714F9044618B986
:10630000BDE8F041F4F7E4B804210C30FEF7D3F80F
:106310000570A0F80180C77021463046BDE8F04105
:10632000FFF700BFBDE8F08137B50C46054601F127
:106330000C00FEF711F9228A0192E26800920346EE
:10634000132212212846F4F745F903B030BD37B5C2
:106350000C46054601F10C00FEF7FEF8228A019278
:10636000E26800920022034611462846F4F732F90B
:1063700003B030BD70B504460E4600220023084627
:10638000F9F792FD054658B101462046F3F7FAFFAA
:10639000044618B12946304601F0E7FF204670BD9B
:1063A0006FF00104FAE707B5CA68138852880092B3
:1063B0000C210D22F4F714FB03B05DF804FB07B5C4
:1063C000CB6800221B8800920A210B22F4F708FBFD
:1063D00003B05DF804FB2DE9F041CB681F88BBB228
:1063E000162B05461BD90321F4F7BEF90646C0B1AA
:1063F00002210C30FEF75FF800244FF0170880F8F8
:106400000080447031462846FFF78CFE2846A5F8E8
:106410001A806F85FFF7F0FE2046BDE8F08104206A
:10642000FBE70E20F9E72DE9F04F064685B0104650
:1064300090469946FFF7F4FD738B728D934228BF07
:10644000134683428B4675D9736803934046FDF724
:10645000F9FF4FF0000A04464046FFF7E1FDE1680E
:10646000228A658A6369778BCB1AAD1AED1A738D10
:106470009F4294BFC0EB0700C0EB0300854228BFDA
:10648000054625BB98F80A00EFF75AFB00220023C7
:10649000FDF7A5FF044608B9574627E001464046E8
:1064A000FDF7E1FF4046FFF7BBFDE168228A658A00
:1064B0006369778DCB1AAD1AED1A738B9F4294BF27
:1064C000C0EB0700C0EB0300854228BF0546CDF8AE
:1064D0000090DBF8047003980A44ABB25946B84701
:1064E000071E07DABAF1000F18BF5746384605B045
:1064F000BDE8F08F0E9BABB9394604F10C00FDF7F7
:10650000DAFF4046FFF78CFD738D728B934228BFF4
:106510001346B9448342BA441FFA89F9BCD9AF4241
:106520009AD0B9E70F9A0E9B394620469847002823
:10653000E2D1B1E70027D9E72DE9F3411768D7F891
:1065400004800023144613730146064695224046F4
:1065500000F05BFA0546207330B93146404600F042
:10656000AAFA28B908232373002002B0BDE8F081FD
:10657000A068798D7A8B038A914294BFC3EB0103A3
:10658000C3EB0203012BEFDD02210C30FDF793FF7B
:10659000CDE900558046A388A26831463846FFF70A
:1065A00042FF031E06DA13F1FF0F26BF5B42DBB288
:1065B0000E23D8E7A8F800300120D6E72DE9F341F3
:1065C0001768D7F804800023144613730146064663
:1065D0009522404600F019FA0546207330B931463D
:1065E000404600F068FA28B908232373002002B05F
:1065F000BDE8F081CDE900553146A388A268384650
:10660000FFF711FF002807DA10F1FF0F26BF404205
:10661000C0B20E202073E9E70120E8E7F8B505468F
:10662000071F00F1480350F8044CBFF35B8F53E899
:10663000001F21F0040143E80012002AF7D1BFF344
:106640005B8FFCB1EB6C83B9636873B1201DFFF7FE
:10665000DDFC064601463846FFF7FCFC90B1636856
:106660003360A368666003B9A66005F1500138463F
:10667000FFF780FE30B104F10C013846BDE8F84068
:10668000FFF778BEF8BD2DE9F041C469074644B173
:1066900054F8986906B1983E0022154607F104089F
:1066A0000CB9BDE8F081236D9BB905B98AB94046A4
:1066B000FFF7ACFC054658B101462046FFF7CAFC7F
:1066C0000028EED07B682B60BB687D6003B9BD609D
:1066D000224636B1D6F8983003B1983B34461E4670
:1066E000DEE73346FAE738B50546BFF35B8F0B6844
:1066F000BFF35B8FDB0716D550F8040C98B1EB6C39
:106700008BB90430FFF782FC044660B10146281FB4
:10671000FFF7A0FC38B155F8043C5A6822609A682B
:106720005C6002B99C6038BDF5F756B808B5002327
:106730000A8AC968F4F722FE002008BD70B50D462C
:10674000F4F7B4FC044628B92846EFF7A1FA6FF035
:106750007F0070BD00F10C062946304601F0FAFDBD
:10676000E469C4B154F8985905B1983D0022104627
:1067700007E022467DB1D5F8983003B1983B2C460E
:106780001D46831C01D1002AF4D131462046FFF773
:10679000F1FD0028EDD10020DBE738B505460C46B9
:1067A000FAF7B0F82846F4F781FC20B9FAF7BEF8FA
:1067B0006FF07F0038BD0023236083683BB9C0E9D8
:1067C0000144FFF760FFFAF7B1F80020F2E71C6020
:1067D0008460F6E710600020704710B5029CA36843
:1067E00033B1B1F5807F28BF0E21CAB22146984748
:1067F000A37DE268013BDBB2A37522B11BB9204641
:10680000BDE81040104710BD106091800020704717
:1068100070B50D46064611F8010BF3F7AFF90446C3
:1068200010B12C89F2F7AEFD6B89A34207D0EB685B
:106830006C8123B121463046BDE87040184770BDD9
:1068400010B5144632B900F17001007AF4F78AFEEF
:1068500000B1846010BD08B5F4F784FE18B10023C0
:1068600003604360836008BD70B500F170060546A3
:106870003146007AFFF77CF904463146287A1CB18C
:10688000BDE87040FFF7E7BFF4F76CFE10B104609D
:106890004460846070BD022A10B508D1002300F165
:1068A00070011A46007AF4F76FFE022010BDFFF760
:1068B000DBFFFAE738B5BDF81010BDF81840059DAC
:1068C000A14210460CD84CB16DB1641A9C42A8BFCD
:1068D0001C46A4B22246294402F0C5F8204638BD21
:1068E0006FF00604FAE76FF00D04F7E770B5CC68B7
:1068F00086B02678BDF8285066B96488ADF8164091
:10690000022402940DF11604CDE90054FFF7D2FFE2
:1069100006B070BD102602960134F5E7F0B50C46BE
:1069200087B0C968054616461F46F4F7D7FE00B182
:106930000089ADF81600022302930DF116030193AE
:10694000BDF83030009332463B4621462846FFF7DB
:10695000B1FF07B0F0BD13B5044610B9002002B076
:1069600010BD00238DF80430006842F6030301A92E
:10697000ADF80630FEF7B6FF0028EFD1E36898883F
:106980000028ECD12046F4F767FF013080B2E6E73B
:106990002DE9F041CC688AB0064698460846A379AE
:1069A0008DF814300D461746FFF7D5FFADF81500EA
:1069B0002468237893B96388ADF8173005230293D0
:1069C00005AB0193BDF8403000933A464346294653
:1069D0003046FFF76FFF0AB0BDE8F081631C0DF190
:1069E0001702113453F8041B42F8041BA342F9D1D7
:1069F0001323E4E71FB5CDE90123002300931A46D2
:106A0000F4F75AFF05B05DF804FB4B8A12F0010F52
:106A1000C3F30E0304D013F0950F10D0486870B183
:106A200012F0020F04D013F4957F0AD0896841B1A7
:106A3000134013F4DE7F14BF0520002070470220AE
:106A4000704703207047F8B50F4651684B8A03F032
:106A500094030646144613BB0122F4F799FF08B3CA
:106A6000A2891B2102323046F4F71AFC0546E0B138
:106A7000A1890C300231FDF71EFD20F8027BA289AE
:106A8000A16801F0F0FFD4E9041228460123F4F7CD
:106A900057FD29463046BDE8F840FFF74FBE4FF09E
:106AA000FF30F8BD6FF01500FBE76FF00B00F8E763
:106AB000012070477047012070470120704713B5CF
:106AC000C068144668B100238DF8043001A94FF462
:106AD000C053ADF80630FEF705FF10B92368013347
:106AE0002360012002B010BD0021F8B54FF0FF3245
:106AF0004FF0FF3305460846F3F72EFA00F10C0776
:106B0000044601213846FDF7D6FC05260670012112
:106B10003846FDF7D0FC002306701A462146284669
:106B2000F3F734FA10B12046EFF7B2F80020F8BDC1
:106B30006FF0850070470020704738B50446807AB2
:106B4000EEF7FEFF6169054649B1637ADB0704D4BD
:106B5000C3691B6820469B689847002363612146F0
:106B60002846BDE8384001F000BC30B50906847CF9
:106B7000054614D414F0400016D0298AC3F30A0045
:106B8000C1F30A01884222D802F00300022809D08A
:106B900003280AD0012811D004F0010004E014F009
:106BA0002000E9E7C4F3800030BD14F00200FBD000
:106BB00013F4C05F09D0C4F30010F5E714F0080225
:106BC00005D013F4C05FEFD0F5E70120ECE700201B
:106BD000EAE7BFF35B8FD0F8A000BFF35B8F00F054
:106BE00001007047BFF35B8FD0F8A000BFF35B8F4D
:106BF000C0F34000704701F00F030906026948BF67
:106C0000103352F823007047007DC0F30010704726
:106C1000037D61F304130375704708B502691046DC
:106C2000FFF7D7FF60B9087E00F00F03000648BFEA
:106C3000103342F82310084601F084FB002008BD01
:106C40006FF00C00FBE700220023F9F72DB901F0EB
:106C500096BB01F07FBB407EC0F3C0007047437E0F
:106C600023F00803437670471FB504698DF80410BC
:106C7000CDE90220D4F8983001A9984704B010BD9E
:106C80001FB50469034606208DF804002046CDE9AF
:106C90000213FFF79EFF40B1C1F81E20D4F89820E0
:106CA00001A91846904704B010BD4FF0FF30FAE735
:106CB00038B505460C462046FFF7C5FF014600B92A
:106CC00038BD6FF070022846FFF7DAFFF3E72DE9D1
:106CD000F84306690746D6F80090D6F840800D467E
:106CE0004FF0FF324FF0FF3306F18400F9F71AF846
:106CF0004046FFF7A8FF014618BB4846FFF7A3FF31
:106D0000044620BB99F8143023F0100389F814309E
:106D100098F8143023F0100388F8143024BB0122B3
:106D200086F8B020EDB12B68C6F8A8306B68C6F8BD
:106D3000AC3086F8B12038698430BDE8F843F9F703
:106D400063B86FF067023846FFF79AFFD0E7637EBB
:106D5000DB07D7D46FF0670221463846FFF790FF74
:106D6000CBE786F8B150E6E72DB10822294604F1B9
:106D70000C00FDF7A6FB002221463846FFF780FFF6
:106D8000D9E72DE9F8430546D0F80890884614461F
:106D90001F46FFF730FF0646002835D0D9F83C30B3
:106DA0002846984741463B8822463046FFF7DDFE9D
:106DB000804690B18BB92B6993F88030DB0758BFC0
:106DC000402204F0030446BF4FF480624FF4007188
:106DD0001146022C0DD0032C11D02846D9F8403092
:106DE0009847B8F1000F14BF00206FF08500BDE890
:106DF000F883338A8B4228BF0B463B80EDE7338A0A
:106E0000934228BF1346F8E76FF01200EFE72DE931
:106E1000F3411F464B06D0F8088004460D4616463F
:106E20001BD0D8F83C3098472069FFF7DBFE88B1CB
:106E30009DF82030009329463B4632462046F5F720
:106E40009BF90546D8F8403020469847284602B0BE
:106E5000BDE8F0814FF0FF35F4E76FF01505F5E779
:106E600070B54B06866804460D4612D0F36B984702
:106E70002069FFF7AEFE48B129462046F5F7C0F974
:106E80000546336C20469847284670BD4FF0FF35C5
:106E9000F7E76FF01505F7E770B586680546F36B01
:106EA0000C4698472869FFF79DFEB0B12146284659
:106EB000FFF7A1FE014698B1037DDB0710D5437EA5
:106EC00003F00303012B0ED0F368284698470446CD
:106ED0002846336C9847204670BD4FF0FF34F7E7E3
:106EE0006FF01204F4E76FF08504F1E7F8B58768F6
:106EF0000646FB6B0C4698473069FFF773FEE0B11E
:106F000021463046FFF777FE0546C8B1037DDB0713
:106F100016D5437E03F00303012B14D001463B69D1
:106F200030469847044618B92B7D60F341032B7512
:106F300030463B6C98472046F8BD4FF0FF34F7E7EA
:106F40006FF01204F4E76FF08504F1E72DE9F041EA
:106F500086680769F36B05460C4698472869FFF772
:106F600041FE98B394F8188028464146FFF743FE47
:106F7000014670B3037DDA072BD518F07F0F20D1BF
:106F800097F8B030EBB1637EDB0717D597F8B130D7
:106F900033B1082207F1A80104F10C00FDF791FAC2
:106FA000002287F8B02021462846FFF769FE0446F4
:106FB0002846336C98472046BDE8F0816FF06702A1
:106FC000F1E77368224628469847F0E74FF0FF3410
:106FD000EEE76FF01204EBE770B5866805460C46E5
:106FE000F36B984721462846FFF705FE48B101F0AC
:106FF000C6F9B0FA80F464092846336C98472046F5
:1070000070BD0124F8E708B503691B6800215A8B9D
:10701000F5F750F928B1437E23F0070343F001034D
:10702000437608BD08B539B903691B685B8B013A23
:107030001A44B2FBF3F25A43F5F73CF928B1437E08
:1070400023F0070343F00203437608BD08B561B996
:1070500003691B685A8BF5F72DF928B1437E23F09D
:10706000070343F00403437608BD0022F3E770B53D
:1070700086680D46F36B044698472846EEF708FEEF
:107080002046336C9847002070BD70B58668054671
:10709000F36B98472869FFF7A5FD044620B13368D4
:1070A0003BB12846984704462846336C984720460B
:1070B00070BD0124F8E7F8B587680669FB6B0446E4
:1070C00098472069FFF785FDD8B12069FFF78AFD51
:1070D000D0B9FB6A20469847054668B9BFF35B8F75
:1070E00006F1A00353E8001F41F0020143E800123B
:1070F000002AF7D1BFF35B8F20463B6C98472846A8
:10710000F8BD4FF0FF35F7E76FF07705F4E7F8B516
:1071100087680669FB6B044698472069FFF762FDA4
:10712000B0B13B6B20469847BFF35B8F054606F135
:10713000A00353E8001F21F0020143E80012002AD7
:10714000F7D1BFF35B8F20463B6C98472846F8BDCC
:107150006FF07705F7E72DE9F0410546D0F8088094
:10716000066914460F4631B32AB3D8F83C30984725
:107170002869FFF72EFDD8B9C6E926742846D8F845
:1071800034309847044660B9BFF35B8FA03656E8A9
:10719000003F43F0010346E80032002AF7D1BFF375
:1071A0005B8FD8F84030284698472046BDE8F081EC
:1071B0006FF07704F5E76FF01504F6E7F8B5876828
:1071C0000669FB6B044698472069FFF70BFDD0B9B1
:1071D0002069FFF7FEFCC8B1BB6B20469847BFF3A0
:1071E0005B8F054606F1A00353E8001F21F0010163
:1071F00043E80012002AF7D1BFF35B8F20463B6CB7
:1072000098472846F8BD6FF00F05F7E76FF0770550
:10721000F4E74FF08053D3F83021082A05D1D3F892
:107220003401003818BF0120704700207047C34365
:10723000C3F3C01300F00F0000EB03107047FCF71E
:1072400069BF01238B40BFF35B8F50E8002F1A43C7
:1072500040E800210029F8D1BFF35B8F7047006937
:107260008430F8F7D1BD006984304FF0FF324FF021
:10727000FF33F8F757BD10B5807A0C46EEF760FC87
:10728000C36921465868BDE8104000F029BFF7B532
:107290000D46807A17461E46EEF752FC2C68C369ED
:1072A000033424F0030258682A600421CDE90076F3
:1072B000F8F71EFC00B9286003B0F0BD0369C9B23D
:1072C0000C2202FB0133186C00F00700704770B508
:1072D0000346C9B20069EFF31186402484F3128893
:1072E000BFF36F8F0C2505FB0104246C14F0C00460
:1072F00001D0A24211D105FB01000122026400204D
:1073000086F31188BFF36F8F30B95B680C2202FBE4
:1073100001335B689847002070BD4FF0FF30EFE706
:107320008022FFF7D4BFF8B5069F04690546C9B2AD
:10733000EFF3118C402080F31288BFF36F8F0C267F
:1073400006FB0146306C00F0070EBEF1010F10D1B4
:10735000376400268CF31188BFF36F8F3EB90C2081
:1073600041430C44C4E90E236B685B589847304690
:10737000F8BD00F0C00087420CBF6FF077064FF0F9
:10738000FF36E7E713B580240094FFF7CCFF02B087
:1073900010BD10B40069CBB21C2404FB0300002113
:1073A00010BC10471046F8F7B1BD00F0D5BAF7F79A
:1073B000C3BE4FF4AF607047002208B511461046B7
:1073C000F9F7B0FF002818BF6FF0150008BDF7B53A
:1073D0004FF480630F4616460024A64203D816D009
:1073E000162003B0F0BD351BB5F5806F28BF1D46D4
:1073F0002A4601AB39190020FAF726F820B9019B7B
:10740000AB4201D11C44E8E76FF01500E9E700202A
:10741000E7E743685B68D3F810350B6000207047DE
:1074200043685B6802EA010021EA0201C3F808052B
:10743000C3F80C150020704743685B680020C3F850
:107440000815704743685B680020C3F80C15704747
:1074500043685B68D3F8042521EA02001140C3F8B1
:107460000805C3F80C150020704730B5036958684B
:1074700000B30024884219D108688CB99C68586010
:10748000A14200D19860002008602AB15A680A60C1
:107490009A68596002B9996000200FE02846E9E730
:1074A00020609868814208BF9C60ECE7056804464C
:1074B000002DF3D1002AE9D16FF0150030BDF7F7A8
:1074C000E9BF13B54FF080520829136E526E28BFE2
:1074D000082112BA00921BBA0C460A46694601936B
:1074E00001F0C1FA204602B010BD30B54368136008
:1074F000057A446804EBC504A34202D36FF001008F
:1075000030BD5C798C4203F10803F0D10020F7E72D
:1075100043681B68D3F88004C3F88004704742684E
:107520001368D3F8100150B1D269002012780A70A4
:10753000C3F81001D3F8102101221A6070474FF0F0
:10754000FF307047002A0FDD42681368D3F810013E
:1075500058B10020C3F81001D269D3F81001127895
:107560000A700120186070470020704710B543680A
:107570001C680369EFF31180402282F31288BFF385
:107580006F8F1A68D17B39B991731B680122DA7346
:107590004FF48003C4F8043380F31188BFF36F8F76
:1075A00010BD03691A68D17B21B1012191731B6859
:1075B0000022DA737047026911680346C87B40B144
:1075C0005B681B68D3F8580118B100230B6113687E
:1075D0009889704743681B68D3F81001003818BFBA
:1075E0000120704743681B68D3F80423D2065CBFB0
:1075F0001022C3F80423704743681B68D3F80423A0
:10760000D20644BF1022C3F80823704743681B68A2
:107610004FF40072C3F80423704743681B684FF4AB
:107620000072C3F80823704738B543681D68D5F861
:1076300004335B02044605D4D5F8040310F01000AF
:1076400006D138BDFFF7B7FF0028F5D00120F8E7D5
:107650002046BDE83840FFF7BDBF012070470369F1
:10766000186801601B685A60704702680346D2F8C8
:10767000580140B95B68DB0706D4D2F82001003816
:1076800018BF012070470120704710B44368026999
:107690001B68D3F80413C90517D5D3F82011A1B17D
:1076A000EFF31181402484F31288BFF36F8FD3F876
:1076B000204134B10024C3F82041D3F820410124F3
:1076C000DC6081F31188BFF36F8F1168D3F85841E4
:1076D00071B17CB100240C611168C97B19B94FF4F8
:1076E0008001C3F8081311688C7B1CB100238B73D5
:1076F00010BC7047D3F8241121B10021C3F8241124
:10770000D3F8243112681368002BF1D0516810BCF3
:10771000184713B501AA0446FFF7E7FE002805DB6A
:10772000019B226819791868F6F718FC02B010BDA1
:107730002DE9F041066933689C89BFF35B8F944261
:107740000546A8BF14461033012753E8002F002A2E
:1077500003D143E800700028F7D1BFF35B8F0CBF63
:107760003B4600232BD133682246986801F07BF911
:10777000EFF31188402383F31288BFF36F8F69689A
:107780000846FFF772FF326840B91061044688F37B
:107790001188BFF36F8F2046BDE8F0810B689268B7
:1077A000C3F844250022C3F84845C3F82021D3F884
:1077B0002011C3F85821D3F858219F60E7E71C46F1
:1077C000E9E700F150039B009BB203F1804303F50E
:1077D000883300221A601B68704708B5F6F7DEFD93
:1077E00008BD10B54FF0FF304FF0FF31F6F772FFD4
:1077F000044628B9DFF704FE044618B1F6F772FF15
:10780000204610BDF6F76EFF2046EFF7FBFAF7E7CC
:1078100038B50B8A0D463BB101F10C00FCF794FE24
:10782000012818D0022803D06FF01504204638BD77
:107830004FF0FF304FF0FF31F6F74CFF04460028C1
:10784000F4D1E868E8F7BCFF0446F6F74BFFACB1AB
:10785000F6F74EFFEAE74FF0FF304FF0FF31F6F753
:1078600039FF04460028E1D1E868F7F71DF904461E
:10787000F6F738FF002CD9D1F6F73AFF2846EEF795
:1078800007FA0024D2E7F7F781B810B53222044690
:10789000002101F00FF9202323708023A3706FF0E3
:1078A0003F0363710423A3722823A3730223E373AA
:1078B0000423A3756FF0480363760323A3766FF068
:1078C0001F03E3760E232377302384F820307023C0
:1078D00084F82330802384F8263010BD08B54FF09B
:1078E000FF314FF0FF30F6F7F5FEEBF767FCBDE830
:1078F0000840F6F7F7BE684620F007018D4601B54F
:10790000E7F7F8FABDE8014085467047684620F081
:1079100007018D4601B5E7F7E1FABDE8014085466C
:107920007047684620F007018D4601B5E8F7C4F8B6
:10793000BDE801408546704708B5EBF767FB0020BE
:1079400008BDF9F74DBC08B5EDF78AF9EDF75EFA19
:10795000BDE80840F9F744BC7047012802D1002077
:10796000E6F768B970477047E5F762BF4FF080539C
:10797000D3F83021082A03BFD3F83401B0FA80F0DD
:1079800040090020704703460020184700F02FBB35
:1079900010B502461168B1B1BFF35B8FB1FA81F344
:1079A000C3F11F000123834021EA030352E8004F83
:1079B0008C4204D142E8003CBCF1000FF6D1BFF389
:1079C0005B8FE7D110BD6FF00B00FBE710B50368CC
:1079D000CB40DB0714D401238B400268BFF35B8FDD
:1079E00043EA020150E8004F944204D140E8001CF1
:1079F000BCF1000FF6D1BFF35B8FEED1002010BDBC
:107A00006FF01500FBE770B50C46002105460846EF
:107A10001646F7F791FC48B93378DB0003F1804351
:107A200003F5F833C3F81055C3F8144570BDF7B526
:107A3000019001A8DDE9084716461D46F7F792FCBC
:107A4000019BB6F1000C18BF4FF0010C00EB830056
:107A50000B1E18BF0123002D43EA4C030CBF4FF04F
:107A6000000C4FF00C0C002C43EA0C030CBF4FF041
:107A7000000C4FF4E06C002F43EA0C03D0F8002711
:107A80000CBF4FF0000C4FF4403C43EA0C0322EAD9
:107A9000030301B109780EB13678760019430DB1B0
:107AA0002D78AD0031430CB12478240229430FB165
:107AB0003F783F040C433C43C0F8004703B0F0BD9F
:107AC0001FB50DF10F03019300238DF80F100093E4
:107AD0001A461946FFF7ABFF05B05DF804FB10B579
:107AE00004460846F7F74EFC04EB4004207DC0F343
:107AF000401010BD10B504460846F7F743FC04EBF0
:107B00004004207DC0F3400010BD10B50446084677
:107B1000F7F738FC04EB4004A08A400B10BD70B5A9
:107B2000044608461646F7F72DFC08300D4634F893
:107B30001030DA0509D5C3F3432304EBC302314601
:107B400054F83330526828469847A3682BB1E2684E
:107B500031462846BDE87040184770BD10B5044650
:107B60000846F7F70FFC04EB4000838ADA051DD5C1
:107B7000C3F3432123F4F853838204F1120204F186
:107B8000720032F8023F13F4807F03D0C3F3432323
:107B900099420BD08242F4D104EBC10300225A6017
:107BA00004F17800BDE81040FFF710BF10BDF0B53C
:107BB000034600F58074002005460127844695425F
:107BC0000AD1D3F87C2132B10022C3F87C21D3F84A
:107BD0007C3140F00040F0BD25F0404607FA06F643
:107BE000314209D0D4F800E0BEF1000F04D0C4F84F
:107BF00000C0D4F800E0304301350434DFE738B585
:107C000004460D46FFF76BFFA8B12046FFF772FF51
:107C100088B92046FFF779FF226801238340C2F824
:107C20000833236803EB8000D0F8103523F00303FA
:107C3000C0F8103538BD28460021BDE83840FFF7B0
:107C40003FBF2DE9F043174685B004460846F7F7D5
:107C500099FBD7F800800E460546B8F1000F1ED0FC
:107C60002046FFF747FF18B12046FFF738FF20BB3B
:107C70000023CDE900338DF80E308DF80F300DF173
:107C80000F0243460DF10E013046FFF7D0FE04EB24
:107C90004502938A23F0020343F0010393827B6839
:107CA0009BB33146204693F80080D3F80490FFF749
:107CB00021FF28B1B9F1000F1FD06FF0150027E0A8
:107CC00004EB4500838A23F4604323F0200383827E
:107CD000B9F1000F11D0B8F1030FEED87B6821681D
:107CE0005B6893F800C04FEA8C031944B8F1000FA9
:107CF00011D1C1F81085C1F8108504EB4502938AB3
:107D000023F01C0343EA88039382BB6843BB002033
:107D100005B0BDE8F083D1F8102522F00302C1F8C8
:107D2000102522681344D3F8102522F44F3222F490
:107D30004072C3F810253202D3F8101502F47C52B9
:107D400042EA08420A43C3F8102504EB4C03A3F8A7
:107D50007C60838A43EA4C3343F020038382CCE780
:107D6000D3E9007831462046FFF7F8FE002FCED049
:107D700063689F4206D004F17800FFF709FE0028EF
:107D800004DAC5E7A3689845F5D1002004EBC003E9
:107D9000C3E9017804EB4505C0B2AB8A43EA40234E
:107DA00043F48073AB82B2E72DE9F043054685B01A
:107DB000084616461F46F7F7E5FA0C46804626B3F6
:107DC0002846FFF797FE18B92846FFF788FE18BB2C
:107DD00005EB4809B9F8143003F01C0313B17378AC
:107DE000012B19D001238DF80F300023CDE900635A
:107DF000721CB31C0DF10F012046FFF718FEB9F8F5
:107E0000143043F00303A9F81430002F3FD021466B
:107E10002846FFF76FFE20B96FF0150005B0BDE8EA
:107E2000F0833E782B6803EB86030022C3F810250D
:107E3000C3F8102505EB48024FEA860C938A23F419
:107E4000604323F020039382787800B32968BF78D9
:107E500061440004D1F8103523F4991323F4F85346
:107E6000C1F81035230200F4403003F47C5303437F
:107E70003805D1F8105500F4801003432B43C1F8A6
:107E80001035938A43EA463343F02003938200205F
:107E9000C4E7C0E90312704770B504461546FFF702
:107EA0001EFE48B10846F7F76DFA04EB40040020C7
:107EB000A38A5B0B2B7070BD6FF01500FBE738B524
:107EC00090F88C4005469CB960222146143000F0A1
:107ED000F1FD2868C0F87C41D0F87C3140F30730D0
:107EE000EDF714FB012385F88C30AB67204638BDD5
:107EF0006FF07700FBE790F88C00003818BF012086
:107F00007047F7F779BA2DE9F34104461746FFF7B2
:107F1000E6FD0D462668F0B12046FFF7EBFD8046F2
:107F2000C8B92046FFF7F1FD820002F5807346F8DC
:107F30000380F35823681344D3F8102542F001025C
:107F4000C3F8102527B1226801238340C2F8043307
:107F500002B0BDE8F081D6F80433002BA4BF4FF087
:107F60000043C6F804332846F7F70CFA04EB400444
:107F7000A38AC3F38203042B12D0052B12D001A8CD
:107F80000195F7F7EFF9019BD0F81015D94001F0F2
:107F900001010231284602B0BDE8F041FFF790BD73
:107FA0000321F7E70221F5E7FFF729BE00F180433F
:107FB0001A68002A1FBF00221A601B68012008BF30
:107FC000002070474FF080434FF46072C3F80423E1
:107FD00070474FF080434FF46072C3F80823704736
:107FE00008B5F7F785FBBDE80840FFF7BDBC08B151
:107FF000EDF788BE704710B5436904463BB90020D1
:10800000E268537843F001035370404210BD984733
:108010000028F4D00028B8BF4042E368FF28A8BF7A
:10802000FF201870ECE740B1C368587810F00100E9
:108030001EBF1878B0FA80F040097047EFF3118343
:10804000402383F31288BFF36F8FFEE72DE9F04FD3
:1080500089B0DDE91268059243460546324606A816
:108060000F4600F03AFCDDE90634CDE90234EFF3C7
:1080700011844FF0400989F31288BFF36F8F05F127
:108080000C0A05F1140B059A149B394628469847AB
:1080900030B184F31188BFF36F8F09B0BDE8F08F62
:1080A00056EA0806F5D0DDE9022306A800F03AFCFE
:1080B000DDE906685246CDE9006821465846F8F7E2
:1080C0007FFBEFF3118489F31288BFF36F8FDAE738
:1080D00010B400F10C04C0E9034410BCFBF7A7BACC
:1080E00038B50446EFF31185402383F31288BFF3BC
:1080F0006F8FEBF7EBFA04F10C0000F0FDFA30B1F2
:10810000294604F11400BDE8384000F0DABA85F3DE
:108110001188BFF36F8F38BD10B542696AB18368AB
:1081200042EA0301890708D10169A2FB011424B9BD
:108130005B182CBF0121002102D36FF0150005E070
:10814000C1609B1A02698A4201D8002010BDC26832
:108150001A604269C36001319B1AF3E710B5C0E9A8
:1081600004320023816083610446FFF7D5FF08B91C
:10817000C4E9004410BD2DE9F04105460F46EFF378
:108180001188402383F31288BFF36F8FC668FEB94E
:108190000468A0421CD0DCB1D4E9003213605A60FC
:1081A000237CA66023F002032374C4E9006604F173
:1081B000180000F057FB2046C4F88060676100F0AB
:1081C00026FA414605F10800BDE8F04100F079BA11
:1081D0003E60AB69EF60013BAB6188F31188BFF390
:1081E0006F8FBDE8F08108B54024EFF3118384F36D
:1081F0001288BFF36F8FFCF7B5F8F6E7D0E90032CD
:1082000013605A60027C002322F00202C0E90033AE
:1082100002748360704713B501240094F7F7B8FC2B
:1082200002B010BD90F90E308B4201D0F8F7EABAD7
:108230000020704703460020C3E90200C3E9003371
:108240007047D0E9003213605A60027C002322F0AC
:108250000202C0E900330274836070472DE9F843DD
:10826000904604469DF820200D46EFF311874021EB
:1082700081F31288BFF36F8F02B14568A66804F1DD
:108280000809B14516D0AEB13046FFF7DAFF002439
:1082900006F1180000F0E6FA3046C6F88040C6F84D
:1082A000148000F0B4F94846394600F00AFA204636
:1082B000BDE8F883A3B10820F8F78AFF002832D080
:1082C0000122C0F804800260016801F003015DB979
:1082D00022680A430260626820606AB960600BE04D
:1082E000C8F800304046EFE72A68032A10D801603A
:1082F000616839B9C4E90000002087F31188BFF331
:108300006F8FD5E70A6802F0030202430A60E5E7CF
:1083100022F003020A4302602A6802F0030240EAE4
:1083200002032B60E8E76FF00B00E6E710B50446A8
:1083300030B10268930703D0446809B100F08BFBA9
:10834000204610BD0023C0E9003300F10803C0E956
:108350000233704707B50123009300230A461946EC
:10836000FFF77CFF03B05DF804FB07B500230A4666
:1083700000931946FFF772FF03B05DF804FB006835
:108380000021FFF7D3BF3AB18A4205D3C0E90212F8
:10839000C0E90000002070476FF0150070470268C8
:1083A00001238B4022EA0303036022FA01F000F06C
:1083B00001007047704710B5032104460C30FFF7E9
:1083C000EEFF30B104F1100000F04CFAB0FA80F08A
:1083D000400910BD20B100221146943000F0D4B9FC
:1083E000704770B5C368C3F340069B07044616D4B4
:1083F000856802210C30FFF7D2FF80B1D5F88C20C0
:108400006AB194421DD122689EB9D5F89030C5F862
:108410008C209C4201D1C5F8902000232360E368A2
:1084200013F01F001EBF43F00203E36040F00200A0
:1084300070BD3260D5F89020944208BFC5F89060B6
:10844000EBE716461268DBE773B50446EFF31185D8
:10845000402383F31288BFF36F8F00230193D0E989
:108460000423B3F1004F08BF012A05D085F311881A
:10847000BFF36F8F02B070BDA0F110060321043866
:10848000FFF78DFF0028F1D0A369019301A93046C1
:10849000F7F794FEEAE738B504460D4610220021AE
:1084A00000F008FB656038BD13B501900846EFF396
:1084B0001184402383F31288BFF36F8F01A9F7F76C
:1084C0007DFE84F31188BFF36F8F02B010BD10B52D
:1084D000FFF7EAFF041E08DDEFF31180402383F36A
:1084E0001288BFF36F8FF8F7F9F9204610BD70B509
:1084F0000D46EFF31186402383F31288BFF36F8F8D
:10850000F7F7AEFE044686F31188BFF36F8F38B1DC
:108510004FF0FF324FF0FF3305F11000F7F72AFD5F
:10852000204670BD08B5A822002100F0C3FA08BD9E
:1085300038B5302204460D46002100F0BBFA4FF456
:1085400080736560E36038BD38B50446EFF311858C
:10855000402383F31288BFF36F8FFFF72CFF204671
:10856000FFF73FFF85F31188BFF36F8F38BDD0E968
:10857000003213605A60027C002322F00202C0E93C
:108580000033027483607047EFF30580003818BF32
:10859000012070476FF05700704700207047D0E906
:1085A000003213605A600023C0E90033704708B5F9
:1085B000FFF7F5FF037C23F00203037400238360BD
:1085C00008BD38B504460D46F8F778F8237C43F02B
:1085D00002032374D5B1A5602B689D4209D16B6855
:1085E000C4E900531C606C6010E06A689A42F6D0DF
:1085F0001B68002BF3D093F90E1094F90E209142D2
:10860000F3DD5A68C4E9003214605C6038BD10B50F
:10861000EFF31184402383F31288BFF36F8FF8F7D1
:108620000DF884F31188BFF36F8F10BD08B5EFF319
:108630001181402282F31288BFF36F8F83680BB1E0
:10864000FFF7B5FF81F31188BFF36F8F08BD08B541
:10865000037C13F0280F01460CD183680BB1FFF7A0
:10866000A6FF0B7C23F004030B740846BDE808400A
:10867000F7F7E4BF08BD10B5EFF31184402383F38F
:108680001288BFF36F8F1838FFF7E1FF84F311886A
:10869000BFF36F8F10BD08B50346EFF31181402281
:1086A00082F31288BFF36F8F0068834207D008B14E
:1086B000FFF77DFF81F31188BFF36F8F08BD0020A6
:1086C000F8E70846F8F732B838B504680546AC4212
:1086D0004FF0000000D138BD002CFCD02046FFF741
:1086E00066FF04F1180000F0BDF82046F7F7A6FF7A
:1086F0002C680120A542EDE710B5EFF3118440236B
:1087000083F31288BFF36F8FFFF7DEFF84F31188C6
:10871000BFF36F8F10BD38B50C460546F8F77AF9F0
:10872000B4F1FF3F08BFB5F1FF3F1FBF47F6FF732E
:1087300000224FF47A71E0FB01321ABFD80B40EAF5
:1087400042404FF0FF3038BD38B50446EFF3118595
:10875000402383F31288BFF36F8F037C5B070ED532
:10876000183000F07FF8237C23F0040320462374A4
:10877000F7F764FF2846BDE83840F7F7D7BF85F321
:108780001188BFF36F8F38BD38B5EFF311854023E3
:1087900083F31288BFF36F8F0468A04213D0A4B193
:1087A000C4F8801062612046FFF701FF04F1180051
:1087B00000F058F82046F7F741FF012085F31188B3
:1087C000BFF36F8F38BD0020F8E72046F6E72DE9AC
:1087D000F04706460F4691469A46EFF3118840232C
:1087E00083F31288BFF36F8F0068864206D028B1EA
:1087F0007368984214BF0568002568B90024B9F170
:10880000000F02D051462046C84788F31188BFF3B5
:108810006F8F2046BDE8F0875146B84704460028D0
:10882000EDD135B17368AB4200D02C68284625469F
:10883000E3E72C46FAE708B50246F8F75DFA70B1AF
:10884000D0E904319B1A61EBE272B3F1004F72F18F
:10885000000104DA002AACBF1846002008BD6FF002
:108860000040FBE738B50246EFF31185402383F360
:108870001288BFF36F8F0368D3B1F8F73DFA04464F
:108880001046F8F74BFA00224FF000438442C0E94B
:10889000042305D0002085F31188BFF36F8F38BD06
:1088A000F8F732FAFFF7C7FF0021F5F7DBFEF1E733
:1088B000D0E90413B3F1004F08BF012904D100200F
:1088C0004FF00041C2E904016FF01500E3E708B57D
:1088D000F8F72CFB08BDF8F729BBB3F1FF3F08BF41
:1088E000B2F1FF3F70B506461D46144614D01A4338
:1088F00016D0002B08DBF8F719FB041941EB050132
:10890000C6E90041304670BD6FF001031C1B4FF0FB
:10891000FF3363EB0501F3E74FF0FF342146EFE748
:108920000024FBE7B3F1FF3F08BFB2F1FF3FF8B50A
:10893000074616461C4610D054EA020311D0F8F739
:10894000F5FAB0420A46A14103460AD2F31A64EB93
:108950000204C7E900343846F8BD4FF0FF331C4627
:10896000F7E70023FBE70023C0E9081200F1180233
:10897000C0E90622C0E900330363436370472DE971
:10898000F3470446DDE90A9815460E4659B302F04E
:10899000010AF8F77BF80746EFF31181402383F3D0
:1089A0001288BFF36F8FA80744BF0023A360A3689A
:1089B00003EA0600BAF1000F0CD086420CD16A0718
:1089C00044BF8343A36081F31188BFF36F8F02B06C
:1089D000BDE8F0870028F2D159EA080305D181F3F8
:1089E0001188BFF36F8F0020F1E7C7E918652246B1
:1089F000CDE9009804F10C00F7F7E2FE0028F2D16F
:108A0000386EE4E710B50446D0E918020B6812F09E
:108A1000010F03EA000301D0984210D17BB1236615
:108A2000520742BF4A681A434A6004F11800FFF730
:108A300019FF0023C4F880302046FFF708FE00200D
:108A400010BD0A46F8F778BB0A460021F8F774BB58
:108A50005200FFF794BF20B1011F50F8040CFFF73C
:108A60003FBB704770470A44914200F1FF3300D189
:108A7000704710B511F8014B03F8014F9142F9D13D
:108A800010BD884210B501EB020402D9844223468E
:108A900007D8431EA14207D011F8012B03F8012F7C
:108AA000F8E70244824200D110BD13F8011D02F81C
:108AB000011DF7E702440346934200D1704703F8D3
:108AC000011BF9E710B501390244904201D10020A1
:108AD00005E0037811F8014FA34201D0181B10BD27
:108AE0000130F2E710B50139034632B111F8014FF8
:108AF00003F8014B013A002CF7D11A4400219342AC
:108B000000D110BD03F8011BF9E710B5024601447E
:108B10008A42134603D01C780132002CF8D1181A6F
:108B200010BDF0B5C3F137070446FFB203F01F03D1
:108B30001046082BE6B233D0102B3ED06508A408AF
:108B400044EA817445EAC1752D194FEA910242EB5E
:108B50005102290941EA02716D1842EB1212290AE9
:108B600041EA02616D1842EB1222290C41EA0241EE
:108B70006D1842EB1242AD1842F10002EC0844EAD3
:108B80004274D10804EB8402A6EB4205EDB2092D34
:108B90000CD90134A5F10A0541F10001EDB212E052
:108BA000E40844EA417406F00705C908303554EA80
:108BB000010200F8015BBCD1F0BD240944EA017454
:108BC00006F00F050909092D84BFED19EDB2EDE797
:108BD000D1E9043293421EBF5A1C0A6118707047D3
:088BE0003CA6FE7F010000002D
:108BE800295D030000000000CD5C030000000000C8
:108BF80000000000C08C0400CDFA03000000000053
:108C08000DFB03000000000000000000F88C0400C9
:108C180000000000DC8C0400F5EF030000000000F9
:108C280039790400000000004379040000000000C6
:108C3800000000004C8D040000000000308D04008E
:108C480000000000688D040000000000148D04007E
:108C580039D903000000000011E5030000000000FE
:108C68008D41030000000000E55A030000000000E9
:108C780000000000848D0400C9F00300000000001B
:108C880047790400000000003100040000000000E3
:108C980000000000A08D040005690300000000002A
:108CA800996F030000000000454C0300000000001D
:088CB8008D4B030000000000D9
:108CC000BEB7040088980400688F0400580700208D
:108CD000E832002091D603000000000007B804002D
:108CE000A8980400448F04005E0700208033002011
:108CF000FDDD03000000000015B80400BC9804006E
:108D0000448F0400600700208C330020FDDD030049
:108D1000000000000DA3040080950400848F04006F
:108D200054070020B0000020116C03000000000078
:108D3000E7B70400000000003C8F04005A07002041
:108D40003C3300204DDB030000000000F7B70400B7
:108D500000000000A09804005C0700200000000054
:108D6000B97304000000000042B80400D098040069
:108D7000C88F0400620700201C060020ADE103003C
:108D8000000000009AB90400000000000C990400E3
:108D900064070020A4330020C5E8030000000000A1
:108DA00098B7040064980400209804005607002037
:0C8DB00068050020E5C70300000000007B
:108DBC00E17F0400877904000000000049430400AF
:108DCC00688D04008B760400000000004943040009
:108DDC000000000049430400000000004943040067
:108DEC00A4030020BF7404000000000049430400E9
:108DFC000000000049430400000000004943040047
:108E0C000000000049430400000000004943040036
:108E1C0000000000494304003C330020B9DB030090
:108E2C000000000049430400000000004943040016
:108E3C00000000004943040000000000A1E503000D
:108E4C0000000000494304000000000049430400F6
:108E5C0000000000494304000000000049430400E6
:108E6C0000000000494304000000000049430400D6
:108E7C000000000049430400000000004DF0030016
:108E8C0000000000494304000000000049430400B6
:108E9C0000000000494304000000000049430400A6
:108EAC000000000049430400000000004943040096
:108EBC000000000049430400000000004943040086
:108ECC000000000049430400000000004943040076
:108EDC000000000049430400000000004943040066
:108EEC0000000000494304003DCF030087790400D3
:108EFC000000000049430400000000004943040046
:108F0C000000000049430400000000004943040035
:108F1C000000000049430400000000004943040025
:108F2C000000000049430400000000004943040015
:088F3C00F9DA030049DA030031
:108F44002DDC03001374040021740400397404003C
:108F5400457404005174040039DE03006B7404008A
:048F64000000000009
:108F6800E9D60300217304008573040000000000A3
:0C8F7800BD7204000000000000000000BA
:108F8400F55304009D6B0300000000001F5404000F
:108F9400E153040001580400A5540400755304006F
:108FA400375804009B540400000000008D53040053
:108FB400000000000000000095530400BB570400AB
:108FC400A75304001F750400F5E0030011750400A5
:108FD40031770400457504006D750400A375040021
:108FE400B7750400E5750400F9750400B77504004D
:108FF400D57504000D7604001B7604002976040060
:089004005B7604005F760400B6
:10900C0005000000359F030006000000BDC00300F2
:08901C000400000085AF030011
:1090240098970400040000009094040007000000D6
:08903400C093040004000000D9
:10903C008DAD04000300000074B4040003000000B4
:10904C0065A30400030000004AB004000300000004
:10905C006CA304000300000038B5040003000000FA
:10906C00E4AB04000300000034AD04000300000076
:10907C00DCB1040003000000B7B9040003000000D9
:10908C00A5B904000300000065B50400030000004E
:10909C00A39C040003000000D9B7040003000000E7
:1090AC007D9B040003000000C79C0400030000002B
:1090BC00CB9C040003000000CB9D040003000000C7
:1090CC00E3B90400030000008EA2040003000000BA
:1090DC00EDA2040003000000F5A204000300000050
:1090EC00AEB704000300000009BA0400030000003E
:1090FC00E6BA040003000000F89B04000300000023
:10910C0004A3040003000000B49C0400030000004E
:10911C0050B804000300000027B604000300000050
:08912C00A6B7040003000000D7
:1091340074940400C8020020BA9D040001000000D9
:109150000000000003000000A0000000F00000007C
:1091600000000000CBAA0400D0AA0400D4AA040086
:10917000D8AA0400DCAA0400E0AA0400E4AA0400BF
:10918000E8AA0400ECAA0400F0AA0400F4AA04006F
:10919000F8AA0400FCAA040000AB040004AB04001D
:1091A00008AB04000CAB040010AB0400010001008C
:1091B00000010100000100010000010001000000A9
:1091C00001000B0002000A00050009000A00080067
:1091D000140007001E000600320005004B000400CA
:1091E0006400030096000200FA000100F401000090
:1091F000F401FA00960064004B0032001E001400D7
:109200000A000500020001000C0802170D0101020E
:1092100009090101060209181803010109098383DC
:1092200085030201230202240910040405050B0B27
:10923000040B2B1B1B159A9A1C021D1613050149C2
:109240000D150508061B1B0F01010000FEFEFEFEAA
:10925000FEFEFEFEFEFEFEFEFEFEFEFEFEFEFEFE2E
:10926000FE16FEFEFEFEFEFEFEFEFEFEFEFE1F1FC4
:10927000FE26FEFEFEFEFEFEFEFEFEFEFEFEFEFEE6
:10928000FEFEFEFE3E3EFEFEFEFE3B3BA301B103A4
:10929000BF05EF024906A309C505F50B251200001D
:1092A000010000001011004000000000000000005C
:1092B00000000000000000000406080A0C0E101256
:1092C0001416181C1E20222426282A2C2E30323454
:1092D00036383A3C3E40424446484A4C4E021A50C8
:1092E000000000002800000018000000000000003E
:1092F000141E000030110000000000007017000074
:10930000A00F00000000DC05E803000000000000E2
:10931000141E00003011000000002CA6E0A1000087
:109320003408E803D8ECF0F4F8FC00020304050666
:10933000070800000000000000000000000000001E
:10934000000000000000010101010202020203030B
:1093500003030404040405050505060606080900C0
:1093600000000000000000000000000000000000FD
:1093700000000001010101020202020303030304D1
:109380000404040505050506060708090A0B0C0D6B
:1093900000100200FA0000000000000000000000C1
:1093A0000338FDD87047000007100000E4060020D5
:1093B00001010000F4060020090900002A9B0400B6
:1093C000749A0400ED6804000000000027BB04004C
:1093D00000000100709A0400916904000000000080
:1093E000B80200200000010016BB040000000000CD
:1093F0000000000000000000000000006C9A040063
:109400001D69040009B70300A0020020000003004A
:1094100048170020000100002B400400CD3F04004D
:1094200002000000DB41040000000000000000001A
:1094300000000000000000009A9D0400A29D0400AE
:10944000000000000000000000000000AA9D0400D1
:10945000AE9D0400B29D0400B69D04006494040017
:109460003C2900205D4B0300542900209337002045
:10947000010000009B420400914204005F4204008E
:1094800053420400000000004742040000000000B6
:10949000A29A0400ED680400000000009E9A0400F7
:1094A000000001009A9A0400916904000000000085
:1094B0006C03002000000100929A0400ED420400B9
:1094C0000000000000000000000001008E9A04006F
:1094D0009169040000000000640300200000010006
:1094E000869A0400B9420400000000000000000059
:1094F00000000100829A040091690400000000004D
:109500005C030020000001007A9A0400194C03005B
:10951000000000000000000000000100000000004A
:10952000214304008C030020840300207C030020DE
:109530000000000074030020794D03006D4C03000F
:10954000C14C0300214D030000000020000000007A
:1095500000000B06020000005C9504000000000003
:10956000DEA204002600020600000020E6A204009D
:1095700022000B11715B030000000000D3430400C4
:109580005C04002000000000100700207004002090
:109590000000000074950400A4950400470000003A
:1095A00000000000586A002074950400B89504007B
:1095B0002E00000000000000FC6E002074950400E6
:1095C000CC9504000201000000000000D06F0020D4
:1095D00014AB040032AB04004DAB04005DAB0400DF
:1095E0006AAB040073AB04007AAB040081AB0400E7
:1095F00088AB040090AB04006AAB040098AB040095
:10960000AAAB0400BFAB0400D2AB04000E03000001
:10961000E98403000F040000B58403001A01000070
:109620005D6E030005040000756E03001301000069
:10963000A57003003E0100001D730300011200002D
:10964000F55A04000A1E0000035B0400FF0100003D
:10965000917403003E0100007174030005040000D2
:10966000C16E030010010000396F030001120000F9
:10967000D17D03000A1E0000AD5B04000309000059
:109680002D760300040B000051700300060A000051
:10969000F18303000C050000056F030074950400BE
:1096A000AC9604004700000000000000EC700020B1
:1096B000C9AF0400D6AF0400F6AF0400EAAF04005F
:1096C00001B0040018B0040028B0040099B30400ED
:1096D0003CB0040074950400E4960400000000000F
:1096E00000000000AC71002074950400F89604009E
:1096F0002000000000000000D4710020655E04001E
:10970000B75E040000000000000000000000000040
:109710003DA2030000000000000000000000000067
:109720000000000002020100D763040004040100ED
:1097300045AC03000606010085AB030008040100E8
:1097400071AA03000A020100BF6304000C040100B7
:10975000A76304000E0401004DA9030020040100CA
:10976000B9A8030010040100C9A7030012020100F8
:10977000296304001E0004002D670400520200004B
:109780004F630400749504009497040022000000C5
:1097900000000000AC720020BA9A0400ED680400DA
:1097A00000000000B69A040000000100B29A040014
:1097B000916904000000000048050020000001003D
:1097C000AA9A040000000000000000000000000051
:1097D00000000000A69A04001D69040009B70300F8
:1097E0005005002000000300000000000000000001
:1097F000000000000000000000000000E96A040012
:109800000000000000000000000000000000000058
:109810007098040014080020000000000000000000
:109820000000000065C90300A1C7030081C5030053
:109830008DC903000000000021C50300ADC903006D
:10984000DDD3030081C703000000000055D40300EE
:10985000FDCD030099C6030079C6030067720400BA
:109860005F7204000000000003000000F9C603005E
:109870008F72040000000000777204004DD60300D0
:109880001DD603000000000099D7030019D703007C
:10989000CDB70400AF730400AB730400D3B704006A
:1098A000CF73040000000000FFFF00000003005021
:1098B000A40300200000000001000000FFFFFFFFE4
:1098C00000000050A4030020000000000000000081
:1098D000002000400100000000000000F09804009B
:1098E0000000D601000000002238002021380020AE
:1098F00000200040FC9804000100000004990400CE
:10990000020000002B0000002C060001B1E703005C
:10991000E377040011780400080000000300000051
:1099200097BA0400A5BA0400B9BA0400C8BA040082
:10993000D4BA0400E88B0400F08B0400608C0400AF
:10994000688C0400B08C0400C08C0400E9BA0400E8
:109950000001000000000000FF8FFFFFFF8FFFFFEE
:10996000FE8FFFFFFE8FFFFFFD8FFFFFFC8FFFFFCE
:10997000FC8FFFFF4661696C20746F206163717515
:10998000697265206D757465780A00004661696CBE
:1099900020746F20696E63726561736520504D207D
:1099A000636F756E7465720A000000006D757465F2
:1099B000785F667265652063616C6C6564207769A9
:1099C0007468204E554C4C20706172616D657465F1
:1099D0007200000043616E277420696E69746961CA
:1099E0006C697A65206D757465782C2077617320B9
:1099F0004E554C4C0D0A0000466174616C20657236
:109A0000726F7200436F756C64206E6F74206C6FA0
:109A1000636B20706F7765722073617665206D755A
:109A200074657800647261676F6F6E2F6C69627322
:109A30002F73636865642F7372632F736368656443
:109A40005F68616C5F7274632E6300000000260023
:109A500047005C0064005C00470026000000DAFF5D
:109A6000B9FFA4FF9CFFA4FFB9FFDAFF00000229A1
:109A7000000003280000002809040000042A000058
:109A8000042A000003280000012A0000012A000027
:109A900003280000002A0000002A0000032800001C
:109AA000001800000028000002290000052A00001C
:109AB000052A000003280000011800000028646542
:109AC00073686162696C697461646173004E6F747C
:109AD000696669636163696F6E65732025730062EF
:109AE000745F656E61626C652066616C6C6F2028C6
:109AF000657272202564290062745F6C655F616421
:109B0000765F73746172742066616C6C6F20286577
:109B100072722025642900416E756E6369616E64FE
:109B20006F20636F6D6F202573005849414F2D469C
:109B30004C4F570062745F676174745F6E6F746935
:109B400066792066616C6C6F2028657272202564CE
:109B500029007365713D257520666C756A6F3D251A
:109B6000642E25303264206D6C2F6D696E20746513
:109B70006D703D25642E25303264204300666C6F85
:109B8000775F73696D006865617020636F727275CD
:109B90007074696F6E20286E6F7420696E20757303
:109BA000653F29206174202570006865617020631D
:109BB0006F7272757074696F6E2028627566666563
:109BC00072206F766572666C6F773F292061742012
:109BD0002570006865617020636F727275707469BA
:109BE0006F6E2028646F75626C6520667265653FD4
:109BF00029206174202570006F735F6865617000B3
:109C000028756E7369676E656429206368617220C8
:109C10002A207573656420666F7220252570206187
:109C20007267756D656E742E204974277320726596
:109C3000636F6D6D656E64656420746F206361731E
:109C40007420697420746F20766F6964202A206202
:109C5000656361757365206974206D617920636146
:109C6000757365206D69736265686176696F7220CE
:109C7000696E206365727461696E20636F6E6669D8
:109C80006775726174696F6E732E20537472696E9A
:109C9000673A2225732220617267756D656E743A8A
:109CA00025640063627072696E74665F7061636BD5
:109CB000616765007379735F6765746F7074006CBA
:109CC0006F6767696E67006C6F67006C6F675F6DC9
:109CD000676D74004D657373616765202822257375
:109CE00022292064726F70706564206265636175FB
:109CF0007365206974206578636565647320736992
:109D00007A65206C696D69746174696F6E202825AD
:109D10007529004D6573736167652064726F70709B
:109D20006564206265636175736520697420657878
:109D300063656564732073697A65206C696D697405
:109D40006174696F6E2028257529000D0A001B5B60
:109D5000306D00257320005B2530386C755D200068
:109D60005B253032753A253032753A253032752E02
:109D7000253033752C253033755D20003C25733E2E
:109D8000200025732F0025733A20002530327820DB
:109D900000202020007C002563001B5B313B333119
:109DA0006D001B5B313B33336D006572720077725F
:109DB0006E00696E6600646267006C6F675F626167
:109DC000636B656E645F75617274006C6F675F755D
:109DD000617274006364635F61636D5F300063642C
:109DE000635F61636D5F73657269616C002A2A2A23
:109DF00020426F6F74696E67206E524620436F6E0B
:109E00006E6563742053444B2076332E342E302DF0
:109E1000393935353330353536303762202A2A2AFC
:109E20000A002A2A2A205573696E67205A657068CD
:109E30007972204F532076342E342E302D626638BE
:109E4000303165346533643139202A2A2A0A006D9D
:109E5000757465785F696E69742063616C6C6564A4
:109E60002077697468204E554C4C20706172616D8A
:109E70006574657200436F756C64206E6F74206149
:109E80006C6C6F63617465206D75746578206265B4
:109E9000666F726520696E697469616C697A696E52
:109EA000670072302F61313A2020307825303878C1
:109EB000202072312F61323A2020307825303878D6
:109EC000202072322F61333A2020307825303878C4
:109ED0000072332F61343A202030782530387820D2
:109EE0007231322F69703A2020307825303878204E
:109EF0007231342F6C723A20203078253038780057
:109F000020787073723A20203078253038780046F7
:109F100061756C74696E6720696E737472756374B1
:109F2000696F6E20616464726573732028723135C5
:109F30002F7063293A2030782530387800556E68C4
:109F4000616E646C6564204952516E3A202564004C
:109F50002A2A2A2A2A205553414745204641554C52
:109F600054202A2A2A2A2A00202044697669736903
:109F70006F6E206279207A65726F002020556E61C5
:109F80006C69676E6564206D656D6F7279206163C1
:109F9000636573730020204E6F20636F70726F6370
:109FA0006573736F7220696E737472756374696F11
:109FB0006E73002020496C6C6567616C206C6F616A
:109FC00064206F66204558435F52455455524E20D9
:109FD000696E746F205043002020496C6C65676186
:109FE0006C20757365206F6620746865204550533A
:109FF00052002020417474656D707420746F206568
:10A0000078656375746520756E646566696E6564F0
:10A0100020696E737472756374696F6E002A2A2AE0
:10A020002A2A20425553204641554C54202A2A2A98
:10A030002A2A002020537461636B696E6720657261
:10A04000726F72002020556E737461636B696E6766
:10A05000206572726F7200202050726563697365AB
:10A06000206461746120627573206572726F720082
:10A0700020204246415220416464726573733A2045
:10A0800030782578002020496D70726563697365AA
:10A09000206461746120627573206572726F720052
:10A0A0002020496E737472756374696F6E206275D7
:10A0B00073206572726F72002020466C6F61746944
:10A0C0006E672D706F696E74206C617A792073747D
:10A0D00061746520707265736572766174696F6E04
:10A0E000206572726F72002A2A2A2A2A204D505542
:10A0F000204641554C54202A2A2A2A2A002020533F
:10A100007461636B696E67206572726F7220286379
:10A110006F6E746578742061726561206D6967681F
:10A1200074206265206E6F742076616C696429000A
:10A130002020446174612041636365737320566914
:10A140006F6C6174696F6E0020204D4D4641522046
:10A15000416464726573733A20307825780020205A
:10A16000496E737472756374696F6E2041636365C1
:10A1700073732056696F6C6174696F6E00526573FA
:10A18000657276656420457863657074696F6E20CA
:10A19000280053707572696F757320696E746572EB
:10A1A0007275707420284952512000535053454C09
:10A1B00020696E20746872656164206D6F6465202B
:10A1C000646F6573206E6F7420696E646963617477
:10A1D0006520505350002A2A2A2A2A2048415244F6
:10A1E000204641554C54202A2A2A2A2A002020425F
:10A1F0007573206661756C74206F6E20766563746C
:10A200006F72207461626C65207265616400202049
:10A210004465627567206576656E7400202046612E
:10A22000756C7420657363616C6174696F6E20284E
:10A230007365652062656C6F772900415243485F02
:10A24000455843455054207769746820726561739E
:10A250006F6E2025780A002A2A2A2A2A204465625D
:10A260007567206D6F6E69746F72206578636570B5
:10A2700074696F6E202A2A2A2A2A002A2A2A2A2A60
:10A2800020257320256429202A2A2A2A2A006D7075
:10A2900075004661696C656420746F20616C6C6F39
:10A2A00063617465206E6577204D50552072656737
:10A2B000696F6E2025750A00506172746974696F48
:10A2C0006E2025753A20636F686572656E63652040
:10A2D000636865636B206661696C65642E00464C3B
:10A2E0004153485F30005352414D5F30006E6574FA
:10A2F0005F627566006E65745F6275665F73696D37
:10A30000706C6500736F63007573626400626F61E7
:10A3100072645F6364635F61636D5F756172740033
:10A320007075626C69630072616E646F6D00707548
:10A33000626C69632D69640072616E646F6D2D6972
:10A340006400253032583A253032583A2530325898
:10A350003A253032583A253032583A253032582092
:10A36000282573290062745F6275660062745F64F9
:10A370006174610044617461206275666665722073
:10A380006F766572666C6F7720286C696E6B2074CF
:10A39000797065203078253032782900556E6162F9
:10A3A0006C6520746F206C6F6F6B20757020636F0D
:10A3B0006E6E20776974682068616E646C65202514
:10A3C0007500556E61626C6520746F206C6F6F6BE9
:10A3D000757020636F6E6E20666F722068616E64A8
:10A3E0006C6520257500486172647761726520652F
:10A3F00072726F722C20686172647761726520637B
:10A400006F64653A20256400436F756C64206E6F3D
:10A4100074207375626D69742072785F776F726BE8
:10A420003A20256400556E61626C6520746F20616E
:10A430006C6C6F6361746520627566666572005549
:10A440006E68616E646C6564206576656E7420303C
:10A450007825303278206C656E2025753A2025737A
:10A4600000657674206E756D5F68616E646C6573EF
:10A4700020283D25752920746F6F206C61726765F7
:10A480002028257A75203E20257529004E6F2063EF
:10A490006F6E6E656374696F6E20666F722068619F
:10A4A0006E646C65202575007061636B6574732044
:10A4B000636F756E74206D69736D617463680054A9
:10A4C0006F6F20736D616C6C202825752062797424
:10A4D000657329206576656E742030782530327872
:10A4E00000496E76616C6964204843492065766551
:10A4F0006E742073697A65202825752900496E7667
:10A50000616C6964204C45206D65746120657665D9
:10A510006E742073697A6520282575290057455384
:10A52000545F544F504449522F7A65706879722FA6
:10A530007375627379732F626C7565746F6F74686D
:10A540002F686F73742F6863695F636F72652E6322
:10A55000006576745F666C6167732026202831552C
:10A560004C203C3C2028302929004153534552546B
:10A57000494F4E204641494C205B25735D204020C9
:10A5800025733A25640A00496E76616C696420621D
:10A590007566207479706520257500496E76616C4A
:10A5A0006964204843492041434C207061636B65D6
:10A5B000742073697A6520282575290041434C2051
:10A5C00064617461206C656E677468206D69736D79
:10A5D000617463682028257520213D202575290098
:10A5E000556E61626C6520746F2066696E642063CD
:10A5F0006F6E6E20666F722068616E646C652025D8
:10A60000750062745F6863695F6576745F6765741F
:10A610005F666C616773286864722D3E6576742985
:10A620002026202831554C203C3C20283129290067
:10A63000556E6B6E6F776E206275662074797065EB
:10A6400020257500556E68616E646C6564207665C2
:10A650006E646F722D7370656369666963206576D9
:10A66000656E7420307825303278206C656E202538
:10A67000753A202573004E6F20636F6D6D616E64B7
:10A680002073656E7420666F7220636D6420636F43
:10A690006D706C65746520307825303478004F70AB
:10A6A000436F64652030782530347820636F6D7097
:10A6B0006C6574656420696E7374656164206F668F
:10A6C000206578706563746564203078253034784F
:10A6D00000696E74657276616C2065786365656487
:10A6E00073207468652076616C69642072616E679E
:10A6F00065202575207573006C6174656E63792023
:10A7000065786365656473207468652076616C693B
:10A71000642072616E67652030782530347800736C
:10A720007570765F74696D656F75742065786365A3
:10A73000656473207468652076616C696420726159
:10A740006E676520307825303478004E6F20706554
:10A750006E64696E67207065726970686572616C9D
:10A7600020636F6E6E656374696F6E00556E6578F9
:10A7700070656374656420737461747573203078D8
:10A780002530327820257300756E6B6E6F776E0002
:10A790005B305D00484349207472616E73706F7264
:10A7A000743A20257300534443004964656E74690C
:10A7B000747925733A202573004964656E74697451
:10A7C000795B25645D3A202573004843493A207639
:10A7D000657273696F6E20257320283078253032BA
:10A7E0007829207265766973696F6E20307825301C
:10A7F00034782C206D616E75666163747572657254
:10A8000020307825303478004C4D503A20766572EF
:10A8100073696F6E202573202830782530327829AF
:10A820002073756276657220307825303478005553
:10A830006E61626C6520746F2073656E6420746F46
:10A8400020647269766572202865727220256429F9
:10A8500000657272203D3D20300009436F6E7472B6
:10A860006F6C6C657220756E726573706F6E736954
:10A8700076652C20636F6D6D616E64206F70636F01
:10A880006465203078253034782074696D656F7583
:10A89000742077697468206572722025640A006FDD
:10A8A00070636F646520307825303478207374616C
:10A8B00074757320307825303278202573004E6F00
:10A8C0002070656E64696E6720636F6E6E20666FC0
:10A8D000722070656572202573004E6F6E2D4C4599
:10A8E0002063617061626C6520636F6E74726F6C5F
:10A8F0006C657220646574656374656421004E75CF
:10A900006D206F6620436F6E74726F6C6C6572277A
:10A91000732041434C207061636B65747320213D4B
:10A920002041434C2062745F636F6E6E5F747820C9
:10A93000636F6E74657874732028257520213D201F
:10A940002575290041434C2042522F454452206234
:10A95000756666657273206E6F7420696E697469BE
:10A96000616C697A65640056656E646F7220484355
:10A970004920657874656E73696F6E73206E6F74AD
:10A9800020617661696C61626C6500485720506C8B
:10A990006174666F726D3A202573202830782530F7
:10A9A0003478290048572056617269616E743A20E4
:10A9B0002573202830782530347829004669726D57
:10A9C000776172653A2025732028307825303278F7
:10A9D000292056657273696F6E2025752E257520A6
:10A9E0004275696C64202575004661696C65642058
:10A9F000746F207265616420737570706F72746516
:10AA0000642076656E646F7220636F6D6D616E6435
:10AA100073004661696C656420746F2072656164BF
:10AA200020737570706F727465642076656E646FE4
:10AA300072206665617475726573004843492064CD
:10AA40007269766572206973206E6F742072656119
:10AA500064790042542052582057510048434920FD
:10AA6000647269766572206F70656E206661696CCC
:10AA70006564202825642900556E657870656374C7
:10AA8000656420484F53545F4E554D5F434F4D50C2
:10AA90004C455445445F5041434B4554532C20731F
:10AAA00074617475732030782530327820257300F6
:10AAB000556E636C65617265642070656E64696E65
:10AAC000672073656E745F636D6400312E306200C1
:10AAD000312E3100312E3200322E3000322E310034
:10AAE000332E3000342E3000342E3100342E32001C
:10AAF000352E3000352E3100352E3200352E330004
:10AB0000352E3400362E3000362E3100362E3200EF
:10AB1000362E33005374616E6461726420426C752A
:10AB200065746F6F746820636F6E74726F6C6C65A0
:10AB3000720056656E646F72207370656369666932
:10AB40006320636F6E74726F6C6C6572004669721D
:10AB50006D77617265206C6F616465720052657318
:10AB600063756520696D61676500726573657276EE
:10AB70006564006E5246353178006E524635327843
:10AB8000006E5246353378006E52463534487800B0
:10AB90006E524635344C7800496E74656C20436FB4
:10ABA00072706F726174696F6E004E6F7264696368
:10ABB0002053656D69636F6E647563746F72004EC8
:10ABC00058502053656D69636F6E647563746F725E
:10ABD000730045737072657373696620537973747B
:10ABE000656D730062745F6863695F636F726500AF
:10ABF000636D6420646973616C6C6F776564004F8A
:10AC00006E6C792072616E646F6D2073746174690B
:10AC100063206964656E7469747920616464726527
:10AC2000737320737570706F7274656400496E760B
:10AC3000616C696420696E70757420706172616DF9
:10AC40006574657273004661696C656420746F2079
:10AC500072656164207075626C69632061646472FE
:10AC60006573730052656164205374617469632075
:10AC700041646472657373657320636F6D6D616E9B
:10AC800064206E6F7420617661696C61626C65002E
:10AC90004661696C656420746F207265616420731D
:10ACA00074617469632061646472657373657300B1
:10ACB0004E6F20737461746963206164647265739C
:10ACC0007365732073746F72656420696E20636F9F
:10ACD0006E74726F6C6C65720043616E27742073C2
:10ACE000657420626F7468204944454E5449545934
:10ACF0002026204E52504100556E61626C652074D2
:10AD00006F20736574206964656E7469747920615D
:10AD100064647265737300556E61626C6520746F54
:10AD2000207365742072616E646F6D20616464725B
:10AD30006573730062745F696400546F6F206269A9
:10AD400067206164766572746973696E67206461F7
:10AD50007461004661696C656420746F207374616E
:10AD600072742061647665727469736572004661FD
:10AD7000696C656420746F2073746F7020616476F1
:10AD80006572746973696E673A2025640062745F46
:10AD9000616476004661696C656420726561642057
:10ADA00072656D6F74652066656174757265732078
:10ADB00028256429005048592030782530327820E1
:10ADC0006E6F7420737570706F7274656400556E69
:10ADD0006578706563746564206669727374204C6D
:10ADE00032434150206672616D6500556E65787022
:10ADF0006563746564204C3243415020636F6E7408
:10AE0000696E756174696F6E004E6F7420656E6F48
:10AE10007567682062756666657220737061636528
:10AE200020666F72204C324341502064617461008F
:10AE3000556E65787065637465642041434C206687
:10AE40006C616773202830782530327829004143BF
:10AE50004C206C656E206D69736D61746368202889
:10AE60002575203E202575290028756E6B6E6F773D
:10AE70006E29006E6F207472616E736974696F6EF3
:10AE800020257300496E76616C6964202825752938
:10AE9000206F6C6420737461746500636F6E6E2044
:10AEA0002570206661696C656420746F2065737419
:10AEB00061626C6973682E205246206E6F697365FB
:10AEC0003F006E6F2076616C69642028257529200B
:10AED0007374617465207761732073657400696EA3
:10AEE000636F6D70617469626C652068616E646C1B
:10AEF000652025750054696D656F757420646973EC
:10AF00006361726465642E204E6F20626C6F636BA8
:10AF1000696E6720696E2073797377712E004661C0
:10AF200074616C206572726F7220282564292E204E
:10AF3000446973636F6E6E656374696E6720257014
:10AF400000466F756E642076616C696420636F6E75
:10AF50006E656374696F6E20282570292077697487
:10AF600068206164647265737320257320696E20A4
:10AF70002573207374617465200053656E64204CE2
:10AF80004520706172616D20757064617465206622
:10AF900061696C65642028657272202564290053FC
:10AFA000656E64206175746F204C4520706172611C
:10AFB0006D20757064617465206661696C656420DC
:10AFC000286572722025642900646973636F6E6E50
:10AFD000656374656400646973636F6E6E65637442
:10AFE0002D636F6D706C657465007363616E2D62A7
:10AFF00065666F72652D696E6974696174696E67E3
:10B0000000696E6974696174696E672D66696C7434
:10B0100065722D6C697374006164762D636F6E6E5A
:10B0200065637461626C65006164762D6469722D7C
:10B03000636F6E6E65637461626C650064697363EF
:10B040006F6E6E656374696E670062745F636F6EC6
:10B050006E00556E61626C6520746F20616C6C6F60
:10B06000636174652062756666657220666F722022
:10B070006F7020307825303278004E6F2061766115
:10B08000696C61626C65204C3243415020636F6E85
:10B090007465787420666F7220636F6E6E20257001
:10B0A00000457870656374696E6720757020746FF1
:10B0B00020256420726566732C20676F74202564D8
:10B0C00000616C72656164792068617665207669DB
:10B0D0006577206F6E202570004C32434150206C04
:10B0E000656E677468206D69736D6174636820288C
:10B0F000257520213D2025752900496E76616C69F2
:10B1000064206964656E742076616C756520696E73
:10B11000204C324341502050445500496E76616CBA
:10B120006964204C4520636F6E6E20706172616DA2
:10B13000207273702073697A652028257520213D5F
:10B1400020257A75290052656A656374696E6720E7
:10B15000756E6B6E6F776E204C32434150205044B9
:10B160005520636F64652030782530327800546F45
:10B170006F20736D616C6C204C32434150207369B9
:10B18000676E616C696E672050445500546F6F2084
:10B19000736D616C6C204C324341502050445520FB
:10B1A00072656365697665640049676E6F72696E82
:10B1B00067206461746120666F7220756E6B6E6FBC
:10B1C000776E206368616E6E656C2049442030782C
:10B1D0002530347800636F6E6669670062745F6C57
:10B1E0003263617000415454206368616E6E656C17
:10B1F000206E6F7420636F6E6E65637465640045C6
:10B2000072726F72207369676E696E672064617411
:10B21000610052616E206F7574206F662054582053
:10B2200062756666657273206F7220636F6E7465F7
:10B230007874732E004661696C656420746F2073A6
:10B2400075626D6974206174745F74785F6465738E
:10B2500074726F795F776F726B3A20256400556E58
:10B2600061626C6520746F2063726561746520652E
:10B270007272207273702050445500415454204D16
:10B2800054552065786365656465642C206D61782C
:10B290002025752C2077616E74656420257A7500F1
:10B2A000556E61626C6520746F20637265617465B0
:10B2B000207273702050445500546F6F20736D617D
:10B2C0006C6C20415454205044552072656365696C
:10B2D00076656400556E68616E646C6564204154E7
:10B2E0005420636F64652030782530327800496ED1
:10B2F00076616C6964206C656E20257520666F72BE
:10B3000020636F64652030782530327800556E6197
:10B31000626C6520746F2063726561746520555599
:10B3200049443A2073697A6520257500556E61623B
:10B330006C6520746F206372656174652055554992
:10B34000443A2073697A65202564004E6F20617647
:10B3500061696C61626C652041545420636F6E7446
:10B3600065787420666F7220636F6E6E20257000A2
:10B370004E6F20617661696C61626C652041545446
:10B38000206368616E6E656C20666F7220636F6EFD
:10B390006E202570004E6F7420636F6E6E6563744F
:10B3A000656400556E61626C6520746F2066696E1D
:10B3B0006420415454206368616E6E656C00476F71
:10B3C00074206572722025642C206E6F7420636176
:10B3D0006C6C696E67204154542063620046616959
:10B3E0006C656420746F2072652D7375626D69746D
:10B3F0002025733A202564004E6F20415454206369
:10B4000068616E6E656C20666F72204D5455202504
:10B410007A75004E6F2070656E64696E67204154C6
:10B4200054207265717565737400446973636F6E3F
:10B430006E656374696E67206661696C6564202857
:10B4400065727220256429004154542054696D6549
:10B450006F757420666F7220646576696365202558
:10B46000732E20446973636F6E6E656374696E67D3
:10B470002E2E2E0062745F61747400756E61626CB2
:10B480006520746F20736176652053433A206E6F98
:10B4900020636667206C656674004E6F2073706170
:10B4A000636520746F2073746F726520434343207B
:10B4B0006366670052656164206D6574686F64201F
:10B4C0006E6F7420736574004661696C65642074E6
:10B4D0006F2072656164206174747269627574654D
:10B4E000202570202865727220257A642900496E13
:10B4F00076616C69642072656164206C656E677446
:10B50000683A20257A6400434343202570206E6FFB
:10B5100074207772697461626C65005343207265B0
:10B5200073746F726520696E6469636174696F6EAC
:10B53000206661696C65640062745F6761747400A1
:10B540004E6F20617661696C61626C6520534D506D
:10B5500020636F6E7465787420666F7220636F6EFF
:10B560006E2025700062745F736D70007265737574
:10B570006D650053707572696F7573202573206552
:10B5800076656E74006570203078253032782061E1
:10B590006C726561647920656E61626C65640045FA
:10B5A0006E64706F696E7420307825303278207642
:10B5B000616C69646174696F6E206661696C656451
:10B5C0000065702030782530327820616C726561BA
:10B5D00064792064697361626C6564006570203011
:10B5E0007825303278206973206E6F742068616C22
:10B5F0007465647C64697361626C6564004661694A
:10B600006C656420746F20616C6C6F63617465207D
:10B610006E65745F62756620257A642C20657020E3
:10B62000307825303278007564630073687574640F
:10B630006F776E00496E697469616C697A65640040
:10B64000556E6B6E6F776E20706F776572206576C2
:10B65000656E7420256400507265696E69740075AA
:10B6600064635F6E726678004661696C656420741D
:10B670006F20726567697374657220656E64706FA0
:10B68000696E740053555350454E44207374617471
:10B690006520646574656374656400524553554D57
:10B6A000494E472066726F6D2073757370656E64C6
:10B6B0000052656D6F74652077616B6575702069E8
:10B6C0006E69746961746564006570203078253036
:10B6D000327820717565756520697320656D7074A9
:10B6E0007900657020307825303278206F6B2C20FF
:10B6F000717565756520697320656D707479004694
:10B7000061696C656420746F2064697361626C6543
:10B7100020636F6E74726F6C20656E64706F696EFB
:10B7200074004661696C656420746F2073746F7077
:10B73000204846584F2025640052657365740062A6
:10B74000756666657220746F6F20736D616C6C3AFC
:10B7500020723A2025752C206C3A20257500466110
:10B76000696C656420746F20656E61626C6520632E
:10B770006F6E74726F6C20656E64706F696E7400AA
:10B780004661696C656420746F2073746172742003
:10B790004846584F20256400757362644034303049
:10B7A0003237303030007564635F6E7266006E72DF
:10B7B000665F757362645F636F6D6D6F6E00636C5F
:10B7C0006F636B4034303030303030300068666347
:10B7D0006C6B006C66636C6B00636C6F636B5F63B8
:10B7E0006F6E74726F6C0072616E646F6D40343096
:10B7F0003030643030300063727970746F403530AF
:10B80000303261303030006770696F403530303031
:10B8100030333030006770696F4035303030303051
:10B820003030004661696C656420746F20616C6C17
:10B830006F6361746520505049204368616E6E6586
:10B840006C0075617274403430303032303030000A
:10B85000756172745F6E7266785F7561727465008F
:10B86000536F667444657669636520436F6E7472C6
:10B870006F6C6C6572204153534552543A202573C6
:10B880002C20256400536F667444657669636520D7
:10B89000436F6E74726F6C6C6572206275696C6454
:10B8A000207265766973696F6E3A2000456E747216
:10B8B0006F707920736F7572636520646576696354
:10B8C00065206E6F74207265616479004661696CF1
:10B8D000656420746F207265676973746572207285
:10B8E000616E6420736F757263652028256429007A
:10B8F000416C6C6F6361746564206D656D6F727906
:10B9000020746F6F206C6F773A20257A75203C2069
:10B910002575004576656E742062756666657220D1
:10B92000746F6F20736D616C6C2E20257A75203ECC
:10B9300020257500556E6578706563746564206DAB
:10B9400073675F747970653A2025752E2054686995
:10B95000732069662D656C7365206E656564732060
:10B9600061206E6577206272616E636800556E6B50
:10B970006E6F776E206572726F72207768656E20C9
:10B9800070726F63657373696E6720686369206D99
:10B990006573736167652025640062745F6863691D
:10B9A0005F7364630062745F7364635F6863695F9D
:10B9B0006472697665720062745F7364635F637258
:10B9C0007970746F004D50534C204153534552547D
:10B9D0003A2025732C202564004D50534C20576F7E
:10B9E000726B006D70736C5F696E697400556E7375
:10B9F0007570706F72746564204846434C4B2065C7
:10BA000076656E743A202564006E7266785F636CAA
:10BA10006F636B5F6D70736C0048616C74696E6707
:10BA20002073797374656D00556E6B6E6F776E2041
:10BA30006572726F72003E3E3E205A455048595220
:10BA400020464154414C204552524F522025643AE1
:10BA5000202573206F6E20435055202564004661D9
:10BA6000756C7420647572696E6720696E74657296
:10BA7000727570742068616E646C696E670A004349
:10BA8000757272656E74207468726561643A2025FF
:10BA90007020282573290043505520657863657010
:10BAA00074696F6E00556E68616E646C65642069C0
:10BAB0006E7465727275707400537461636B206F7D
:10BAC000766572666C6F77004B65726E656C206F81
:10BAD0006F7073004B65726E656C2070616E696388
:10BAE000006D61696E006F7300737973776F726BAD
:10BAF0007100C8DA3098F9F034A44B6EBAD3081943
:10BB0000CC0CEA51DA4700286E756C6C29002A6665
:10BB10006C6F61742A0002605F4E3D2A1C6D8B3E83
:10BB20004F4C9B0200A7F102605F4E3D2A1C6D8BBB
:10BB30003E4F4C9B0100A7F1206D657373616765F3
:10BB4000732064726F70706564202D2D2D0D0A1B9B
:10BB50005B306D001B5B313B33316D2D2D2D200093
:10BB6000465320436F6E66696775726174696F6EC4
:10BB7000004344432041434D2073657269616C204A
:10BB80006261636B656E64005A65706879722050FB
:10BB9000726F6A656374003031323334353637384A
:10BBA000394142434445460000FFFFFFFFFFFF00CD
:10BBB000000000000000FFFFFFFFFFFF000000008B
:10BBC00000003031323334353637383961626364DE
:10BBD0006566000000000000001000800000805F2B
:10BBE0009B34FB0104000200000002000000000082
:10BBF0000000050000000000000000000000000040
:10BC00000000056174745F74785F64657374726FAB
:10BC1000795F776F726B5F68616E646C657200004C
:10BC20000102030405060700203030303030303088
:0CBC3000303030303030300001000000B7
:10BC3C00FFFFFFFFFF1F00001F00000000000000BF
:10BC4C001D40000000000000FFFFFFFF1FFF000071
:10BC5C00BAABBABA101010100000000000800040FF
:10BC6C0000000000000000000C00000000000000BC
:10BC7C0000FF7F0000000000A7120300000000007E
:10BC8C00DB12030000000000D18B0200000000005A
:10BC9C00FB12030000000000B912030000000000BA
:10BCAC0088D40200FF0000005404030001000000CF
:10BCBC0000000000056A0300000000000001000005
:10BCCC000000000000000000000000000000000068
:10BCDC000000000000000000000000000000000058
:10BCEC00148D040000C201000000080000000000D8
:10BCFC000000000000000000000000000000000038
:10BD0C000000000000000000000000000000000027
:10BD1C000000000048040020000000003404002053
:10BD2C000000000000000000000000000000000007
:10BD3C0000000000000000000000000000000000F7
:10BD4C0000000000000000000000000000000000E7
:10BD5C0000000000000000000000000000000000D7
:10BD6C000000000000000000000000003C0100206A
:10BD7C003C01002000000000010000000000000059
:10BD8C0000000000000000000000000000000000A7
:10BD9C000000000000000000000000000000000097
:10BDAC000000000000000000000000000000000087
:10BDBC000000000000000000000000000000000077
:10BDCC000000000000000000000000000000000067
:10BDDC000000000000000000000000000000000057
:10BDEC000000000000000000000000000000000047
:10BDFC000000000000000000000000000000000037
:10BE0C000000000000000000000000000000000026
:10BE1C000000000000000000000000000000000016
:10BE2C000000000000000000000000000000000006
:10BE3C0000000000000000000000000000000000F6
:10BE4C000000000000000000098303000000000057
:10BE5C0000000000000000000000000000000000D6
:10BE6C0000000000000000000000000000000000C6
:10BE7C0000000000000000000000000000000000B6
:10BE8C0000000000000000000000000000000000A6
:10BE9C000000000000000000000000000000000096
:10BEAC000000000000000000000000000000000086
:10BEBC000000000000000000000000000000000076
:10BECC00000000000000000000000000848D040051
:10BEDC00000000000000000000000000D934030046
:10BEEC00000000000000000016BB04000000100061
:10BEFC004D370400ED3F04005C940400000000008A
:10BF0C0000000000F5060020E40200200000000004
:10BF1C000000000000000000000000000004010010
:10BF2C000000000060BB04002203000000000000C1
:10BF3C0000000000000303000000000000000000EF
:10BF4C0000030000000000000000000000020100DF
:10BF5C000000000071BB04002E0300000000000074
:10BF6C0000000000000101000000000088BB04007C
:10BF7C001E03000000000000000000000000000094
:10BF8C0000000000789A0400040300007E9A04006C
:10BF9C00000002008A9A040000000200969A040035
:10BFAC0000000200500800203A0000006408002045
:10BFBC003A000000280800203A0000007808002011
:10BFCC003A00000000000000C9430400000000001B
:10BFDC0000000000006000400000000000000000B5
:10BFEC000000000000000000000000000000000045
:10BFFC000000000000000000000000000000000035
:10C00C000000000000000000000000000000000024
:10C01C000000000000000000000000000000000014
:10C02C000000000000000000000000000000000004
:10C03C0000000000000000000000000000000000F4
:10C04C0000000000000000000000000000000000E4
:10C05C0000000000000000000000000000000000D4
:10C06C0000000000207A002000000000000000000A
:10C07C000000000000040000207E002000000000F2
:10C08C00000000000000000000040000D49D04002B
:10C09C00000000009C04002000000000148D04002F
:10C0AC001007002018070020210700202607002079
:10C0BC002B0700202F070020340700203B0700200F
:10C0CC00440700204B07002052070020000000000E
:10C0DC001F530400F96A0300596B030099550400BF
:10C0EC00C1530400C7540400000000008158040030
:10C0FC00AF54040049540400000000002153040014
:10C10C000000000065850300000000000000000036
:10C11C00000000003D730300000000000000000060
:10C12C0000000000E5950300000000000000000086
:10C13C0000000000A59003000000000000000000BB
:10C14C00E5A40300F5B303000000000000000000AC
:10C15C0000000000A1A603001D660400E7660400B1
:10C16C00C5A403000000000000000000F9B00300AB
:10C17C000000000000000000AE9A04000000200047
:10C18C0000000000000000000000000000000000A3
:10C19C009768040000000000000000000000000090
:10C1AC000000000000000000000000000000000083
:10C1BC000000000000000000000000000000000073
:10C1CC000000000000000000000000000000000063
:10C1DC000000000000000000000000000000000053
:10C1EC000000000000000000000000000000000043
:10C1FC000000000000000000000000000000000033
:10C20C000000000000000000000000000000000022
:10C21C00000000000000000000000000EC05002001
:10C22C00EC05002000000000000000000E000000E3
:10C23C0000000000000000000000000000000000F2
:10C24C000000000000000000000000002C06002090
:10C25C0000000000000000000000000000000000D2
:10C26C000000000023380020200000000000000027
:10C27C000090D003FF000000900200004C0600204C
:10C28C004C0600200000000025120400B00600201F
:10C29C00A8060020A0060020000000009806002040
:10C2AC007D170400C9160400FD1604004517040090
:10C2BC008806002090060020743500203A00003AD1
:10C2CC00783500203A00003A7C3500203A00003ADC
:10C2DC00803500203A00003A843500203A00003ABC
:10C2EC00883500203A00003A35030000CB000000EE
:10C2FC0051000000A035002080060020840600209C
:10C30C00D80600206C060020640600206006002081
:10C31C005C060020605F4E3D2A1C6D8B3E4F4C9B93
:10C32C000100A7F10609020000000100807D120146
:10C33C000002EF020140E32F04000404000000009F
:10C34C00080B0002020200000904000001020200B6
:10C35C00000524001001052401000104240202053B
:10C36C00240600010705810310000A0904010002DC
:10C37C000A00000007058202400000070501024088
:04C38C0000000000AD
:10C39000000000000000000000000000000000009D
:04C3A0000000000099
:10C3A4000000000000000000000000000000000089
:10C3B4000000000000000000000000000000000079
:10C3C4000000000000000000000000000000000069
:08C3D400000000000000000061
:04C3DC00000000005D
:10C3E000A4070020A40700208C7300200000000098
:10C3F000010000002400000000000000C007002031
:10C40000C0070020C06800200000000001000000FC
:10C41000A000000000000000DC070020DC07002076
:10C42000B0730020000000000300000010000000B6
:10C4300000000000F8070020F8070020D86900205D
:10C4400000000000080000001000000000000000D4
:10C4500000000000E0730020000400000000000065
:04C4600000000000D8
:10C464002808002028080020000000000000000028
:10C474000E0000003C0800203C08002000000000E2
:10C48400000000000E0000005008002050080020AA
:10C4940000000000000000000E00000064080020FE
:10C4A4006408002000000000000000000E000000EE
:10C4B4007808002078080020000000000000000038
:04C4C4000E00000066
:10C4C8008C0800208C0800200C0000000A000000E6
:10C4D80060690020D8690020606900206069002038
:08C4E80000000000000000004C
:10C4F000B4080020B4080020010000000100000082
:10C50000C4080020C4080020000000000100000052
:10C51000D4080020D408002000000000FFFFFFFF27
:0CC52000E4080020E408002000000000F7
:10C52C000000000000000000F8080020F8080020BF
:08C53C000009002000090020A5
:10C544000000000000000000100900201009002075
:10C55400030003001000000000000000E89604003F
:10C5640034720020000000000000000034090020A4
:10C5740034090020030003001000000061A403003C
:10C5840084970400147300200000000000000000E1
:10C59400580900205809002003000300000000008F
:10C5A40000000000A8950400886F0020000000002F
:10C5B400000000007C0900207C090020010001002B
:10C5C4001000000059900300D4960400AC710020C0
:10C5D4000000000000000000A0090020A0090020C5
:10C5E4000200020000000000000000009C9604000D
:10C5F4007C7100200000000000000000C40900203D
:10C60400C40900200C000C0004000000A16D03000C
:10C6140094950400AC6D00200000000000000000B0
:10C62400E8090020E80900200100010000000000E2
:10C6340000000000BC950400D4700020000000003D
:10C64400000000000C0A00200C0A0020100010005A
:10C654000A0000003B6B040010980400E0770020FF
:10C66400DE9D040000000000000000000000000047
:10C674000000000000000000A08D04000000000085
:10C6840000000000000000000000000000000000A6
:10C694000000000000000000000000000000000096
:10C6A4000000000000000000000000000000000086
:10C6B4000000000000000000000000000000000076
:10C6C4000000000000000000000000000000000066
:0CC6D400FE060020000000000000000036
:10C6E000000000005C0400200000000000000000CA
:08C6F000000000000000000042
:04C6F80015E015E054
:040000033000540D68
:00000001FF
